Timestamp_Sistema,Posizione_X,Posizione_Y,Velocita_Lineare,Velocita_Angolare,Ostacolo_Piu_Vicino_Lidar(m),Stato_Telecamera,Eventi_Chiavi,Esplorazione_Completata(%)
08:52:01.774,0.000,0.000,0.000,0.000,0.000,N/A,,0.00
08:52:02.274,0.000,0.000,0.000,0.000,0.000,N/A,,0.00
08:52:02.774,0.000,0.000,0.000,0.000,0.000,N/A,,0.00
08:52:03.274,0.000,0.000,0.000,0.000,0.000,N/A,,0.00
08:52:03.774,0.000,0.000,0.000,0.000,0.000,N/A,,0.00
08:52:04.274,0.000,0.000,0.000,0.000,0.000,N/A,,0.00
08:52:04.774,0.000,-0.000,0.000,0.000,1.202,Frame_0,,0.00
08:52:05.274,0.000,-0.000,0.000,0.000,1.198,Frame_0,,0.00
08:52:05.774,0.000,-0.000,0.000,0.000,1.198,Frame_0,,0.00
08:52:06.282,0.000,-0.000,0.000,0.000,1.202,Frame_1,,0.00
08:52:06.774,0.000,0.000,0.000,0.000,1.192,Frame_1,,0.00
08:52:07.274,0.000,0.000,0.000,0.000,1.187,Frame_1,,0.00
08:52:07.774,0.000,0.000,0.000,0.000,1.194,Frame_1,,0.00
08:52:08.274,0.000,0.000,0.000,0.000,1.203,Frame_2,,0.00
08:52:08.774,0.000,0.000,0.000,0.000,1.192,Frame_2,,0.00
08:52:09.274,0.000,0.000,0.000,0.000,1.200,Frame_2,,0.00
08:52:09.774,0.000,0.000,0.000,0.000,1.202,Frame_3,,0.00
08:52:10.274,0.000,0.000,0.000,0.000,1.201,Frame_3,,0.00
08:52:10.774,0.000,0.000,0.000,0.000,1.194,Frame_3,,0.00
08:52:11.274,0.000,0.000,0.000,0.000,1.191,Frame_3,,0.00
08:52:11.774,0.000,0.000,0.000,0.000,1.185,Frame_4,,0.00
08:52:12.274,0.000,0.000,0.000,0.000,1.190,Frame_4,,1.02
08:52:12.774,0.000,0.000,0.000,0.000,1.184,Frame_4,,1.02
08:52:13.274,0.000,0.000,0.000,0.000,1.203,Frame_4,,1.02
08:52:13.774,0.000,0.000,0.000,0.000,1.206,Frame_5,,1.02
08:52:14.274,0.000,0.000,0.000,0.000,1.192,Frame_5,,1.02
08:52:14.774,0.000,0.000,0.000,0.000,1.176,Frame_5,,1.02
08:52:15.274,0.000,0.000,0.000,0.000,1.179,Frame_6,,1.02
08:52:15.774,0.000,0.000,0.000,0.000,1.192,Frame_6,,1.02
08:52:16.274,0.000,0.000,0.000,0.000,1.192,Frame_6,,1.02
08:52:16.774,-0.015,-0.000,-0.142,0.191,1.199,Frame_6,,1.02
08:52:17.274,-0.047,-0.002,-0.156,0.310,1.202,Frame_7,,1.02
08:52:17.774,-0.076,-0.005,-0.130,0.361,1.247,Frame_7,,1.02
08:52:18.274,-0.093,-0.008,-0.085,0.431,1.277,Frame_7,,1.02
08:52:18.774,-0.109,-0.012,-0.062,0.504,1.302,Frame_7,,1.02
08:52:19.274,-0.118,-0.015,-0.021,0.563,1.308,Frame_7,,1.02
08:52:19.774,-0.118,-0.015,0.014,0.621,1.305,Frame_7,,1.02
08:52:20.274,-0.114,-0.012,0.053,0.661,1.300,Frame_8,,1.02
08:52:20.774,-0.103,-0.003,0.055,0.681,1.298,Frame_8,,1.02
08:52:21.274,-0.098,0.003,0.018,0.718,1.307,Frame_8,,1.02
08:52:21.775,-0.095,0.006,0.026,0.750,1.287,Frame_8,,1.02
08:52:22.276,-0.093,0.012,0.038,0.779,1.277,Frame_8,,1.02
08:52:22.774,-0.090,0.021,0.064,0.811,1.287,Frame_9,,1.02
08:52:23.274,-0.088,0.039,0.122,0.789,1.249,Frame_9,,1.02
08:52:23.774,-0.088,0.067,0.171,0.751,1.238,Frame_9,,1.02
08:52:24.274,-0.095,0.107,0.252,0.673,1.208,Frame_9,,1.02
08:52:24.774,-0.112,0.160,0.314,0.573,1.189,Frame_9,,1.02
08:52:25.274,-0.136,0.213,0.348,0.486,1.154,Frame_10,,1.02
08:52:25.774,-0.171,0.276,0.373,0.314,1.134,Frame_10,,1.02
08:52:26.274,-0.212,0.339,0.370,0.217,1.105,Frame_10,,1.02
08:52:26.774,-0.246,0.388,0.373,0.045,1.124,Frame_10,,1.02
08:52:27.274,-0.286,0.443,0.375,-0.060,1.121,Frame_10,,1.02
08:52:27.774,-0.330,0.506,0.396,-0.122,1.111,Frame_11,,1.02
08:52:28.274,-0.371,0.567,0.410,-0.148,1.158,Frame_11,,1.02
08:52:28.775,-0.415,0.636,0.419,-0.183,1.176,Frame_11,,1.02
08:52:29.274,-0.457,0.709,0.421,-0.189,1.122,Frame_11,,1.02
08:52:29.778,-0.492,0.774,0.402,-0.186,1.098,Frame_11,,1.02
08:52:30.274,-0.524,0.839,0.395,-0.163,1.046,Frame_11,,1.02
08:52:30.774,-0.554,0.902,0.381,-0.127,1.015,Frame_12,,1.02
08:52:31.274,-0.582,0.968,0.337,-0.101,0.981,Frame_12,,1.02
08:52:31.774,-0.607,1.028,0.213,-0.141,0.959,Frame_12,,1.02
08:52:32.274,-0.615,1.050,0.068,-0.372,0.936,Frame_12,,2.57
08:52:32.774,-0.619,1.062,0.090,-0.554,0.931,Frame_12,,2.57
08:52:33.274,-0.625,1.095,0.189,-0.522,0.925,Frame_13,,2.57
08:52:33.779,-0.628,1.130,0.204,-0.490,0.923,Frame_13,,2.57
08:52:34.274,-0.628,1.181,0.283,-0.573,0.906,Frame_13,,2.57
08:52:34.774,-0.621,1.236,0.347,-0.704,0.896,Frame_13,,2.57
08:52:35.274,-0.605,1.303,0.329,-0.722,0.903,Frame_13,,2.57
08:52:35.774,-0.583,1.357,0.305,-0.713,0.918,Frame_14,,2.57
08:52:36.274,-0.556,1.406,0.249,-0.719,0.934,Frame_14,,2.57
08:52:36.774,-0.535,1.433,0.182,-0.707,0.957,Frame_14,,2.57
08:52:37.274,-0.533,1.436,-0.118,-0.701,0.965,Frame_14,,3.66
08:52:37.774,-0.548,1.424,-0.047,-0.782,0.952,Frame_14,,3.66
08:52:38.274,-0.552,1.421,-0.015,-0.827,0.936,Frame_15,,3.66
08:52:38.774,-0.554,1.421,0.007,-0.926,0.930,Frame_15,,3.66
08:52:39.274,-0.552,1.421,0.031,-0.999,0.927,Frame_15,,3.66
08:52:39.774,-0.544,1.421,0.048,-1.036,0.931,Frame_15,,3.66
08:52:40.274,-0.530,1.419,0.114,-1.014,0.945,Frame_15,,3.66
08:52:40.774,-0.506,1.410,0.270,-0.968,0.952,Frame_15,,3.66
08:52:41.276,-0.452,1.378,0.414,-0.867,1.009,Frame_16,,3.66
08:52:41.774,-0.387,1.324,0.526,-0.743,1.076,Frame_16,,3.66
08:52:42.274,-0.327,1.259,0.586,-0.601,1.109,Frame_16,,3.66
08:52:42.774,-0.261,1.174,0.609,-0.470,1.108,Frame_16,,3.66
08:52:43.274,-0.203,1.081,0.613,-0.332,1.017,Frame_16,,3.66
08:52:43.774,-0.149,0.984,0.618,-0.270,0.947,Frame_17,,3.66
08:52:44.274,-0.102,0.886,0.603,-0.227,0.886,Frame_17,,3.66
08:52:44.774,-0.058,0.785,0.609,-0.158,0.819,Frame_17,,3.66
08:52:45.274,-0.017,0.683,0.612,-0.082,0.797,Frame_17,,3.66
08:52:45.774,0.026,0.570,0.598,-0.030,0.775,Frame_17,,3.66
08:52:46.274,0.064,0.469,0.586,-0.004,0.763,Frame_17,,3.66
08:52:46.774,0.104,0.359,0.584,0.029,0.778,Frame_18,,3.66
08:52:47.274,0.141,0.262,0.574,0.060,0.804,Frame_18,,4.33
08:52:47.774,0.183,0.153,0.590,0.043,0.844,Frame_18,,4.33
08:52:48.274,0.222,0.055,0.581,0.018,0.896,Frame_18,,4.33
08:52:48.774,0.261,-0.041,0.563,0.029,0.947,Frame_18,,4.33
08:52:49.274,0.294,-0.124,0.565,-0.023,0.996,Frame_19,,4.33
08:52:49.775,0.337,-0.230,0.564,-0.028,1.061,Frame_19,,4.33
08:52:50.274,0.379,-0.334,0.563,-0.069,1.151,Frame_19,,4.33
08:52:50.774,0.411,-0.416,0.553,-0.066,1.132,Frame_19,,4.33
08:52:51.274,0.442,-0.499,0.545,-0.063,1.113,Frame_19,,4.33
08:52:51.775,0.475,-0.589,0.508,-0.048,1.064,Frame_19,,4.33
08:52:52.274,0.508,-0.683,0.478,-0.024,1.038,Frame_20,,4.63
08:52:52.774,0.536,-0.761,0.441,-0.015,0.990,Frame_20,,4.63
08:52:53.274,0.563,-0.839,0.377,0.072,0.972,Frame_20,,4.63
08:52:53.774,0.588,-0.908,0.373,0.274,0.933,Frame_20,,4.63
08:52:54.274,0.614,-0.970,0.373,0.501,0.930,Frame_20,,4.63
08:52:54.774,0.641,-1.022,0.355,0.568,0.900,Frame_21,,4.63
08:52:55.274,0.675,-1.074,0.319,0.591,0.893,Frame_21,,4.63
08:52:55.774,0.713,-1.120,0.262,0.585,0.857,Frame_21,,4.63
08:52:56.274,0.744,-1.151,0.218,0.574,0.819,Frame_21,,4.63
08:52:56.774,0.763,-1.166,0.164,0.548,0.796,Frame_21,,4.63
08:52:57.274,0.787,-1.183,0.110,0.519,0.790,Frame_21,,4.96
08:52:57.774,0.784,-1.182,-0.086,0.604,0.774,Frame_22,,4.96
08:52:58.275,0.776,-1.178,-0.019,0.768,0.789,Frame_22,,4.96
08:52:58.774,0.772,-1.177,-0.007,0.912,0.799,Frame_22,,4.96
08:52:59.274,0.772,-1.177,0.013,1.008,0.795,Frame_22,,4.96
08:52:59.774,0.777,-1.177,0.048,1.045,0.796,Frame_22,,4.96
08:53:00.279,0.787,-1.174,0.109,1.070,0.791,Frame_23,,4.96
08:53:00.774,0.810,-1.161,0.232,1.061,0.771,Frame_23,,4.96
08:53:01.274,0.850,-1.129,0.423,0.949,0.739,Frame_23,,4.96
08:53:01.774,0.911,-1.058,0.560,0.742,0.669,Frame_23,,4.96
08:53:02.274,0.961,-0.982,0.563,0.645,0.636,Frame_23,,4.96
08:53:02.774,1.010,-0.884,0.542,0.543,0.569,Frame_23,,4.96
08:53:03.274,1.045,-0.792,0.550,0.442,0.509,Frame_24,,4.96
08:53:03.774,1.075,-0.685,0.552,0.341,0.470,Frame_24,,4.96
08:53:04.274,1.096,-0.589,0.536,0.275,0.429,Frame_24,,4.96
08:53:04.774,1.111,-0.493,0.543,0.238,0.412,Frame_24,,4.96
08:53:05.274,1.120,-0.417,0.526,0.206,0.411,Frame_24,,4.96
08:53:05.774,1.129,-0.310,0.544,0.137,0.398,Frame_25,,4.96
08:53:06.274,1.135,-0.201,0.556,0.083,0.380,Frame_25,,4.96
08:53:06.774,1.140,-0.090,0.567,0.081,0.375,Frame_25,,4.96
08:53:07.274,1.142,0.022,0.556,0.055,0.368,Frame_25,,5.15
08:53:07.774,1.143,0.141,0.542,0.023,0.363,Frame_25,,5.15
08:53:08.274,1.143,0.268,0.532,0.008,0.364,Frame_26,,5.15
08:53:08.779,1.143,0.408,0.542,0.008,0.356,Frame_26,,5.15
08:53:09.274,1.142,0.515,0.538,-0.003,0.363,Frame_26,,5.15
08:53:09.774,1.142,0.643,0.529,-0.010,0.360,Frame_26,,5.15
08:53:10.274,1.142,0.761,0.535,0.007,0.367,Frame_27,,5.15
08:53:10.774,1.141,0.879,0.530,0.007,0.341,Frame_27,,5.15
08:53:11.274,1.141,0.997,0.541,0.002,0.323,Frame_27,,5.15
08:53:11.774,1.141,1.115,0.539,0.023,0.324,Frame_27,,5.15
08:53:12.274,1.140,1.233,0.525,0.017,0.312,Frame_27,,5.15
08:53:12.774,1.139,1.360,0.543,0.072,0.345,Frame_28,,5.15
08:53:13.274,1.137,1.468,0.534,0.092,0.358,Frame_28,,5.15
08:53:13.774,1.133,1.574,0.477,0.192,0.367,Frame_28,,5.15
08:53:14.274,1.128,1.639,0.280,0.545,0.364,Frame_28,,5.15
08:53:14.774,1.120,1.685,0.313,0.578,0.360,Frame_28,,5.15
08:53:15.274,1.104,1.748,0.400,0.351,0.372,Frame_29,,5.15
08:53:15.774,1.081,1.818,0.408,0.300,0.391,Frame_29,,5.15
08:53:16.276,1.063,1.863,0.385,0.243,0.407,Frame_29,,5.15
08:53:16.774,1.037,1.924,0.347,0.194,0.418,Frame_29,,5.15
08:53:17.274,1.008,1.987,0.346,0.170,0.445,Frame_29,,5.36
08:53:17.774,0.979,2.042,0.345,0.097,0.471,Frame_29,,5.36
08:53:18.274,0.956,2.086,0.366,-0.029,0.481,Frame_30,,5.36
08:53:18.776,0.924,2.145,0.369,0.058,0.507,Frame_30,,5.36
08:53:19.274,0.897,2.196,0.344,0.054,0.547,Frame_30,,5.36
08:53:19.774,0.870,2.244,0.326,0.033,0.558,Frame_30,,5.36
08:53:20.274,0.845,2.289,0.329,-0.037,0.592,Frame_30,,5.36
08:53:20.774,0.820,2.334,0.314,-0.069,0.625,Frame_30,,5.36
08:53:21.274,0.797,2.377,0.295,-0.100,0.634,Frame_31,,5.36
08:53:21.774,0.773,2.423,0.274,-0.117,0.660,Frame_31,,5.36
08:53:22.274,0.754,2.462,0.279,-0.336,0.684,Frame_31,,5.73
08:53:22.774,0.736,2.505,0.333,-0.722,0.709,Frame_31,,5.73
08:53:23.274,0.720,2.558,0.371,-0.860,0.721,Frame_31,,5.73
08:53:23.774,0.711,2.610,0.391,-0.923,0.731,Frame_31,,5.73
08:53:24.274,0.710,2.686,0.358,-0.906,0.714,Frame_32,,5.73
08:53:24.774,0.718,2.740,0.323,-0.884,0.696,Frame_32,,5.73
08:53:25.274,0.731,2.785,0.268,-0.850,0.710,Frame_32,,5.73
08:53:25.774,0.750,2.826,0.216,-0.803,0.720,Frame_32,,5.73
08:53:26.274,0.767,2.852,0.172,-0.757,0.732,Frame_32,,5.73
08:53:26.774,0.782,2.871,0.123,-0.696,0.723,Frame_32,,5.73
08:53:27.274,0.791,2.880,-0.093,-0.702,0.721,Frame_33,,5.73
08:53:27.774,0.781,2.873,-0.063,-0.766,0.726,Frame_33,,5.73
08:53:28.274,0.774,2.868,-0.042,-0.864,0.731,Frame_33,,5.73
08:53:28.774,0.769,2.866,-0.013,-0.988,0.723,Frame_33,,5.73
08:53:29.274,0.768,2.866,0.010,-1.059,0.712,Frame_33,,5.73
08:53:29.774,0.771,2.866,0.034,-1.108,0.718,Frame_33,,5.73
08:53:30.274,0.779,2.864,0.066,-1.121,0.715,Frame_34,,5.73
08:53:30.774,0.794,2.858,0.188,-1.099,0.714,Frame_34,,5.73
08:53:31.274,0.828,2.834,0.266,-1.121,0.704,Frame_34,,5.73
08:53:31.774,0.861,2.802,0.257,-1.094,0.650,Frame_34,,5.73
08:53:32.275,0.886,2.764,0.334,-0.949,0.609,Frame_34,,5.73
08:53:32.774,0.911,2.712,0.431,-0.763,0.581,Frame_34,,5.73
08:53:33.274,0.938,2.627,0.492,-0.549,0.535,Frame_35,,5.73
08:53:33.774,0.954,2.547,0.522,-0.423,0.520,Frame_35,,5.73
08:53:34.274,0.966,2.444,0.526,-0.281,0.488,Frame_35,,5.73
08:53:34.774,0.973,2.359,0.526,-0.078,0.483,Frame_35,,5.73
08:53:35.274,0.980,2.253,0.515,-0.012,0.477,Frame_35,,5.73
08:53:35.774,0.987,2.131,0.506,-0.001,0.469,Frame_36,,5.73
08:53:36.274,0.993,2.020,0.504,0.015,0.472,Frame_36,,5.73
08:53:36.774,0.999,1.930,0.493,-0.004,0.468,Frame_36,,5.73
08:53:37.274,1.006,1.823,0.489,0.002,0.460,Frame_36,,5.94
08:53:37.774,1.012,1.727,0.497,0.088,0.456,Frame_36,,5.94
08:53:38.274,1.017,1.658,0.502,0.077,0.447,Frame_37,,5.94
08:53:38.774,1.026,1.568,0.512,0.084,0.456,Frame_37,,5.94
08:53:39.278,1.033,1.495,0.531,0.058,0.445,Frame_37,,5.94
08:53:39.774,1.044,1.400,0.523,0.006,0.436,Frame_37,,5.94
08:53:40.274,1.055,1.306,0.530,-0.024,0.407,Frame_37,,5.94
08:53:40.774,1.066,1.210,0.546,-0.070,0.341,Frame_37,,5.94
08:53:41.274,1.075,1.122,0.562,-0.102,0.307,Frame_38,,5.94
08:53:41.774,1.083,1.034,0.538,-0.129,0.297,Frame_38,,5.94
08:53:42.274,1.090,0.925,0.557,-0.112,0.305,Frame_38,,5.97
08:53:42.774,1.095,0.814,0.552,-0.111,0.313,Frame_38,,5.97
08:53:43.274,1.097,0.705,0.535,-0.122,0.318,Frame_38,,5.97
08:53:43.774,1.097,0.597,0.560,-0.112,0.328,Frame_39,,5.97
08:53:44.274,1.094,0.485,0.548,-0.088,0.378,Frame_39,,5.97
08:53:44.776,1.090,0.398,0.549,-0.062,0.376,Frame_39,,5.97
08:53:45.274,1.086,0.309,0.553,-0.031,0.392,Frame_39,,5.97
08:53:45.774,1.080,0.210,0.558,0.002,0.393,Frame_39,,5.97
08:53:46.274,1.074,0.109,0.564,-0.011,0.402,Frame_39,,5.97
08:53:46.774,1.069,0.031,0.573,-0.069,0.408,Frame_40,,5.97
08:53:47.274,1.061,-0.070,0.553,-0.093,0.418,Frame_40,,5.98
08:53:47.774,1.053,-0.171,0.571,-0.073,0.433,Frame_40,,5.98
08:53:48.274,1.045,-0.250,0.551,-0.043,0.430,Frame_40,,5.98
08:53:48.774,1.034,-0.348,0.563,-0.011,0.442,Frame_40,,5.98
08:53:49.274,1.025,-0.425,0.541,-0.016,0.449,Frame_40,,5.98
08:53:49.774,1.016,-0.512,0.548,-0.052,0.470,Frame_41,,5.98
08:53:50.274,1.002,-0.618,0.541,-0.069,0.480,Frame_41,,5.98
08:53:50.774,0.991,-0.704,0.534,-0.142,0.493,Frame_41,,5.98
08:53:51.274,0.979,-0.778,0.534,-0.168,0.492,Frame_41,,5.98
08:53:51.774,0.960,-0.880,0.509,-0.158,0.522,Frame_41,,5.98
08:53:52.274,0.943,-0.959,0.504,-0.143,0.532,Frame_41,,6.13
08:53:52.774,0.927,-1.027,0.488,-0.115,0.550,Frame_42,,6.13
08:53:53.274,0.905,-1.111,0.475,-0.084,0.554,Frame_42,,6.13
08:53:53.774,0.883,-1.192,0.455,-0.081,0.585,Frame_42,,6.13
08:53:54.274,0.863,-1.260,0.427,-0.072,0.625,Frame_42,,6.13
08:53:54.774,0.842,-1.331,0.387,-0.072,0.635,Frame_42,,6.13
08:53:55.274,0.820,-1.397,0.381,-0.040,0.647,Frame_42,,6.13
08:53:55.774,0.800,-1.459,0.333,-0.031,0.688,Frame_43,,6.13
08:53:56.274,0.784,-1.510,0.356,0.383,0.692,Frame_43,,6.13
08:53:56.774,0.769,-1.567,0.381,0.623,0.717,Frame_43,,6.13
08:53:57.274,0.765,-1.589,-0.088,0.640,0.737,Frame_43,,6.13
08:53:57.774,0.767,-1.562,-0.233,0.519,0.735,Frame_43,,6.13
08:53:58.275,0.765,-1.520,-0.220,0.418,0.745,Frame_43,,6.13
08:53:58.774,0.761,-1.484,-0.228,0.407,0.755,Frame_44,,6.13
08:53:59.274,0.755,-1.448,-0.244,0.511,0.755,Frame_44,,6.13
08:53:59.774,0.744,-1.405,-0.240,0.594,0.769,Frame_44,,6.13
08:54:00.274,0.731,-1.369,-0.204,0.658,0.791,Frame_44,,6.13
08:54:00.774,0.716,-1.340,-0.187,0.737,0.796,Frame_44,,6.13
08:54:01.274,0.697,-1.312,-0.155,0.813,0.810,Frame_44,,6.13
08:54:01.774,0.683,-1.297,-0.104,0.879,0.805,Frame_45,,6.13
08:54:02.274,0.672,-1.288,-0.071,0.931,0.786,Frame_45,,6.13
08:54:02.774,0.663,-1.282,-0.045,0.985,0.766,Frame_45,,6.13
08:54:03.274,0.657,-1.279,-0.036,1.032,0.751,Frame_45,,6.13
08:54:03.774,0.652,-1.278,-0.023,1.056,0.740,Frame_45,,6.13
08:54:04.274,0.649,-1.278,-0.012,1.089,0.743,Frame_45,,6.13
08:54:04.774,0.648,-1.278,0.013,1.130,0.724,Frame_46,,6.13
08:54:05.285,0.651,-1.277,0.026,1.142,0.720,Frame_46,,6.13
08:54:05.774,0.655,-1.275,0.051,1.146,0.711,Frame_46,,6.13
08:54:06.274,0.662,-1.269,0.080,1.142,0.719,Frame_46,,6.13
08:54:06.780,0.674,-1.255,0.152,1.088,0.738,Frame_46,,6.13
08:54:07.274,0.687,-1.233,0.274,1.028,0.769,Frame_46,,6.13
08:54:07.774,0.707,-1.179,0.394,0.885,0.798,Frame_46,,6.13
08:54:08.275,0.717,-1.139,0.504,0.656,0.817,Frame_47,,6.13
08:54:08.774,0.731,-1.018,0.545,0.521,0.786,Frame_47,,6.13
08:54:09.274,0.732,-0.929,0.563,0.387,0.783,Frame_47,,6.13
08:54:09.779,0.725,-0.814,0.573,0.288,0.776,Frame_47,,6.13
08:54:10.274,0.713,-0.713,0.568,0.182,0.782,Frame_47,,6.13
08:54:10.774,0.702,-0.645,0.581,0.134,0.778,Frame_48,,6.13
08:54:11.280,0.682,-0.529,0.591,0.098,0.788,Frame_48,,6.13
08:54:11.774,0.667,-0.450,0.579,0.065,0.808,Frame_48,,6.13
08:54:12.274,0.649,-0.359,0.571,0.084,0.808,Frame_48,,6.32
08:54:12.774,0.625,-0.251,0.550,0.095,0.827,Frame_48,,6.32
08:54:13.274,0.604,-0.165,0.545,0.074,0.844,Frame_48,,6.32
08:54:13.774,0.583,-0.081,0.532,0.051,0.873,Frame_49,,6.32
08:54:14.274,0.559,0.012,0.545,0.038,0.883,Frame_49,,6.32
08:54:14.774,0.536,0.097,0.550,0.031,0.815,Frame_49,,6.32
08:54:15.274,0.513,0.181,0.542,0.020,0.776,Frame_49,,6.32
08:54:15.774,0.487,0.273,0.534,0.007,0.694,Frame_49,,6.32
08:54:16.274,0.462,0.365,0.531,-0.011,0.591,Frame_49,,6.32
08:54:16.774,0.439,0.446,0.511,-0.046,0.501,Frame_49,,6.32
08:54:17.274,0.417,0.526,0.523,-0.079,0.473,Frame_50,,6.34
08:54:17.774,0.397,0.606,0.522,-0.111,0.398,Frame_50,,6.34
08:54:18.274,0.377,0.688,0.527,-0.130,0.364,Frame_50,,6.34
08:54:18.774,0.357,0.780,0.520,-0.176,0.332,Frame_50,,6.34
08:54:19.274,0.340,0.872,0.528,-0.196,0.311,Frame_50,,6.34
08:54:19.774,0.330,0.935,0.529,-0.200,0.312,Frame_51,,6.34
08:54:20.274,0.317,1.041,0.539,-0.207,0.320,Frame_51,,6.34
08:54:20.774,0.308,1.151,0.552,-0.193,0.334,Frame_51,,6.34
08:54:21.274,0.304,1.262,0.559,-0.144,0.342,Frame_51,,6.34
08:54:21.777,0.302,1.396,0.549,-0.019,0.391,Frame_51,,6.34
08:54:22.274,0.302,1.495,0.556,-0.015,0.473,Frame_51,,6.40
08:54:22.774,0.302,1.596,0.570,-0.051,0.535,Frame_52,,6.40
08:54:23.274,0.303,1.709,0.560,-0.056,0.576,Frame_52,,6.40
08:54:23.774,0.305,1.821,0.555,-0.032,0.670,Frame_52,,6.40
08:54:24.274,0.307,1.887,0.543,-0.029,0.714,Frame_52,,6.40
08:54:24.774,0.310,1.984,0.536,-0.024,0.630,Frame_52,,6.40
08:54:25.275,0.313,2.072,0.548,-0.026,0.556,Frame_52,,6.40
08:54:25.774,0.316,2.147,0.534,-0.015,0.525,Frame_53,,6.40
08:54:26.275,0.320,2.243,0.529,-0.027,0.484,Frame_53,,6.40
08:54:26.774,0.323,2.316,0.512,0.073,0.442,Frame_53,,6.40
08:54:27.274,0.327,2.407,0.506,0.082,0.434,Frame_53,,6.51
08:54:27.774,0.329,2.487,0.495,0.072,0.412,Frame_53,,6.51
08:54:28.274,0.330,2.565,0.494,0.057,0.426,Frame_54,,6.51
08:54:28.774,0.330,2.653,0.486,0.046,0.427,Frame_54,,6.51
08:54:29.278,0.329,2.749,0.458,0.044,0.436,Frame_54,,6.51
08:54:29.774,0.328,2.837,0.430,0.032,0.436,Frame_54,,6.51
08:54:30.274,0.326,2.920,0.390,-0.006,0.447,Frame_54,,6.51
08:54:30.774,0.325,2.992,0.245,-0.267,0.447,Frame_55,,6.51
08:54:31.275,0.326,3.034,0.186,-0.433,0.457,Frame_55,,6.51
08:54:31.774,0.328,3.065,0.264,-0.325,0.441,Frame_55,,6.51
08:54:32.274,0.336,3.112,0.346,-0.371,0.441,Frame_55,,6.64
08:54:32.774,0.349,3.176,0.375,-0.570,0.456,Frame_55,,6.64
08:54:33.277,0.362,3.220,0.372,-0.622,0.470,Frame_55,,6.64
08:54:33.774,0.389,3.287,0.332,-0.648,0.478,Frame_56,,6.64
08:54:34.274,0.414,3.331,0.297,-0.657,0.496,Frame_56,,6.64
08:54:34.774,0.433,3.359,0.247,-0.636,0.517,Frame_56,,6.64
08:54:35.274,0.459,3.390,0.204,-0.633,0.526,Frame_56,,6.64
08:54:35.774,0.477,3.409,0.163,-0.606,0.565,Frame_56,,6.64
08:54:36.274,0.493,3.422,0.121,-0.561,0.566,Frame_56,,6.64
08:54:36.777,0.510,3.433,0.081,-0.522,0.591,Frame_56,,6.64
08:54:37.274,0.517,3.438,0.012,-0.255,0.596,Frame_57,,6.92
08:54:37.775,0.519,3.438,0.020,0.000,0.599,Frame_57,,6.92
08:54:38.274,0.522,3.440,0.068,0.211,0.595,Frame_57,,6.92
08:54:38.774,0.528,3.443,0.003,0.385,0.596,Frame_57,,6.92
08:54:39.274,0.533,3.446,0.057,0.618,0.621,Frame_57,,6.92
08:54:39.774,0.541,3.453,0.087,0.747,0.621,Frame_57,,6.92
08:54:40.274,0.556,3.467,0.149,0.764,0.642,Frame_58,,6.92
08:54:40.776,0.570,3.486,0.222,0.749,0.657,Frame_58,,6.92
08:54:41.274,0.592,3.521,0.310,0.682,0.685,Frame_58,,6.92
08:54:41.774,0.619,3.582,0.366,0.609,0.719,Frame_58,,6.92
08:54:42.275,0.639,3.643,0.427,0.435,0.719,Frame_58,,6.92
08:54:42.774,0.654,3.702,0.445,0.341,0.690,Frame_58,,6.92
08:54:43.274,0.670,3.791,0.460,0.257,0.683,Frame_59,,6.92
08:54:43.774,0.680,3.863,0.452,0.192,0.652,Frame_59,,6.92
08:54:44.274,0.688,3.935,0.436,0.140,0.634,Frame_59,,6.92
08:54:44.774,0.694,4.002,0.412,0.096,0.634,Frame_59,,6.92
08:54:45.274,0.699,4.074,0.389,0.064,0.627,Frame_59,,6.92
08:54:45.774,0.702,4.127,0.356,0.042,0.626,Frame_59,,6.92
08:54:46.274,0.706,4.188,0.322,0.011,0.628,Frame_60,,6.92
08:54:46.774,0.708,4.235,0.279,0.002,0.655,Frame_60,,6.92
08:54:47.274,0.710,4.276,0.061,0.053,0.654,Frame_60,,7.39
08:54:47.774,0.711,4.285,0.057,0.267,0.663,Frame_60,,7.39
08:54:48.274,0.711,4.297,0.074,0.487,0.658,Frame_60,,7.39
08:54:48.774,0.709,4.311,0.083,0.528,0.651,Frame_60,,7.39
08:54:49.274,0.706,4.329,0.278,0.061,0.656,Frame_61,,7.39
08:54:49.774,0.699,4.371,0.343,-0.208,0.676,Frame_61,,7.39
08:54:50.274,0.690,4.426,0.344,-0.513,0.715,Frame_61,,7.39
08:54:50.774,0.686,4.473,0.319,-0.683,0.754,Frame_61,,7.39
08:54:51.274,0.688,4.532,0.259,-0.779,0.792,Frame_61,,7.39
08:54:51.776,0.696,4.573,0.202,-0.816,0.829,Frame_61,,7.39
08:54:52.274,0.704,4.599,0.126,-0.831,0.829,Frame_62,,7.39
08:54:52.775,0.713,4.617,0.105,-0.825,0.845,Frame_62,,7.39
08:54:53.274,0.719,4.627,0.053,-0.797,0.838,Frame_62,,7.39
08:54:53.774,0.724,4.632,0.025,-0.763,0.846,Frame_62,,7.39
08:54:54.274,0.724,4.633,-0.001,-0.731,0.839,Frame_62,,7.39
08:54:54.774,0.722,4.631,-0.033,-0.655,0.835,Frame_62,,7.39
08:54:55.274,0.715,4.627,-0.055,-0.588,0.830,Frame_62,,7.39
08:54:55.774,0.713,4.626,-0.080,-0.513,0.827,Frame_63,,7.39
08:54:56.274,0.692,4.618,-0.088,-0.442,0.799,Frame_63,,7.39
08:54:56.774,0.679,4.615,-0.094,-0.142,0.781,Frame_63,,7.39
08:54:57.274,0.661,4.610,-0.113,-0.339,0.773,Frame_63,,7.39
08:54:57.775,0.643,4.607,-0.069,-0.525,0.754,Frame_63,,7.39
08:54:58.274,0.638,4.606,-0.013,-0.717,0.747,Frame_64,,7.39
08:54:58.774,0.638,4.606,0.002,-0.899,0.741,Frame_64,,7.39
08:54:59.274,0.639,4.606,0.023,-0.983,0.742,Frame_64,,7.39
08:54:59.774,0.643,4.605,0.042,-1.051,0.749,Frame_64,,7.39
08:55:00.274,0.649,4.601,0.054,-1.050,0.760,Frame_64,,7.39
08:55:00.774,0.656,4.596,0.092,-1.047,0.768,Frame_64,,7.39
08:55:01.275,0.670,4.579,0.179,-1.067,0.802,Frame_65,,7.39
08:55:01.774,0.689,4.549,0.316,-0.954,0.814,Frame_65,,7.39
08:55:02.274,0.715,4.481,0.459,-0.703,0.851,Frame_65,,7.39
08:55:02.774,0.730,4.426,0.499,-0.607,0.793,Frame_65,,7.39
08:55:03.274,0.746,4.335,0.521,-0.479,0.758,Frame_65,,7.39
08:55:03.774,0.754,4.228,0.561,-0.316,0.667,Frame_65,,7.39
08:55:04.274,0.755,4.149,0.581,-0.153,0.595,Frame_66,,7.39
08:55:04.774,0.753,4.024,0.554,-0.077,0.538,Frame_66,,7.39
08:55:05.274,0.750,3.903,0.547,-0.011,0.517,Frame_66,,7.39
08:55:05.774,0.747,3.793,0.561,-0.019,0.507,Frame_66,,7.39
08:55:06.274,0.742,3.671,0.555,-0.083,0.513,Frame_66,,7.39
08:55:06.775,0.735,3.564,0.535,-0.383,0.509,Frame_67,,7.39
08:55:07.274,0.721,3.465,0.579,-0.170,0.511,Frame_67,,7.88
08:55:07.774,0.707,3.385,0.576,-0.122,0.521,Frame_67,,7.88
08:55:08.274,0.688,3.284,0.565,-0.049,0.527,Frame_67,,7.88
08:55:08.774,0.665,3.173,0.579,-0.041,0.548,Frame_67,,7.88
08:55:09.274,0.646,3.084,0.563,-0.070,0.554,Frame_68,,7.88
08:55:09.774,0.628,3.007,0.559,-0.071,0.581,Frame_68,,7.88
08:55:10.274,0.602,2.896,0.582,-0.007,0.592,Frame_68,,7.88
08:55:10.774,0.574,2.783,0.586,-0.020,0.613,Frame_68,,7.88
08:55:11.274,0.552,2.692,0.586,-0.037,0.638,Frame_68,,7.88
08:55:11.774,0.529,2.602,0.574,-0.051,0.651,Frame_68,,7.88
08:55:12.274,0.503,2.502,0.562,-0.068,0.667,Frame_69,,7.95
08:55:12.774,0.479,2.415,0.563,-0.097,0.685,Frame_69,,7.95
08:55:13.274,0.454,2.328,0.563,-0.094,0.710,Frame_69,,7.95
08:55:13.774,0.428,2.242,0.557,-0.068,0.732,Frame_69,,7.95
08:55:14.274,0.397,2.148,0.540,-0.075,0.744,Frame_69,,7.95
08:55:14.774,0.370,2.065,0.554,-0.088,0.742,Frame_69,,7.95
08:55:15.274,0.336,1.970,0.556,-0.071,0.758,Frame_70,,7.95
08:55:15.774,0.302,1.877,0.541,-0.045,0.777,Frame_70,,7.95
08:55:16.274,0.272,1.796,0.542,-0.025,0.720,Frame_70,,7.95
08:55:16.774,0.237,1.705,0.539,0.002,0.660,Frame_70,,7.95
08:55:17.274,0.204,1.617,0.392,-0.024,0.602,Frame_70,,7.97
08:55:17.774,0.196,1.596,-0.019,0.121,0.535,Frame_70,,7.97
08:55:18.275,0.202,1.614,-0.202,0.229,0.526,Frame_71,,7.97
08:55:18.774,0.212,1.645,-0.198,0.255,0.554,Frame_71,,7.97
08:55:19.274,0.222,1.680,-0.198,0.278,0.593,Frame_71,,7.97
08:55:19.774,0.229,1.711,-0.200,0.283,0.610,Frame_71,,7.97
08:55:20.274,0.235,1.743,-0.200,0.268,0.645,Frame_71,,7.97
08:55:20.774,0.239,1.776,-0.224,0.244,0.690,Frame_71,,7.97
08:55:21.274,0.243,1.816,-0.247,0.282,0.724,Frame_72,,7.97
08:55:21.774,0.244,1.864,-0.255,0.319,0.750,Frame_72,,7.97
08:55:22.274,0.244,1.906,-0.261,0.329,0.714,Frame_72,,7.97
08:55:22.778,0.241,1.949,-0.279,0.406,0.699,Frame_72,,7.97
08:55:23.283,0.235,1.992,-0.257,0.507,0.664,Frame_72,,7.97
08:55:23.774,0.230,2.021,-0.222,0.662,0.627,Frame_72,,7.97
08:55:24.274,0.220,2.053,-0.173,0.765,0.594,Frame_72,,7.97
08:55:24.774,0.213,2.070,-0.080,0.810,0.583,Frame_73,,7.97
08:55:25.274,0.207,2.081,-0.053,0.888,0.549,Frame_73,,7.97
08:55:25.774,0.200,2.090,-0.065,0.967,0.522,Frame_73,,7.97
08:55:26.274,0.194,2.096,-0.050,1.010,0.518,Frame_73,,7.97
08:55:26.774,0.188,2.100,-0.041,1.061,0.519,Frame_73,,7.97
08:55:27.274,0.182,2.102,-0.022,1.093,0.500,Frame_73,,7.97
08:55:27.774,0.181,2.102,0.000,1.126,0.509,Frame_74,,7.97
08:55:28.274,0.184,2.102,0.037,1.120,0.515,Frame_74,,7.97
08:55:28.774,0.193,2.104,0.062,1.118,0.528,Frame_74,,7.97
08:55:29.276,0.205,2.108,0.149,1.085,0.541,Frame_74,,7.97
08:55:29.774,0.235,2.122,0.348,0.962,0.539,Frame_74,,7.97
08:55:30.274,0.274,2.150,0.464,0.875,0.587,Frame_74,,7.97
08:55:30.778,0.333,2.204,0.561,0.673,0.611,Frame_75,,7.97
08:55:31.274,0.386,2.264,0.586,0.565,0.642,Frame_75,,7.97
08:55:31.774,0.444,2.340,0.602,0.388,0.674,Frame_75,,7.97
08:55:32.274,0.484,2.400,0.592,0.337,0.725,Frame_75,,7.97
08:55:32.774,0.538,2.490,0.581,0.376,0.730,Frame_75,,7.97
08:55:33.274,0.570,2.551,0.571,0.386,0.666,Frame_75,,7.97
08:55:33.774,0.613,2.647,0.596,0.270,0.653,Frame_75,,7.97
08:55:34.274,0.640,2.713,0.574,0.221,0.623,Frame_76,,7.97
08:55:34.774,0.674,2.809,0.539,0.159,0.580,Frame_76,,7.97
08:55:35.274,0.701,2.888,0.504,0.141,0.536,Frame_76,,7.97
08:55:35.774,0.721,2.955,0.494,0.161,0.525,Frame_76,,7.97
08:55:36.274,0.740,3.020,0.471,0.172,0.506,Frame_76,,7.97
08:55:36.775,0.758,3.093,0.462,0.156,0.495,Frame_76,,7.97
08:55:37.274,0.772,3.155,0.444,0.153,0.468,Frame_76,,7.98
08:55:37.774,0.787,3.224,0.439,0.120,0.457,Frame_77,,7.98
08:55:38.274,0.798,3.285,0.442,0.122,0.436,Frame_77,,7.98
08:55:38.774,0.810,3.354,0.423,0.072,0.442,Frame_77,,7.98
08:55:39.274,0.821,3.427,0.413,0.049,0.419,Frame_77,,7.98
08:55:39.774,0.828,3.476,0.408,0.022,0.421,Frame_77,,7.98
08:55:40.274,0.840,3.557,0.428,-0.054,0.416,Frame_77,,7.98
08:55:40.774,0.849,3.616,0.430,-0.109,0.405,Frame_78,,7.98
08:55:41.274,0.861,3.686,0.462,-0.209,0.396,Frame_78,,7.98
08:55:41.774,0.876,3.759,0.469,-0.282,0.386,Frame_78,,7.98
08:55:42.274,0.891,3.822,0.484,-0.328,0.375,Frame_78,,8.00
08:55:42.774,0.913,3.895,0.460,-0.317,0.368,Frame_78,,8.00
08:55:43.274,0.936,3.960,0.401,-0.324,0.336,Frame_78,,8.00
08:55:43.774,0.963,4.025,0.393,-0.329,0.329,Frame_78,,8.00
08:55:44.274,0.983,4.068,0.402,-0.343,0.308,Frame_79,,8.00
08:55:44.774,1.018,4.132,0.398,-0.358,0.305,Frame_79,,8.00
08:55:45.274,1.052,4.187,0.397,-0.334,0.307,Frame_79,,8.00
08:55:45.774,1.084,4.235,0.435,-0.270,0.304,Frame_79,,8.00
08:55:46.274,1.128,4.292,0.471,-0.183,0.326,Frame_79,,8.00
08:55:46.775,1.170,4.345,0.493,-0.150,0.338,Frame_79,,8.00
08:55:47.274,1.214,4.398,0.513,-0.006,0.386,Frame_80,,8.40
08:55:47.774,1.266,4.461,0.512,0.033,0.398,Frame_80,,8.40
08:55:48.274,1.324,4.532,0.495,0.092,0.476,Frame_80,,8.40
08:55:48.775,1.361,4.578,0.481,0.091,0.512,Frame_80,,8.40
08:55:49.274,1.408,4.638,0.479,0.155,0.583,Frame_80,,8.40
08:55:49.774,1.447,4.692,0.466,0.151,0.625,Frame_80,,8.40
08:55:50.274,1.489,4.751,0.414,0.120,0.703,Frame_80,,8.40
08:55:50.774,1.520,4.797,0.371,0.091,0.746,Frame_81,,8.40
08:55:51.281,1.552,4.845,0.345,0.125,0.792,Frame_81,,8.40
08:55:51.777,1.577,4.884,0.326,0.068,0.743,Frame_81,,8.40
08:55:52.274,1.604,4.929,0.333,-0.247,0.716,Frame_81,,8.40
08:55:52.774,1.630,4.968,0.338,-0.415,0.665,Frame_81,,8.40
08:55:53.274,1.662,5.011,0.314,-0.477,0.631,Frame_81,,8.40
08:55:53.774,1.694,5.047,0.279,-0.522,0.608,Frame_82,,8.40
08:55:54.281,1.724,5.076,0.239,-0.542,0.567,Frame_82,,8.40
08:55:54.774,1.744,5.093,0.192,-0.545,0.571,Frame_82,,8.40
08:55:55.274,1.768,5.110,0.160,-0.550,0.558,Frame_82,,8.40
08:55:55.774,1.786,5.120,0.115,-0.524,0.558,Frame_82,,8.40
08:55:56.276,1.801,5.128,0.090,-0.492,0.545,Frame_82,,8.40
08:55:56.775,1.811,5.132,0.059,-0.447,0.556,Frame_82,,8.40
08:55:57.274,1.812,5.132,-0.114,-0.441,0.550,Frame_83,,9.43
08:55:57.774,1.793,5.127,-0.126,-0.594,0.546,Frame_83,,9.43
08:55:58.274,1.779,5.125,0.015,-0.676,0.538,Frame_83,,9.43
08:55:58.774,1.780,5.125,0.031,-0.842,0.509,Frame_83,,9.43
08:55:59.274,1.785,5.125,0.014,-0.909,0.514,Frame_83,,9.43
08:55:59.774,1.789,5.124,0.077,-0.928,0.515,Frame_83,,9.43
08:56:00.274,1.807,5.117,0.182,-0.950,0.520,Frame_84,,9.43
08:56:00.774,1.835,5.101,0.340,-0.918,0.553,Frame_84,,9.43
08:56:01.274,1.882,5.066,0.474,-0.820,0.577,Frame_84,,9.43
08:56:01.774,1.926,5.025,0.560,-0.689,0.614,Frame_84,,9.43
08:56:02.274,1.985,4.957,0.579,-0.603,0.731,Frame_84,,9.43
08:56:02.774,2.033,4.891,0.582,-0.484,0.782,Frame_84,,9.43
08:56:03.278,2.087,4.802,0.411,-0.807,0.834,Frame_84,,9.43
08:56:03.774,2.112,4.747,0.372,-0.858,0.791,Frame_85,,9.43
08:56:04.274,2.131,4.687,0.473,-0.557,0.768,Frame_85,,9.43
08:56:04.774,2.145,4.611,0.520,-0.425,0.739,Frame_85,,9.43
08:56:05.274,2.155,4.537,0.548,-0.302,0.731,Frame_85,,9.43
08:56:05.774,2.163,4.425,0.562,-0.136,0.737,Frame_85,,9.43
08:56:06.274,2.166,4.358,0.557,-0.096,0.752,Frame_85,,9.43
08:56:06.775,2.169,4.259,0.542,-0.119,0.768,Frame_86,,9.43
08:56:07.284,2.170,4.161,0.555,-0.081,0.828,Frame_86,,11.13
08:56:07.774,2.169,4.085,0.537,-0.054,0.853,Frame_86,,11.13
08:56:08.274,2.168,3.987,0.549,-0.018,0.842,Frame_86,,11.13
08:56:08.775,2.166,3.877,0.557,-0.018,0.833,Frame_86,,11.13
08:56:09.274,2.164,3.767,0.556,-0.001,0.828,Frame_86,,11.13
08:56:09.774,2.162,3.655,0.558,0.025,0.833,Frame_87,,11.13
08:56:10.275,2.160,3.544,0.552,0.042,0.835,Frame_87,,11.13
08:56:10.774,2.159,3.434,0.539,0.018,0.783,Frame_87,,11.13
08:56:11.274,2.158,3.337,0.538,0.024,0.725,Frame_87,,11.13
08:56:11.774,2.157,3.252,0.522,0.023,0.695,Frame_87,,11.13
08:56:12.274,2.157,3.170,0.511,0.041,0.683,Frame_88,,11.99
08:56:12.778,2.158,3.090,0.486,0.111,0.668,Frame_88,,11.99
08:56:13.274,2.159,3.024,0.448,0.125,0.653,Frame_88,,11.99
08:56:13.774,2.162,2.946,0.419,0.095,0.651,Frame_88,,11.99
08:56:14.274,2.165,2.889,0.385,0.087,0.662,Frame_88,,11.99
08:56:14.774,2.170,2.821,0.351,0.067,0.666,Frame_88,,11.99
08:56:15.274,2.175,2.765,0.369,0.307,0.677,Frame_89,,11.99
08:56:15.774,2.182,2.705,0.381,0.530,0.697,Frame_89,,11.99
08:56:16.274,2.193,2.652,0.388,0.636,0.710,Frame_89,,11.99
08:56:16.775,2.206,2.606,0.006,0.609,0.718,Frame_89,,11.99
08:56:17.274,2.200,2.621,-0.210,0.612,0.738,Frame_89,,12.20
08:56:17.774,2.185,2.650,-0.245,0.661,0.729,Frame_89,,12.20
08:56:18.274,2.164,2.682,-0.212,0.726,0.749,Frame_89,,12.20
08:56:18.774,2.143,2.706,-0.195,0.792,0.775,Frame_90,,12.20
08:56:19.274,2.125,2.724,-0.150,0.845,0.781,Frame_90,,12.20
08:56:19.774,2.111,2.734,-0.097,0.909,0.789,Frame_90,,12.20
08:56:20.274,2.100,2.740,-0.059,0.974,0.781,Frame_90,,12.20
08:56:20.774,2.095,2.742,-0.032,1.057,0.751,Frame_90,,12.20
08:56:21.274,2.090,2.743,-0.024,1.116,0.758,Frame_90,,12.20
08:56:21.774,2.088,2.743,-0.002,1.152,0.750,Frame_91,,12.20
08:56:22.274,2.088,2.743,0.004,1.199,0.744,Frame_91,,12.20
08:56:22.774,2.090,2.744,0.024,1.222,0.756,Frame_91,,12.20
08:56:23.274,2.094,2.746,0.046,1.242,0.756,Frame_91,,12.20
08:56:23.774,2.098,2.750,0.060,1.208,0.773,Frame_91,,12.20
08:56:24.274,2.106,2.759,0.107,1.159,0.781,Frame_91,,12.20
08:56:24.781,2.112,2.772,0.159,1.098,0.801,Frame_91,,12.20
08:56:25.274,2.125,2.807,0.288,0.965,0.795,Frame_92,,12.20
08:56:25.774,2.132,2.842,0.340,0.907,0.767,Frame_92,,12.20
08:56:26.274,2.135,2.918,0.427,0.776,0.753,Frame_92,,12.20
08:56:26.774,2.130,2.980,0.441,0.435,0.718,Frame_92,,12.20
08:56:27.274,2.121,3.044,0.474,-0.104,0.699,Frame_92,,12.20
08:56:27.774,2.110,3.121,0.500,-0.258,0.689,Frame_92,,12.20
08:56:28.274,2.101,3.203,0.532,-0.261,0.706,Frame_92,,12.20
08:56:28.774,2.095,3.290,0.557,-0.236,0.737,Frame_93,,12.20
08:56:29.274,2.093,3.368,0.563,-0.130,0.761,Frame_93,,12.20
08:56:29.774,2.092,3.459,0.570,-0.137,0.750,Frame_93,,12.20
08:56:30.274,2.093,3.537,0.556,-0.300,0.731,Frame_93,,12.20
08:56:30.774,2.099,3.626,0.562,-0.283,0.724,Frame_93,,12.20
08:56:31.274,2.106,3.705,0.570,-0.060,0.716,Frame_93,,12.20
08:56:31.774,2.117,3.808,0.573,-0.002,0.701,Frame_94,,12.20
08:56:32.277,2.130,3.920,0.556,-0.009,0.703,Frame_94,,12.28
08:56:32.774,2.141,4.020,0.569,-0.004,0.697,Frame_94,,12.28
08:56:33.274,2.153,4.119,0.556,-0.025,0.702,Frame_94,,12.28
08:56:33.774,2.165,4.219,0.570,-0.022,0.720,Frame_94,,12.28
08:56:34.274,2.176,4.310,0.562,-0.039,0.732,Frame_94,,12.28
08:56:34.774,2.191,4.420,0.555,-0.027,0.797,Frame_95,,12.28
08:56:35.274,2.206,4.531,0.561,-0.035,0.840,Frame_95,,12.28
08:56:35.774,2.220,4.630,0.546,-0.017,0.825,Frame_95,,12.28
08:56:36.274,2.235,4.730,0.565,-0.066,0.811,Frame_95,,12.28
08:56:36.774,2.249,4.819,0.572,-0.030,0.811,Frame_95,,12.28
08:56:37.274,2.262,4.903,0.218,0.111,0.801,Frame_96,,12.84
08:56:37.776,2.262,4.899,-0.153,0.259,0.791,Frame_96,,12.84
08:56:38.274,2.259,4.873,-0.147,0.441,0.790,Frame_96,,12.84
08:56:38.774,2.259,4.854,-0.095,0.603,0.790,Frame_96,,12.84
08:56:39.283,2.259,4.845,-0.026,0.766,0.781,Frame_96,,12.84
08:56:39.774,2.260,4.842,-0.009,0.869,0.773,Frame_96,,12.84
08:56:40.274,2.260,4.841,0.004,0.985,0.765,Frame_97,,12.84
08:56:40.774,2.260,4.842,0.014,1.056,0.764,Frame_97,,12.84
08:56:41.277,2.258,4.844,0.025,1.105,0.756,Frame_97,,12.84
08:56:41.774,2.256,4.847,0.041,1.125,0.740,Frame_97,,12.84
08:56:42.274,2.251,4.850,0.073,1.139,0.744,Frame_97,,12.84
08:56:42.776,2.239,4.857,0.106,1.105,0.740,Frame_97,,12.84
08:56:43.274,2.225,4.862,0.170,1.031,0.736,Frame_97,,12.84
08:56:43.774,2.184,4.869,0.301,0.887,0.774,Frame_98,,12.84
08:56:44.274,2.140,4.871,0.344,0.777,0.825,Frame_98,,12.84
08:56:44.776,2.080,4.865,0.413,0.654,0.865,Frame_98,,12.84
08:56:45.278,2.030,4.856,0.440,0.565,0.875,Frame_98,,12.84
08:56:45.774,1.951,4.834,0.496,0.424,0.865,Frame_98,,12.84
08:56:46.274,1.875,4.806,0.511,0.344,0.842,Frame_98,,12.84
08:56:46.774,1.801,4.775,0.499,0.271,0.849,Frame_98,,12.84
08:56:47.274,1.737,4.744,0.507,0.212,0.838,Frame_99,,12.84
08:56:47.784,1.663,4.706,0.525,0.196,0.797,Frame_99,,12.84
08:56:48.274,1.590,4.665,0.534,0.210,0.735,Frame_99,,12.84
08:56:48.774,1.516,4.621,0.543,0.227,0.643,Frame_99,,12.84
08:56:49.274,1.444,4.574,0.549,0.248,0.597,Frame_99,,12.84
08:56:49.774,1.381,4.530,0.541,0.265,0.531,Frame_99,,12.84
08:56:50.274,1.305,4.471,0.528,0.311,0.491,Frame_100,,12.84
08:56:50.774,1.240,4.415,0.532,0.350,0.432,Frame_100,,12.84
08:56:51.274,1.194,4.371,0.543,0.387,0.386,Frame_100,,12.84
08:56:51.774,1.127,4.300,0.535,0.429,0.348,Frame_100,,12.84
08:56:52.274,1.073,4.234,0.534,0.419,0.331,Frame_100,,12.99
08:56:52.774,1.024,4.164,0.547,0.395,0.320,Frame_100,,12.99
08:56:53.274,0.984,4.099,0.548,0.361,0.306,Frame_100,,12.99
08:56:53.774,0.942,4.023,0.542,0.321,0.336,Frame_101,,12.99
08:56:54.274,0.904,3.944,0.558,0.278,0.351,Frame_101,,12.99
08:56:54.774,0.864,3.848,0.595,0.187,0.387,Frame_101,,12.99
08:56:55.274,0.829,3.759,0.596,0.127,0.403,Frame_101,,12.99
08:56:55.774,0.797,3.670,0.586,0.068,0.432,Frame_101,,12.99
08:56:56.274,0.767,3.582,0.583,0.010,0.458,Frame_101,,12.99
08:56:56.775,0.733,3.482,0.592,-0.009,0.463,Frame_102,,12.99
08:56:57.274,0.706,3.404,0.594,-0.019,0.493,Frame_102,,13.01
08:56:57.774,0.675,3.315,0.589,-0.047,0.499,Frame_102,,13.01
08:56:58.274,0.643,3.225,0.590,-0.057,0.528,Frame_102,,13.01
08:56:58.774,0.611,3.135,0.607,0.011,0.534,Frame_102,,13.01
08:56:59.274,0.577,3.044,0.607,0.014,0.561,Frame_102,,13.01
08:56:59.774,0.544,2.953,0.609,-0.014,0.586,Frame_103,,13.01
08:57:00.274,0.511,2.862,0.605,-0.062,0.601,Frame_103,,13.01
08:57:00.774,0.473,2.760,0.596,-0.068,0.619,Frame_103,,13.01
08:57:01.274,0.443,2.684,0.585,-0.083,0.645,Frame_103,,13.01
08:57:01.774,0.403,2.585,0.589,-0.089,0.660,Frame_103,,13.01
08:57:02.274,0.363,2.488,0.574,-0.095,0.679,Frame_103,,13.01
08:57:02.774,0.326,2.405,0.572,-0.084,0.716,Frame_104,,13.01
08:57:03.274,0.289,2.323,0.558,-0.067,0.731,Frame_104,,13.01
08:57:03.782,0.250,2.240,0.572,-0.062,0.756,Frame_104,,13.01
08:57:04.274,0.216,2.169,0.561,-0.059,0.772,Frame_104,,13.01
08:57:04.774,0.166,2.069,0.546,-0.031,0.773,Frame_104,,13.01
08:57:05.274,0.126,1.990,0.556,-0.041,0.739,Frame_104,,13.01
08:57:05.774,0.091,1.921,0.552,-0.006,0.683,Frame_105,,13.01
08:57:06.274,0.041,1.823,0.541,0.053,0.591,Frame_105,,13.01
08:57:06.774,0.012,1.765,0.540,0.069,0.497,Frame_105,,13.01
08:57:07.274,-0.035,1.669,0.542,0.116,0.461,Frame_105,,13.01
08:57:07.777,-0.067,1.600,0.543,0.136,0.372,Frame_105,,13.01
08:57:08.274,-0.103,1.519,0.542,0.178,0.357,Frame_105,,13.01
08:57:08.774,-0.136,1.439,0.533,0.201,0.304,Frame_105,,13.01
08:57:09.274,-0.163,1.367,0.546,0.217,0.297,Frame_106,,13.01
08:57:09.774,-0.191,1.284,0.560,0.191,0.297,Frame_106,,13.01
08:57:10.274,-0.214,1.209,0.566,0.128,0.310,Frame_106,,13.01
08:57:10.774,-0.241,1.111,0.570,0.109,0.317,Frame_106,,13.01
08:57:11.274,-0.262,1.034,0.562,0.118,0.325,Frame_106,,13.01
08:57:11.774,-0.283,0.948,0.543,0.117,0.338,Frame_106,,13.01
08:57:12.274,-0.302,0.863,0.550,0.125,0.388,Frame_107,,13.07
08:57:12.774,-0.317,0.787,0.543,0.100,0.416,Frame_107,,13.07
08:57:13.274,-0.337,0.681,0.557,0.077,0.478,Frame_107,,13.07
08:57:13.774,-0.356,0.571,0.552,0.053,0.559,Frame_107,,13.07
08:57:14.274,-0.374,0.462,0.554,0.041,0.694,Frame_107,,13.07
08:57:14.774,-0.391,0.343,0.542,0.007,0.783,Frame_108,,13.07
08:57:15.274,-0.407,0.235,0.558,-0.005,0.867,Frame_108,,13.07
08:57:15.774,-0.422,0.135,0.548,-0.010,0.984,Frame_108,,13.07
08:57:16.274,-0.440,0.015,0.554,-0.002,1.091,Frame_108,,13.07
08:57:16.774,-0.456,-0.094,0.551,-0.037,1.153,Frame_108,,13.07
08:57:17.274,-0.473,-0.203,0.562,-0.025,1.159,Frame_109,,13.07
08:57:17.774,-0.491,-0.313,0.550,-0.039,1.139,Frame_109,,13.07
08:57:18.274,-0.509,-0.417,0.476,-0.149,1.023,Frame_109,,13.07
08:57:18.779,-0.525,-0.495,0.411,-0.213,0.991,Frame_109,,13.07
08:57:19.274,-0.542,-0.569,0.447,-0.061,0.916,Frame_109,,13.07
08:57:19.774,-0.560,-0.640,0.472,-0.021,0.828,Frame_109,,13.07
08:57:20.274,-0.578,-0.714,0.470,0.012,0.784,Frame_110,,13.07
08:57:20.774,-0.599,-0.797,0.483,0.011,0.697,Frame_110,,13.07
08:57:21.274,-0.616,-0.863,0.479,0.011,0.622,Frame_110,,13.07
08:57:21.774,-0.636,-0.945,0.449,0.001,0.576,Frame_110,,13.07
08:57:22.274,-0.655,-1.021,0.425,-0.004,0.510,Frame_110,,13.15
08:57:22.774,-0.667,-1.068,0.373,-0.018,0.488,Frame_110,,13.15
08:57:23.274,-0.683,-1.132,0.357,-0.039,0.428,Frame_111,,13.15
08:57:23.777,-0.696,-1.184,0.327,-0.039,0.381,Frame_111,,13.15
08:57:24.274,-0.710,-1.236,0.365,0.337,0.357,Frame_111,,13.15
08:57:24.774,-0.720,-1.287,0.372,0.553,0.350,Frame_111,,13.15
08:57:25.274,-0.728,-1.345,0.364,0.676,0.319,Frame_111,,13.15
08:57:25.774,-0.729,-1.408,0.314,0.753,0.319,Frame_111,,13.15
08:57:26.274,-0.725,-1.449,0.264,0.787,0.321,Frame_112,,13.15
08:57:26.776,-0.717,-1.488,0.211,0.801,0.331,Frame_112,,13.15
08:57:27.274,-0.709,-1.511,0.084,0.793,0.336,Frame_112,,13.66
08:57:27.774,-0.709,-1.512,-0.049,0.840,0.348,Frame_112,,13.66
08:57:28.274,-0.713,-1.506,-0.051,0.927,0.339,Frame_112,,13.66
08:57:28.774,-0.718,-1.500,-0.055,0.989,0.318,Frame_112,,13.66
08:57:29.274,-0.724,-1.495,-0.057,1.036,0.318,Frame_112,,13.66
08:57:29.776,-0.733,-1.489,-0.044,1.059,0.286,Frame_113,,13.66
08:57:30.274,-0.737,-1.487,-0.009,1.152,0.291,Frame_113,,13.66
08:57:30.777,-0.738,-1.487,-0.000,1.231,0.291,Frame_113,,13.66
08:57:31.277,-0.737,-1.487,0.009,1.277,0.297,Frame_113,,13.66
08:57:31.774,-0.734,-1.487,0.029,1.302,0.305,Frame_113,,13.66
08:57:32.282,-0.727,-1.483,0.048,1.257,0.317,Frame_113,,13.66
08:57:32.774,-0.720,-1.478,0.086,1.194,0.327,Frame_114,,13.66
08:57:33.274,-0.709,-1.467,0.119,1.120,0.354,Frame_114,,13.66
08:57:33.774,-0.697,-1.447,0.177,1.083,0.359,Frame_114,,13.66
08:57:34.274,-0.685,-1.422,0.248,1.005,0.366,Frame_114,,13.66
08:57:34.774,-0.673,-1.372,0.281,0.958,0.377,Frame_114,,13.66
08:57:35.276,-0.670,-1.326,0.332,0.932,0.369,Frame_114,,13.66
08:57:35.774,-0.674,-1.272,0.344,0.919,0.377,Frame_115,,13.66
08:57:36.279,-0.690,-1.208,0.392,0.880,0.370,Frame_115,,13.66
08:57:36.774,-0.707,-1.164,0.228,0.552,0.358,Frame_115,,13.66
08:57:37.274,-0.710,-1.157,-0.144,0.502,0.351,Frame_115,,13.66
08:57:37.774,-0.695,-1.180,-0.185,0.542,0.372,Frame_115,,13.66
08:57:38.274,-0.682,-1.198,-0.071,0.562,0.372,Frame_115,,13.66
08:57:38.774,-0.670,-1.211,-0.122,0.594,0.397,Frame_116,,13.66
08:57:39.274,-0.659,-1.221,-0.061,0.592,0.413,Frame_116,,13.66
08:57:39.774,-0.651,-1.228,-0.040,0.573,0.425,Frame_116,,13.66
08:57:40.274,-0.646,-1.231,-0.025,0.558,0.441,Frame_116,,13.66
08:57:40.774,-0.641,-1.233,-0.039,0.556,0.447,Frame_116,,13.66
08:57:41.274,-0.635,-1.236,-0.028,0.579,0.459,Frame_116,,13.66
08:57:41.774,-0.631,-1.237,-0.032,0.575,0.473,Frame_116,,13.66
08:57:42.274,-0.624,-1.238,-0.013,0.651,0.485,Frame_117,,13.66
08:57:42.774,-0.623,-1.238,0.008,0.755,0.483,Frame_117,,13.66
08:57:43.274,-0.625,-1.239,0.018,0.800,0.483,Frame_117,,13.66
08:57:43.774,-0.627,-1.239,0.029,0.814,0.482,Frame_117,,13.66
08:57:44.274,-0.633,-1.241,0.050,0.773,0.472,Frame_117,,13.66
08:57:44.778,-0.641,-1.245,0.089,0.755,0.471,Frame_118,,13.66
08:57:45.274,-0.653,-1.253,0.105,0.786,0.464,Frame_118,,13.66
08:57:45.774,-0.673,-1.269,0.218,0.695,0.438,Frame_118,,13.66
08:57:46.274,-0.698,-1.295,0.404,0.373,0.415,Frame_118,,13.66
08:57:46.774,-0.741,-1.343,0.494,0.165,0.367,Frame_118,,13.66
08:57:47.274,-0.794,-1.407,0.588,-0.064,0.339,Frame_118,,13.66
08:57:47.774,-0.853,-1.477,0.596,-0.214,0.282,Frame_118,,13.66
08:57:48.274,-0.907,-1.538,0.565,-0.274,0.262,Frame_119,,13.66
08:57:48.774,-0.970,-1.603,0.565,-0.320,0.254,Frame_119,,13.66
08:57:49.277,-1.021,-1.651,0.597,-0.277,0.276,Frame_119,,13.66
08:57:49.774,-1.093,-1.714,0.597,-0.237,0.320,Frame_119,,13.66
08:57:50.275,-1.158,-1.767,0.598,-0.194,0.359,Frame_119,,13.66
08:57:50.774,-1.225,-1.818,0.603,-0.157,0.431,Frame_119,,13.66
08:57:51.274,-1.314,-1.882,0.609,-0.074,0.477,Frame_119,,13.66
08:57:51.774,-1.393,-1.938,0.588,-0.012,0.549,Frame_120,,13.66
08:57:52.274,-1.440,-1.972,0.445,0.486,0.597,Frame_120,,14.53
08:57:52.774,-1.505,-2.025,0.511,0.571,0.659,Frame_120,,14.53
08:57:53.274,-1.550,-2.069,0.545,0.551,0.699,Frame_120,,14.53
08:57:53.774,-1.608,-2.136,0.573,0.488,0.773,Frame_120,,14.53
08:57:54.274,-1.657,-2.200,0.577,0.412,0.820,Frame_120,,14.53
08:57:54.774,-1.708,-2.279,0.600,0.361,0.786,Frame_120,,14.53
08:57:55.274,-1.750,-2.351,0.592,0.260,0.758,Frame_121,,14.53
08:57:55.774,-1.794,-2.435,0.586,0.267,0.718,Frame_121,,14.53
08:57:56.274,-1.830,-2.510,0.599,0.216,0.693,Frame_121,,14.53
08:57:56.774,-1.864,-2.588,0.603,0.164,0.682,Frame_121,,14.53
08:57:57.281,-1.900,-2.677,0.596,0.029,0.666,Frame_121,,15.33
08:57:57.777,-1.936,-2.766,0.594,-0.020,0.672,Frame_121,,15.33
08:57:58.274,-1.970,-2.850,0.540,-0.074,0.688,Frame_122,,15.33
08:57:58.774,-1.998,-2.918,0.509,-0.096,0.708,Frame_122,,15.33
08:57:59.274,-2.021,-2.971,0.273,-0.495,0.711,Frame_122,,15.33
08:57:59.774,-2.039,-3.006,0.238,-0.609,0.741,Frame_122,,15.33
08:58:00.274,-2.058,-3.036,0.293,-0.604,0.745,Frame_122,,15.33
08:58:00.774,-2.089,-3.075,0.381,-0.647,0.760,Frame_122,,15.33
08:58:01.274,-2.128,-3.117,0.445,-0.512,0.752,Frame_122,,15.33
08:58:01.778,-2.181,-3.165,0.460,-0.420,0.738,Frame_123,,15.33
08:58:02.274,-2.238,-3.210,0.459,-0.271,0.721,Frame_123,,16.32
08:58:02.774,-2.296,-3.252,0.429,-0.205,0.723,Frame_123,,16.32
08:58:03.274,-2.338,-3.280,0.408,-0.069,0.719,Frame_123,,16.32
08:58:03.784,-2.393,-3.316,0.417,0.009,0.717,Frame_123,,16.32
08:58:04.274,-2.442,-3.348,0.415,0.088,0.694,Frame_123,,16.32
08:58:04.774,-2.502,-3.389,0.393,0.130,0.688,Frame_124,,16.32
08:58:05.274,-2.541,-3.416,0.385,0.128,0.641,Frame_124,,16.32
08:58:05.774,-2.590,-3.452,0.370,0.122,0.592,Frame_124,,16.32
08:58:06.274,-2.631,-3.483,0.353,0.090,0.526,Frame_124,,16.32
08:58:06.774,-2.685,-3.525,0.339,0.067,0.505,Frame_124,,16.32
08:58:07.274,-2.721,-3.554,0.320,0.023,0.438,Frame_124,,16.32
08:58:07.774,-2.760,-3.585,0.298,-0.002,0.425,Frame_124,,16.32
08:58:08.274,-2.787,-3.608,0.286,-0.027,0.385,Frame_125,,16.32
08:58:08.774,-2.827,-3.639,0.265,-0.048,0.374,Frame_125,,16.32
08:58:09.274,-2.860,-3.665,0.261,0.046,0.337,Frame_125,,16.32
08:58:09.774,-2.887,-3.688,0.245,0.440,0.341,Frame_125,,16.32
08:58:10.274,-2.917,-3.714,0.242,0.699,0.330,Frame_125,,16.32
08:58:10.774,-2.939,-3.738,0.219,0.919,0.307,Frame_125,,16.32
08:58:11.274,-2.960,-3.771,0.208,1.044,0.302,Frame_126,,16.32
08:58:11.774,-2.971,-3.795,0.163,1.105,0.301,Frame_126,,16.32
08:58:12.274,-2.978,-3.817,0.123,1.120,0.329,Frame_126,,17.44
08:58:12.774,-2.979,-3.832,0.076,1.116,0.319,Frame_126,,17.44
08:58:13.274,-2.978,-3.841,0.031,1.109,0.322,Frame_126,,17.44
08:58:13.774,-2.978,-3.842,-0.030,1.089,0.309,Frame_126,,17.44
08:58:14.276,-2.981,-3.835,-0.067,1.047,0.314,Frame_126,,17.44
08:58:14.774,-2.986,-3.828,-0.098,0.968,0.304,Frame_127,,17.44
08:58:15.274,-2.999,-3.813,-0.132,0.892,0.288,Frame_127,,17.44
08:58:15.774,-3.007,-3.805,-0.064,0.821,0.299,Frame_127,,17.44
08:58:16.274,-3.019,-3.797,-0.161,0.717,0.274,Frame_127,,17.44
08:58:16.774,-3.044,-3.782,-0.082,0.702,0.262,Frame_127,,17.44
08:58:17.276,-3.060,-3.775,-0.051,0.643,0.259,Frame_127,,17.44
08:58:17.774,-3.063,-3.774,0.012,0.430,0.256,Frame_127,Chiave 1 raccolta!,17.44
08:58:18.281,-3.058,-3.775,0.070,0.603,0.259,Frame_128,,17.44
08:58:18.774,-3.052,-3.776,0.024,0.678,0.270,Frame_128,,17.44
08:58:19.274,-3.040,-3.777,0.139,0.805,0.276,Frame_128,,17.44
08:58:19.774,-3.022,-3.775,0.169,0.845,0.291,Frame_128,,17.44
08:58:20.274,-2.986,-3.768,0.252,0.878,0.287,Frame_128,,17.44
08:58:20.774,-2.956,-3.758,0.323,0.880,0.294,Frame_128,,17.44
08:58:21.274,-2.903,-3.733,0.433,0.817,0.303,Frame_129,,17.44
08:58:21.774,-2.848,-3.697,0.522,0.700,0.310,Frame_129,,17.44
08:58:22.274,-2.772,-3.636,0.569,0.586,0.331,Frame_129,,17.44
08:58:22.777,-2.715,-3.580,0.580,0.497,0.356,Frame_129,,17.44
08:58:23.274,-2.653,-3.509,0.603,0.376,0.389,Frame_129,,17.44
08:58:23.781,-2.601,-3.443,0.596,0.236,0.439,Frame_129,,17.44
08:58:24.274,-2.539,-3.355,0.601,0.007,0.486,Frame_129,,17.44
08:58:24.774,-2.476,-3.266,0.600,-0.092,0.552,Frame_130,,17.44
08:58:25.274,-2.428,-3.200,0.573,-0.152,0.608,Frame_130,,17.44
08:58:25.774,-2.373,-3.126,0.590,-0.105,0.576,Frame_130,,17.44
08:58:26.284,-2.307,-3.043,0.592,-0.059,0.542,Frame_130,,17.44
08:58:26.774,-2.255,-2.978,0.589,-0.037,0.541,Frame_130,,17.44
08:58:27.275,-2.203,-2.914,0.588,-0.052,0.532,Frame_130,,18.24
08:58:27.774,-2.150,-2.850,0.586,-0.027,0.556,Frame_131,,18.24
08:58:28.284,-2.082,-2.769,0.593,-0.046,0.566,Frame_131,,18.24
08:58:28.774,-2.021,-2.696,0.591,-0.052,0.610,Frame_131,,18.24
08:58:29.274,-1.959,-2.625,0.587,-0.114,0.659,Frame_131,,18.24
08:58:29.774,-1.905,-2.565,0.580,-0.136,0.715,Frame_131,,18.24
08:58:30.274,-1.841,-2.497,0.568,-0.181,0.747,Frame_131,,18.24
08:58:30.774,-1.771,-2.426,0.543,-0.168,0.729,Frame_131,,18.24
08:58:31.274,-1.718,-2.375,0.488,-0.108,0.719,Frame_132,,18.24
08:58:31.774,-1.662,-2.323,0.478,-0.089,0.717,Frame_132,,18.24
08:58:32.274,-1.600,-2.268,0.450,-0.016,0.714,Frame_132,,18.42
08:58:32.774,-1.552,-2.226,0.464,-0.015,0.708,Frame_132,,18.42
08:58:33.274,-1.491,-2.171,0.457,-0.020,0.708,Frame_132,,18.42
08:58:33.774,-1.443,-2.129,0.435,-0.011,0.708,Frame_132,,18.42
08:58:34.274,-1.392,-2.084,0.431,-0.009,0.708,Frame_133,,18.42
08:58:34.774,-1.340,-2.039,0.412,-0.026,0.708,Frame_133,,18.42
08:58:35.274,-1.292,-1.997,0.386,-0.021,0.708,Frame_133,,18.42
08:58:35.777,-1.239,-1.951,0.395,0.030,0.682,Frame_133,,18.42
08:58:36.274,-1.203,-1.920,0.400,0.018,0.652,Frame_133,,18.42
08:58:36.781,-1.148,-1.872,0.422,0.077,0.589,Frame_133,,18.42
08:58:37.274,-1.095,-1.825,0.447,0.018,0.531,Frame_133,,18.63
08:58:37.774,-1.042,-1.777,0.454,0.051,0.501,Frame_134,,18.63
08:58:38.274,-0.996,-1.735,0.449,0.106,0.431,Frame_134,,18.63
08:58:38.774,-0.943,-1.685,0.449,0.240,0.390,Frame_134,,18.63
08:58:39.274,-0.893,-1.635,0.447,0.360,0.355,Frame_134,,18.63
08:58:39.774,-0.852,-1.589,0.428,0.471,0.336,Frame_134,,18.63
08:58:40.274,-0.810,-1.534,0.429,0.529,0.288,Frame_134,,18.63
08:58:40.774,-0.776,-1.483,0.448,0.527,0.288,Frame_135,,18.63
08:58:41.274,-0.732,-1.401,0.476,0.517,0.282,Frame_135,,18.63
08:58:41.774,-0.703,-1.330,0.494,0.497,0.294,Frame_135,,18.63
08:58:42.274,-0.681,-1.263,0.531,0.360,0.288,Frame_135,,18.63
08:58:42.774,-0.656,-1.169,0.551,0.260,0.322,Frame_135,,18.63
08:58:43.276,-0.639,-1.094,0.556,0.202,0.341,Frame_135,,18.63
08:58:43.774,-0.621,-0.995,0.561,0.144,0.388,Frame_136,,18.63
08:58:44.274,-0.604,-0.886,0.560,0.099,0.445,Frame_136,,18.63
08:58:44.774,-0.589,-0.775,0.572,0.049,0.543,Frame_136,,18.63
08:58:45.274,-0.576,-0.663,0.546,0.036,0.621,Frame_136,,18.63
08:58:45.774,-0.563,-0.554,0.547,0.014,0.723,Frame_136,,18.63
08:58:46.274,-0.551,-0.445,0.558,0.006,0.822,Frame_137,,18.63
08:58:46.774,-0.539,-0.333,0.558,-0.010,0.917,Frame_137,,18.63
08:58:47.276,-0.527,-0.223,0.564,-0.030,1.016,Frame_137,,18.78
08:58:47.774,-0.513,-0.112,0.560,-0.003,1.112,Frame_137,,18.78
08:58:48.274,-0.500,0.000,0.568,-0.001,1.229,Frame_137,,18.78
08:58:48.781,-0.486,0.111,0.551,-0.028,1.214,Frame_138,,18.78
08:58:49.274,-0.473,0.220,0.540,-0.045,1.110,Frame_138,,18.78
08:58:49.774,-0.458,0.325,0.516,-0.051,1.013,Frame_138,,18.78
08:58:50.283,-0.444,0.426,0.504,-0.067,0.918,Frame_138,,18.78
08:58:50.775,-0.429,0.521,0.464,-0.054,0.845,Frame_138,,18.78
08:58:51.274,-0.414,0.612,0.443,-0.055,0.744,Frame_139,,18.78
08:58:51.774,-0.402,0.685,0.389,-0.118,0.671,Frame_139,,18.78
08:58:52.274,-0.390,0.744,0.353,-0.111,0.612,Frame_139,,18.79
08:58:52.774,-0.379,0.796,0.310,-0.081,0.605,Frame_139,,18.79
08:58:53.274,-0.369,0.838,0.368,-0.303,0.558,Frame_139,,18.79
08:58:53.774,-0.353,0.898,0.399,-0.489,0.530,Frame_139,,18.79
08:58:54.274,-0.331,0.957,0.290,-0.476,0.492,Frame_140,,18.79
08:58:54.774,-0.318,0.989,0.266,-0.456,0.460,Frame_140,,18.79
08:58:55.280,-0.296,1.028,0.233,-0.436,0.436,Frame_140,,18.79
08:58:55.774,-0.278,1.057,0.176,-0.370,0.405,Frame_140,,18.79
08:58:56.274,-0.262,1.079,0.161,-0.406,0.398,Frame_140,,18.79
08:58:56.774,-0.247,1.098,0.138,-0.450,0.381,Frame_140,,18.79
08:58:57.274,-0.233,1.112,0.105,-0.469,0.371,Frame_140,,18.79
08:58:57.774,-0.220,1.124,0.068,-0.584,0.366,Frame_141,,18.79
08:58:58.274,-0.214,1.129,0.051,-0.608,0.351,Frame_141,,18.79
08:58:58.774,-0.207,1.133,0.023,-0.591,0.353,Frame_141,,18.79
08:58:59.274,-0.206,1.134,0.006,-0.561,0.353,Frame_141,,18.79
08:58:59.774,-0.206,1.134,0.001,-0.530,0.353,Frame_141,,18.79
08:59:00.274,-0.206,1.134,-0.006,-0.469,0.362,Frame_141,,18.79
08:59:00.774,-0.207,1.133,-0.007,-0.410,0.348,Frame_142,,18.79
08:59:01.274,-0.209,1.133,-0.087,-0.027,0.351,Frame_142,Chiave 2 raccolta!,18.79
08:59:01.774,-0.234,1.131,-0.170,-0.126,0.374,Frame_142,,18.79
08:59:02.274,-0.258,1.129,-0.180,-0.148,0.388,Frame_142,,18.79
08:59:02.774,-0.292,1.127,-0.257,-0.259,0.419,Frame_142,,18.79
08:59:03.274,-0.335,1.126,-0.266,-0.357,0.471,Frame_142,,18.79
08:59:03.774,-0.377,1.128,-0.221,-0.539,0.499,Frame_143,,18.79
08:59:04.274,-0.418,1.134,-0.178,-0.647,0.545,Frame_143,,18.79
08:59:04.774,-0.447,1.141,-0.132,-0.740,0.583,Frame_143,,18.79
08:59:05.274,-0.460,1.146,-0.059,-0.833,0.599,Frame_143,,18.79
08:59:05.774,-0.470,1.151,-0.064,-0.912,0.609,Frame_143,,18.79
08:59:06.274,-0.476,1.156,-0.036,-0.971,0.616,Frame_143,,18.79
08:59:06.784,-0.480,1.159,-0.021,-1.020,0.604,Frame_144,,18.79
08:59:07.274,-0.481,1.161,-0.018,-1.076,0.602,Frame_144,,18.79
08:59:07.774,-0.482,1.163,0.001,-1.105,0.588,Frame_144,,18.79
08:59:08.274,-0.482,1.161,0.017,-1.119,0.580,Frame_144,,18.79
08:59:08.777,-0.481,1.157,0.038,-1.126,0.575,Frame_144,,18.79
08:59:09.274,-0.482,1.148,0.082,-1.114,0.568,Frame_144,,18.79
08:59:09.774,-0.486,1.130,0.193,-1.059,0.550,Frame_145,,18.79
08:59:10.274,-0.504,1.091,0.359,-0.953,0.546,Frame_145,,18.79
08:59:10.774,-0.532,1.047,0.470,-0.832,0.556,Frame_145,,18.79
08:59:11.274,-0.584,0.986,0.542,-0.707,0.576,Frame_145,,18.79
08:59:11.774,-0.649,0.924,0.586,-0.564,0.655,Frame_145,,18.79
08:59:12.274,-0.724,0.865,0.607,-0.429,0.680,Frame_145,,18.79
08:59:12.774,-0.763,0.837,0.607,-0.314,0.805,Frame_146,,18.79
08:59:13.274,-0.885,0.760,0.610,-0.238,0.920,Frame_146,,18.79
08:59:13.774,-0.969,0.713,0.597,-0.151,0.985,Frame_146,,18.79
08:59:14.274,-1.063,0.665,0.570,-0.098,1.093,Frame_146,,18.79
08:59:14.774,-1.133,0.630,0.567,-0.070,1.211,Frame_146,,18.79
08:59:15.274,-1.224,0.586,0.543,-0.081,1.168,Frame_146,,18.79
08:59:15.774,-1.303,0.549,0.555,0.011,1.075,Frame_146,,18.79
08:59:16.274,-1.374,0.515,0.561,0.050,1.025,Frame_147,,18.79
08:59:16.774,-1.454,0.477,0.538,-0.010,0.932,Frame_147,,18.79
08:59:17.274,-1.539,0.437,0.502,-0.031,0.845,Frame_147,,18.80
08:59:17.774,-1.609,0.404,0.463,-0.068,0.790,Frame_147,,18.80
08:59:18.274,-1.675,0.373,0.447,-0.032,0.723,Frame_147,,18.80
08:59:18.783,-1.738,0.344,0.419,-0.009,0.650,Frame_147,,18.80
08:59:19.274,-1.790,0.321,0.382,0.031,0.620,Frame_148,,18.80
08:59:19.774,-1.844,0.296,0.369,-0.017,0.559,Frame_148,,18.80
08:59:20.274,-1.911,0.265,0.368,-0.104,0.524,Frame_148,,18.80
08:59:20.774,-1.958,0.244,0.369,-0.107,0.480,Frame_148,,18.80
08:59:21.274,-2.006,0.224,0.359,-0.101,0.456,Frame_148,,18.80
08:59:21.774,-2.057,0.203,0.336,-0.082,0.419,Frame_148,,18.80
08:59:22.276,-2.107,0.184,0.328,-0.061,0.403,Frame_149,,18.85
08:59:22.774,-2.155,0.166,0.304,-0.043,0.374,Frame_149,,18.85
08:59:23.274,-2.200,0.149,0.306,-0.073,0.347,Frame_149,,18.85
08:59:23.774,-2.246,0.133,0.283,-0.058,0.340,Frame_149,,18.85
08:59:24.274,-2.292,0.117,0.269,-0.074,0.350,Frame_149,,18.85
08:59:24.774,-2.322,0.108,0.256,-0.037,0.342,Frame_149,,18.85
08:59:25.274,-2.363,0.094,0.217,-0.019,0.368,Frame_149,,18.85
08:59:25.774,-2.391,0.085,0.207,0.019,0.380,Frame_150,,18.85
08:59:26.282,-2.426,0.074,0.202,0.001,0.372,Frame_150,,18.85
08:59:26.774,-2.445,0.068,0.197,0.007,0.385,Frame_150,,18.85
08:59:27.274,-2.481,0.056,0.192,-0.021,0.396,Frame_150,,19.31
08:59:27.774,-2.500,0.050,0.194,-0.068,0.393,Frame_150,,19.31
08:59:28.274,-2.535,0.039,0.170,-0.161,0.413,Frame_150,,19.31
08:59:28.774,-2.556,0.033,0.164,-0.284,0.430,Frame_151,,19.31
08:59:29.274,-2.573,0.029,0.148,-0.417,0.427,Frame_151,,19.31
08:59:29.774,-2.596,0.025,0.180,-0.472,0.418,Frame_151,,19.31
08:59:30.274,-2.626,0.021,0.204,-0.450,0.409,Frame_151,,19.31
08:59:30.774,-2.654,0.020,0.195,-0.430,0.403,Frame_151,,19.31
08:59:31.276,-2.684,0.020,0.176,-0.357,0.390,Frame_151,,19.31
08:59:31.774,-2.711,0.022,0.162,-0.275,0.368,Frame_151,,19.31
08:59:32.274,-2.740,0.026,0.183,-0.292,0.366,Frame_152,,19.31
08:59:32.776,-2.773,0.032,0.193,-0.298,0.367,Frame_152,,19.31
08:59:33.274,-2.796,0.037,0.217,-0.237,0.360,Frame_152,,19.31
08:59:33.774,-2.833,0.047,0.208,-0.173,0.352,Frame_152,,19.31
08:59:34.274,-2.861,0.055,0.200,-0.145,0.356,Frame_152,,19.31
08:59:34.774,-2.868,0.057,0.187,-0.139,0.342,Frame_152,,19.31
08:59:35.274,-2.914,0.073,0.161,-0.147,0.331,Frame_152,,19.31
08:59:35.774,-2.939,0.082,0.186,-0.240,0.327,Frame_153,,19.31
08:59:36.274,-2.963,0.092,0.210,-0.706,0.341,Frame_153,,19.31
08:59:36.774,-3.000,0.113,0.286,-1.004,0.342,Frame_153,,19.31
08:59:37.274,-3.033,0.139,0.323,-1.147,0.339,Frame_153,,20.42
08:59:37.774,-3.066,0.174,0.366,-1.223,0.347,Frame_153,,20.42
08:59:38.274,-3.094,0.217,0.359,-1.236,0.349,Frame_153,,20.42
08:59:38.774,-3.117,0.273,0.307,-1.103,0.339,Frame_154,,20.42
08:59:39.278,-3.125,0.316,0.296,-0.980,0.346,Frame_154,,20.42
08:59:39.774,-3.128,0.360,0.244,-0.867,0.340,Frame_154,,20.42
08:59:40.274,-3.124,0.397,0.206,-0.807,0.338,Frame_154,,20.42
08:59:40.774,-3.118,0.425,0.157,-0.813,0.326,Frame_154,,20.42
08:59:41.274,-3.109,0.450,0.127,-0.691,0.344,Frame_154,,20.42
08:59:41.774,-3.101,0.465,0.079,-0.768,0.324,Frame_155,,20.42
08:59:42.274,-3.096,0.473,0.030,-0.778,0.327,Frame_155,,20.42
08:59:42.774,-3.093,0.476,0.012,-0.781,0.340,Frame_155,,20.42
08:59:43.274,-3.093,0.476,-0.007,-0.752,0.342,Frame_155,,20.42
08:59:43.774,-3.093,0.476,-0.015,-0.711,0.348,Frame_155,,20.42
08:59:44.274,-3.095,0.475,-0.007,-0.627,0.344,Frame_155,,20.42
08:59:44.774,-3.097,0.474,-0.016,-0.558,0.346,Frame_156,,20.42
08:59:45.279,-3.099,0.474,-0.007,-0.503,0.364,Frame_156,,20.42
08:59:45.777,-3.101,0.473,-0.009,-0.446,0.367,Frame_156,,20.42
08:59:46.274,-3.102,0.473,-0.016,-0.391,0.359,Frame_156,,20.42
08:59:46.774,-3.104,0.473,0.000,0.000,0.366,Frame_156,Chiave 3 raccolta!,20.42
08:59:47.274,-3.104,0.473,0.000,0.000,0.363,Frame_156,,21.23
08:59:47.774,-3.107,0.473,-0.078,-0.057,0.371,Frame_156,,21.23
08:59:48.274,-3.126,0.472,-0.131,-0.196,0.384,Frame_157,,21.23
08:59:48.774,-3.143,0.471,-0.093,-0.397,0.392,Frame_157,,21.23
08:59:49.274,-3.158,0.471,-0.055,-0.648,0.417,Frame_157,,21.23
08:59:49.776,-3.166,0.473,-0.056,-0.787,0.423,Frame_157,,21.23
08:59:50.274,-3.174,0.475,-0.049,-0.874,0.434,Frame_157,,21.23
08:59:50.774,-3.180,0.477,-0.012,-0.928,0.446,Frame_157,,21.23
08:59:51.274,-3.181,0.478,-0.008,-0.957,0.439,Frame_158,,21.23
08:59:51.774,-3.181,0.478,0.009,-0.932,0.440,Frame_158,,21.23
08:59:52.274,-3.177,0.473,0.101,-0.939,0.415,Frame_158,,21.23
08:59:52.775,-3.167,0.458,0.194,-0.896,0.416,Frame_158,,21.23
08:59:53.274,-3.155,0.430,0.186,-0.836,0.380,Frame_158,,21.23
08:59:53.774,-3.147,0.407,0.205,-0.692,0.365,Frame_158,,21.23
08:59:54.274,-3.140,0.369,0.390,-0.587,0.340,Frame_159,,21.23
08:59:54.776,-3.133,0.306,0.483,-0.517,0.331,Frame_159,,21.23
08:59:55.274,-3.132,0.225,0.520,-0.452,0.316,Frame_159,,21.23
08:59:55.775,-3.136,0.139,0.556,-0.403,0.363,Frame_159,,21.23
08:59:56.274,-3.150,0.028,0.568,-0.283,0.423,Frame_159,,21.23
08:59:56.777,-3.171,-0.086,0.575,-0.205,0.511,Frame_159,,21.23
08:59:57.274,-3.190,-0.171,0.516,-0.345,0.577,Frame_160,,21.72
08:59:57.774,-3.216,-0.262,0.527,-0.333,0.661,Frame_160,,21.72
08:59:58.274,-3.234,-0.317,0.441,0.192,0.754,Frame_160,,21.72
08:59:58.774,-3.259,-0.401,0.443,0.353,0.798,Frame_160,,21.72
08:59:59.274,-3.273,-0.461,0.444,0.353,0.899,Frame_160,,21.72
08:59:59.780,-3.285,-0.531,0.464,0.318,0.890,Frame_160,,21.72
09:00:00.274,-3.297,-0.623,0.468,0.256,0.848,Frame_161,,21.72
09:00:00.779,-3.303,-0.716,0.465,0.212,0.806,Frame_161,,21.72
09:00:01.274,-3.305,-0.809,0.476,0.154,0.777,Frame_161,,21.72
09:00:01.783,-3.305,-0.866,0.461,0.138,0.757,Frame_161,,21.72
09:00:02.274,-3.303,-0.939,0.465,0.059,0.726,Frame_161,,21.72
09:00:02.774,-3.301,-1.012,0.442,0.082,0.707,Frame_161,,21.72
09:00:03.274,-3.299,-1.072,0.421,0.093,0.684,Frame_162,,21.72
09:00:03.774,-3.295,-1.130,0.397,0.093,0.678,Frame_162,,21.72
09:00:04.274,-3.291,-1.191,0.370,-0.086,0.677,Frame_162,,21.72
09:00:04.774,-3.288,-1.250,0.359,-0.125,0.656,Frame_162,,21.72
09:00:05.274,-3.286,-1.299,0.355,-0.176,0.648,Frame_162,,21.72
09:00:05.774,-3.285,-1.356,0.347,-0.168,0.649,Frame_162,,21.72
09:00:06.274,-3.286,-1.409,0.337,-0.028,0.648,Frame_162,,21.72
09:00:06.775,-3.286,-1.450,0.332,0.192,0.641,Frame_163,,21.72
09:00:07.283,-3.286,-1.502,0.066,0.441,0.645,Frame_163,,22.06
09:00:07.774,-3.287,-1.489,-0.203,0.480,0.646,Frame_163,,22.06
09:00:08.274,-3.293,-1.452,-0.267,0.530,0.644,Frame_163,,22.06
09:00:08.774,-3.300,-1.421,-0.261,0.590,0.669,Frame_163,,22.06
09:00:09.274,-3.310,-1.387,-0.202,0.663,0.687,Frame_163,,22.06
09:00:09.774,-3.324,-1.354,-0.196,0.750,0.712,Frame_164,,22.06
09:00:10.274,-3.338,-1.331,-0.133,0.825,0.724,Frame_164,,22.06
09:00:10.774,-3.349,-1.316,-0.092,0.889,0.759,Frame_164,,22.06
09:00:11.274,-3.357,-1.308,-0.056,0.991,0.766,Frame_164,,22.06
09:00:11.774,-3.362,-1.304,-0.054,1.033,0.775,Frame_164,,22.06
09:00:12.274,-3.369,-1.300,-0.040,1.069,0.754,Frame_164,,22.06
09:00:12.775,-3.373,-1.298,-0.019,1.113,0.744,Frame_164,,22.06
09:00:13.276,-3.375,-1.298,-0.007,1.166,0.768,Frame_165,,22.06
09:00:13.774,-3.375,-1.298,0.011,1.196,0.760,Frame_165,,22.06
09:00:14.274,-3.372,-1.297,0.025,1.221,0.774,Frame_165,,22.06
09:00:14.774,-3.368,-1.295,0.041,1.217,0.773,Frame_165,,22.06
09:00:15.274,-3.360,-1.291,0.077,1.186,0.782,Frame_165,,22.06
09:00:15.774,-3.350,-1.281,0.147,1.116,0.773,Frame_165,,22.06
09:00:16.274,-3.328,-1.254,0.283,1.011,0.761,Frame_166,,22.06
09:00:16.774,-3.307,-1.216,0.387,0.899,0.716,Frame_166,,22.06
09:00:17.274,-3.283,-1.153,0.471,0.746,0.703,Frame_166,,22.06
09:00:17.774,-3.261,-1.066,0.528,0.522,0.662,Frame_166,,22.06
09:00:18.274,-3.248,-0.991,0.549,0.407,0.649,Frame_166,,22.06
09:00:18.774,-3.239,-0.892,0.567,0.181,0.647,Frame_166,,22.06
09:00:19.274,-3.232,-0.779,0.569,0.124,0.664,Frame_167,,22.06
09:00:19.774,-3.228,-0.664,0.567,0.088,0.680,Frame_167,,22.06
09:00:20.274,-3.227,-0.551,0.574,0.080,0.715,Frame_167,,22.06
09:00:20.774,-3.227,-0.472,0.549,0.123,0.789,Frame_167,,22.06
09:00:21.274,-3.229,-0.384,0.554,0.132,0.804,Frame_167,,22.06
09:00:21.774,-3.232,-0.295,0.558,0.075,0.884,Frame_167,,22.06
09:00:22.274,-3.237,-0.207,0.548,0.063,0.797,Frame_168,,22.31
09:00:22.774,-3.243,-0.107,0.576,0.013,0.750,Frame_168,,22.31
09:00:23.274,-3.247,-0.037,0.590,0.021,0.692,Frame_168,,22.31
09:00:23.785,-3.254,0.065,0.555,0.043,0.603,Frame_168,,22.31
09:00:24.274,-3.261,0.153,0.540,0.038,0.530,Frame_168,,22.31
09:00:24.774,-3.267,0.225,0.472,-0.011,0.492,Frame_168,,22.31
09:00:25.274,-3.273,0.308,0.457,0.001,0.452,Frame_169,,22.31
09:00:25.774,-3.279,0.371,0.453,0.005,0.427,Frame_169,,22.31
09:00:26.274,-3.284,0.443,0.440,0.016,0.418,Frame_169,,22.31
09:00:26.779,-3.289,0.496,0.425,-0.000,0.405,Frame_169,,22.31
09:00:27.274,-3.295,0.571,0.409,0.027,0.400,Frame_169,,22.41
09:00:27.774,-3.299,0.619,0.210,-0.151,0.409,Frame_169,,22.41
09:00:28.274,-3.301,0.646,0.093,-0.399,0.420,Frame_169,,22.41
09:00:28.786,-3.301,0.666,0.163,-0.420,0.428,Frame_170,,22.41
09:00:29.274,-3.300,0.692,0.201,-0.433,0.439,Frame_170,,22.41
09:00:29.774,-3.294,0.731,0.259,-0.401,0.444,Frame_170,,22.41
09:00:30.274,-3.283,0.785,0.310,-0.382,0.433,Frame_170,,22.41
09:00:30.774,-3.268,0.835,0.315,-0.298,0.436,Frame_170,,22.41
09:00:31.274,-3.255,0.875,0.282,-0.224,0.439,Frame_170,,22.41
09:00:31.774,-3.235,0.926,0.292,-0.107,0.439,Frame_171,,22.41
09:00:32.274,-3.221,0.959,0.315,-0.034,0.443,Frame_171,,22.41
09:00:32.774,-3.199,1.011,0.312,0.016,0.439,Frame_171,,22.41
09:00:33.274,-3.176,1.066,0.350,0.054,0.458,Frame_171,,22.41
09:00:33.774,-3.158,1.112,0.341,0.086,0.470,Frame_171,,22.41
09:00:34.284,-3.138,1.161,0.319,0.115,0.487,Frame_171,,22.41
09:00:34.774,-3.117,1.214,0.325,-0.276,0.520,Frame_172,,22.41
09:00:35.274,-3.100,1.256,0.317,-0.510,0.551,Frame_172,,22.41
09:00:35.774,-3.074,1.305,0.292,-0.591,0.580,Frame_172,,22.41
09:00:36.274,-3.052,1.338,0.265,-0.633,0.623,Frame_172,,22.41
09:00:36.774,-3.025,1.373,0.044,-0.596,0.634,Frame_172,,22.41
09:00:37.276,-3.033,1.365,-0.208,-0.599,0.647,Frame_172,,22.64
09:00:37.775,-3.060,1.342,-0.217,-0.646,0.645,Frame_173,,22.64
09:00:38.274,-3.085,1.325,-0.166,-0.724,0.653,Frame_173,,22.64
09:00:38.774,-3.102,1.316,-0.070,-0.828,0.646,Frame_173,,22.64
09:00:39.277,-3.110,1.313,-0.043,-0.913,0.677,Frame_173,,22.64
09:00:39.774,-3.116,1.311,-0.031,-0.969,0.659,Frame_173,,22.64
09:00:40.274,-3.120,1.311,-0.026,-1.057,0.672,Frame_173,,22.64
09:00:40.775,-3.123,1.311,-0.005,-1.074,0.702,Frame_173,,22.64
09:00:41.274,-3.124,1.311,-0.003,-1.104,0.708,Frame_174,,22.64
09:00:41.774,-3.123,1.311,0.019,-1.098,0.722,Frame_174,,22.64
09:00:42.275,-3.120,1.308,0.038,-1.091,0.714,Frame_174,,22.64
09:00:42.774,-3.115,1.304,0.066,-1.093,0.708,Frame_174,,22.64
09:00:43.274,-3.107,1.294,0.103,-1.052,0.707,Frame_174,,22.64
09:00:43.775,-3.101,1.281,0.162,-0.998,0.680,Frame_174,,22.64
09:00:44.287,-3.090,1.252,0.259,-0.937,0.672,Frame_175,,22.64
09:00:44.774,-3.080,1.197,0.355,-0.809,0.613,Frame_175,,22.64
09:00:45.274,-3.076,1.143,0.428,-0.647,0.578,Frame_175,,22.64
09:00:45.775,-3.080,1.064,0.456,-0.535,0.496,Frame_175,,22.64
09:00:46.282,-3.090,0.990,0.489,-0.397,0.420,Frame_175,,22.64
09:00:46.774,-3.105,0.912,0.519,-0.251,0.387,Frame_175,,22.64
09:00:47.274,-3.128,0.820,0.547,-0.144,0.305,Frame_176,,22.80
09:00:47.774,-3.149,0.745,0.561,-0.061,0.289,Frame_176,,22.80
09:00:48.274,-3.177,0.648,0.550,0.027,0.270,Frame_176,,22.80
09:00:48.774,-3.204,0.553,0.549,0.103,0.281,Frame_176,,22.80
09:00:49.274,-3.221,0.489,0.545,0.149,0.288,Frame_176,,22.80
09:00:49.774,-3.244,0.394,0.541,0.190,0.306,Frame_176,,22.80
09:00:50.274,-3.262,0.309,0.533,0.197,0.338,Frame_176,,22.80
09:00:50.774,-3.277,0.225,0.536,0.185,0.362,Frame_177,,22.80
09:00:51.274,-3.292,0.129,0.545,0.161,0.412,Frame_177,,22.80
09:00:51.774,-3.306,0.009,0.544,0.127,0.468,Frame_177,,22.80
09:00:52.274,-3.314,-0.076,0.528,0.075,0.561,Frame_177,,22.80
09:00:52.774,-3.322,-0.182,0.540,0.068,0.648,Frame_177,,22.80
09:00:53.279,-3.328,-0.289,0.543,0.020,0.739,Frame_178,,22.80
09:00:53.774,-3.335,-0.397,0.547,-0.019,0.815,Frame_178,,22.80
09:00:54.274,-3.341,-0.508,0.547,-0.006,0.906,Frame_178,,22.80
09:00:54.774,-3.349,-0.628,0.549,0.010,0.834,Frame_178,,22.80
09:00:55.274,-3.355,-0.735,0.536,0.015,0.785,Frame_178,,22.80
09:00:55.774,-3.361,-0.843,0.547,0.003,0.746,Frame_179,,22.80
09:00:56.281,-3.367,-0.952,0.540,0.034,0.711,Frame_179,,22.80
09:00:56.774,-3.372,-1.036,0.510,0.092,0.689,Frame_179,,22.80
09:00:57.274,-3.375,-1.115,0.483,0.076,0.692,Frame_179,,22.90
09:00:57.774,-3.376,-1.183,0.471,0.045,0.684,Frame_179,,22.90
09:00:58.274,-3.378,-1.257,0.447,0.026,0.680,Frame_179,,22.90
09:00:58.774,-3.378,-1.319,0.424,0.007,0.654,Frame_180,,22.90
09:00:59.277,-3.379,-1.386,0.408,0.001,0.659,Frame_180,,22.90
09:00:59.774,-3.380,-1.443,0.406,0.001,0.653,Frame_180,,22.90
09:01:00.274,-3.381,-1.505,0.367,0.013,0.652,Frame_180,,22.90
09:01:00.783,-3.381,-1.561,0.323,0.062,0.649,Frame_180,,22.90
09:01:01.274,-3.381,-1.605,0.295,0.067,0.645,Frame_180,,22.90
09:01:01.774,-3.380,-1.652,0.292,0.244,0.633,Frame_181,,22.90
09:01:02.274,-3.378,-1.700,0.298,0.508,0.642,Frame_181,,22.90
09:01:02.774,-3.371,-1.752,0.271,0.619,0.638,Frame_181,,22.90
09:01:03.274,-3.364,-1.782,0.240,0.682,0.639,Frame_181,,22.90
09:01:03.774,-3.353,-1.817,0.198,0.724,0.616,Frame_181,,22.90
09:01:04.274,-3.342,-1.842,0.147,0.726,0.607,Frame_181,,22.90
09:01:04.774,-3.332,-1.858,0.116,0.735,0.602,Frame_181,,22.90
09:01:05.274,-3.324,-1.869,0.074,0.709,0.610,Frame_182,,22.90
09:01:05.783,-3.319,-1.875,0.034,0.673,0.605,Frame_182,,22.90
09:01:06.274,-3.316,-1.877,0.006,0.647,0.603,Frame_182,,22.90
09:01:06.774,-3.317,-1.877,-0.013,0.602,0.609,Frame_182,,22.90
09:01:07.274,-3.320,-1.875,-0.032,0.533,0.605,Frame_182,,22.90
09:01:07.776,-3.328,-1.871,-0.163,0.522,0.622,Frame_182,,22.90
09:01:08.274,-3.353,-1.861,-0.120,0.637,0.642,Frame_182,,22.90
09:01:08.774,-3.366,-1.856,-0.015,0.733,0.651,Frame_183,,22.90
09:01:09.275,-3.368,-1.856,-0.000,0.847,0.671,Frame_183,,22.90
09:01:09.775,-3.370,-1.856,-0.032,0.930,0.680,Frame_183,,22.90
09:01:10.274,-3.374,-1.856,-0.017,0.982,0.682,Frame_183,,22.90
09:01:10.776,-3.376,-1.857,0.001,1.060,0.685,Frame_183,,22.90
09:01:11.274,-3.374,-1.856,0.026,1.069,0.670,Frame_183,,22.90
09:01:11.774,-3.369,-1.852,0.072,1.079,0.672,Frame_184,,22.90
09:01:12.274,-3.358,-1.843,0.143,1.070,0.666,Frame_184,,22.90
09:01:12.776,-3.337,-1.818,0.274,0.998,0.628,Frame_184,,22.90
09:01:13.275,-3.314,-1.779,0.406,0.846,0.603,Frame_184,,22.90
09:01:13.774,-3.283,-1.706,0.517,0.613,0.582,Frame_184,,22.90
09:01:14.274,-3.260,-1.624,0.554,0.481,0.549,Frame_184,,22.90
09:01:14.774,-3.244,-1.548,0.555,0.374,0.540,Frame_184,,22.90
09:01:15.274,-3.229,-1.449,0.558,0.272,0.521,Frame_185,,22.90
09:01:15.774,-3.219,-1.339,0.560,0.197,0.518,Frame_185,,22.90
09:01:16.274,-3.213,-1.227,0.559,0.121,0.504,Frame_185,,22.90
09:01:16.774,-3.210,-1.138,0.570,0.078,0.521,Frame_185,,22.90
09:01:17.274,-3.209,-1.047,0.555,0.051,0.523,Frame_185,,22.90
09:01:17.776,-3.208,-0.959,0.548,0.052,0.531,Frame_186,,22.90
09:01:18.274,-3.208,-0.870,0.558,-0.031,0.543,Frame_186,,22.90
09:01:18.776,-3.208,-0.770,0.562,-0.019,0.555,Frame_186,,22.90
09:01:19.274,-3.208,-0.692,0.544,0.037,0.593,Frame_186,,22.90
09:01:19.774,-3.208,-0.605,0.536,0.052,0.628,Frame_186,,22.90
09:01:20.274,-3.208,-0.529,0.542,0.075,0.676,Frame_186,,22.90
09:01:20.779,-3.210,-0.444,0.527,0.090,0.708,Frame_186,,22.90
09:01:21.274,-3.212,-0.361,0.512,0.050,0.778,Frame_187,,22.90
09:01:21.774,-3.215,-0.278,0.531,0.053,0.817,Frame_187,,22.90
09:01:22.274,-3.220,-0.183,0.520,0.071,0.774,Frame_187,,22.99
09:01:22.774,-3.224,-0.121,0.518,0.047,0.672,Frame_187,,22.99
09:01:23.274,-3.230,-0.029,0.499,0.000,0.633,Frame_187,,22.99
09:01:23.774,-3.235,0.049,0.491,-0.004,0.545,Frame_187,,22.99
09:01:24.277,-3.240,0.130,0.517,-0.029,0.528,Frame_188,,22.99
09:01:24.774,-3.245,0.202,0.527,-0.064,0.444,Frame_188,,22.99
09:01:25.279,-3.248,0.274,0.523,-0.169,0.425,Frame_188,,22.99
09:01:25.780,-3.251,0.370,0.531,-0.200,0.366,Frame_188,,22.99
09:01:26.274,-3.250,0.456,0.546,-0.153,0.346,Frame_188,,22.99
09:01:26.774,-3.247,0.556,0.572,-0.133,0.325,Frame_188,,22.99
09:01:27.274,-3.240,0.668,0.548,-0.123,0.338,Frame_189,,23.01
09:01:27.774,-3.231,0.777,0.554,-0.129,0.337,Frame_189,,23.01
09:01:28.274,-3.221,0.877,0.563,-0.122,0.345,Frame_189,,23.01
09:01:28.774,-3.206,0.988,0.541,-0.128,0.363,Frame_189,,23.01
09:01:29.275,-3.190,1.094,0.530,-0.099,0.423,Frame_189,,23.01
09:01:29.774,-3.178,1.165,0.520,-0.097,0.477,Frame_189,,23.01
09:01:30.274,-3.162,1.249,0.534,-0.061,0.518,Frame_190,,23.01
09:01:30.774,-3.145,1.332,0.529,-0.060,0.582,Frame_190,,23.01
09:01:31.274,-3.126,1.424,0.510,-0.077,0.674,Frame_190,,23.01
09:01:31.774,-3.108,1.502,0.491,-0.082,0.681,Frame_190,,23.01
09:01:32.274,-3.090,1.578,0.473,-0.075,0.663,Frame_190,,23.09
09:01:32.774,-3.073,1.648,0.425,-0.064,0.645,Frame_190,,23.09
09:01:33.274,-3.054,1.720,0.406,-0.075,0.645,Frame_191,,23.09
09:01:33.775,-3.037,1.781,0.390,-0.063,0.631,Frame_191,,23.09
09:01:34.276,-3.020,1.839,0.369,-0.054,0.623,Frame_191,,23.09
09:01:34.774,-3.004,1.893,0.339,-0.030,0.601,Frame_191,,23.09
09:01:35.274,-2.991,1.936,0.305,-0.030,0.594,Frame_191,,23.09
09:01:35.775,-2.975,1.988,0.290,-0.028,0.585,Frame_191,,23.09
09:01:36.274,-2.959,2.037,0.291,-0.215,0.578,Frame_192,,23.09
09:01:36.774,-2.946,2.076,0.296,-0.471,0.572,Frame_192,,23.09
09:01:37.274,-2.928,2.118,0.288,-0.528,0.558,Frame_192,,23.28
09:01:37.774,-2.909,2.153,0.277,-0.243,0.555,Frame_192,,23.28
09:01:38.274,-2.889,2.189,0.114,0.049,0.535,Frame_192,,23.28
09:01:38.774,-2.886,2.194,0.019,0.213,0.527,Frame_192,,23.28
09:01:39.274,-2.885,2.197,0.016,0.379,0.526,Frame_193,,23.28
09:01:39.774,-2.883,2.200,0.038,0.571,0.521,Frame_193,,23.28
09:01:40.274,-2.880,2.208,0.060,0.646,0.508,Frame_193,,23.28
09:01:40.774,-2.878,2.219,0.140,0.479,0.501,Frame_193,,23.28
09:01:41.274,-2.874,2.243,0.248,0.151,0.490,Frame_193,,23.28
09:01:41.776,-2.867,2.293,0.311,-0.210,0.500,Frame_193,,23.28
09:01:42.282,-2.855,2.355,0.313,-0.480,0.498,Frame_194,,23.28
09:01:42.774,-2.843,2.401,0.270,-0.641,0.495,Frame_194,,23.28
09:01:43.274,-2.826,2.443,0.222,-0.730,0.497,Frame_194,,23.28
09:01:43.774,-2.815,2.465,0.184,-0.771,0.496,Frame_194,,23.28
09:01:44.274,-2.799,2.489,0.131,-0.786,0.493,Frame_194,,23.28
09:01:44.775,-2.790,2.499,0.094,-0.776,0.494,Frame_194,,23.28
09:01:45.274,-2.783,2.506,0.044,-0.743,0.491,Frame_194,,23.28
09:01:45.775,-2.779,2.509,0.017,-0.712,0.491,Frame_195,,23.28
09:01:46.275,-2.778,2.510,0.001,-0.657,0.491,Frame_195,,23.28
09:01:46.774,-2.780,2.509,-0.026,-0.609,0.497,Frame_195,,23.28
09:01:47.274,-2.784,2.507,-0.042,-0.555,0.503,Frame_195,,23.28
09:01:47.782,-2.793,2.505,-0.076,-0.335,0.507,Frame_195,,23.28
09:01:48.274,-2.807,2.502,-0.133,-0.075,0.524,Frame_195,,23.28
09:01:48.774,-2.827,2.497,-0.095,0.230,0.536,Frame_195,,23.28
09:01:49.274,-2.835,2.495,-0.016,0.457,0.542,Frame_196,,23.28
09:01:49.774,-2.837,2.495,-0.008,0.652,0.548,Frame_196,,23.28
09:01:50.274,-2.837,2.495,-0.002,0.758,0.560,Frame_196,,23.28
09:01:50.774,-2.837,2.495,0.011,0.898,0.545,Frame_196,,23.28
09:01:51.274,-2.835,2.496,0.021,0.957,0.542,Frame_196,,23.28
09:01:51.774,-2.831,2.500,0.067,1.004,0.543,Frame_196,,23.28
09:01:52.274,-2.824,2.510,0.124,0.979,0.524,Frame_196,,23.28
09:01:52.774,-2.815,2.525,0.210,0.966,0.496,Frame_197,,23.28
09:01:53.274,-2.802,2.556,0.325,0.913,0.502,Frame_197,,23.28
09:01:53.781,-2.788,2.610,0.427,0.844,0.481,Frame_197,,23.28
09:01:54.274,-2.779,2.683,0.495,0.676,0.466,Frame_197,,23.28
09:01:54.774,-2.778,2.777,0.539,0.417,0.460,Frame_197,,23.28
09:01:55.274,-2.782,2.842,0.562,0.250,0.494,Frame_197,,23.28
09:01:55.774,-2.793,2.941,0.555,0.087,0.504,Frame_198,,23.28
09:01:56.274,-2.802,3.007,0.541,0.014,0.528,Frame_198,,23.28
09:01:56.774,-2.813,3.091,0.515,-0.046,0.555,Frame_198,,23.28
09:01:57.274,-2.824,3.182,0.501,-0.089,0.580,Frame_198,,23.59
09:01:57.774,-2.832,3.252,0.496,-0.103,0.596,Frame_198,,23.59
09:01:58.274,-2.838,3.321,0.499,-0.103,0.630,Frame_198,,23.59
09:01:58.774,-2.845,3.401,0.503,-0.102,0.654,Frame_198,,23.59
09:01:59.274,-2.850,3.472,0.511,-0.104,0.684,Frame_199,,23.59
09:01:59.775,-2.854,3.553,0.505,-0.081,0.695,Frame_199,,23.59
09:02:00.274,-2.857,3.641,0.470,-0.060,0.713,Frame_199,,23.59
09:02:00.774,-2.859,3.696,0.441,-0.063,0.726,Frame_199,,23.59
09:02:01.274,-2.860,3.774,0.422,-0.067,0.720,Frame_199,,23.59
09:02:01.774,-2.861,3.823,0.399,-0.059,0.706,Frame_199,,23.59
09:02:02.274,-2.861,3.891,0.353,-0.068,0.697,Frame_200,,24.16
09:02:02.774,-2.860,3.938,0.318,-0.053,0.674,Frame_200,,24.16
09:02:03.274,-2.859,3.997,0.360,-0.294,0.689,Frame_200,,24.16
09:02:03.774,-2.855,4.054,0.369,-0.477,0.683,Frame_200,,24.16
09:02:04.275,-2.848,4.106,0.372,-0.653,0.666,Frame_200,,24.16
09:02:04.774,-2.831,4.176,0.328,-0.746,0.707,Frame_200,,24.16
09:02:05.274,-2.818,4.212,0.290,-0.784,0.731,Frame_200,,24.16
09:02:05.774,-2.796,4.256,0.238,-0.806,0.730,Frame_201,,24.16
09:02:06.274,-2.776,4.284,0.183,-0.798,0.768,Frame_201,,24.16
09:02:06.774,-2.760,4.302,0.134,-0.778,0.780,Frame_201,,24.16
09:02:07.274,-2.740,4.319,0.247,-0.516,0.799,Frame_201,,24.16
09:02:07.774,-2.713,4.340,0.140,-0.050,0.789,Frame_201,,24.16
09:02:08.274,-2.701,4.349,0.083,0.282,0.765,Frame_201,,24.16
09:02:08.774,-2.690,4.357,0.132,0.485,0.760,Frame_202,,24.16
09:02:09.274,-2.673,4.372,0.239,0.550,0.760,Frame_202,,24.16
09:02:09.774,-2.644,4.404,0.345,0.567,0.731,Frame_202,,24.16
09:02:10.274,-2.611,4.445,0.426,0.560,0.709,Frame_202,,24.16
09:02:10.774,-2.565,4.514,0.512,0.493,0.653,Frame_202,,24.16
09:02:11.274,-2.530,4.578,0.515,0.506,0.617,Frame_202,,24.16
09:02:11.782,-2.499,4.644,0.529,0.459,0.604,Frame_202,,24.16
09:02:12.274,-2.472,4.712,0.508,0.335,0.575,Frame_203,,25.20
09:02:12.774,-2.447,4.788,0.493,0.269,0.557,Frame_203,,25.20
09:02:13.274,-2.429,4.853,0.464,0.156,0.547,Frame_203,,25.20
09:02:13.774,-2.409,4.931,0.415,0.115,0.538,Frame_203,,25.20
09:02:14.274,-2.396,4.985,0.385,0.089,0.533,Frame_203,,25.20
09:02:14.774,-2.383,5.043,0.350,-0.084,0.532,Frame_203,,25.20
09:02:15.274,-2.370,5.099,0.371,-0.359,0.527,Frame_204,,25.20
09:02:15.774,-2.356,5.148,0.364,-0.558,0.527,Frame_204,,25.20
09:02:16.274,-2.336,5.202,0.344,-0.647,0.528,Frame_204,,25.20
09:02:16.774,-2.316,5.244,0.306,-0.690,0.525,Frame_204,,25.20
09:02:17.274,-2.295,5.279,0.272,-0.636,0.507,Frame_204,,25.20
09:02:17.774,-2.271,5.312,0.226,-0.353,0.504,Frame_204,,25.20
09:02:18.274,-2.253,5.334,0.185,-0.065,0.480,Frame_204,,25.20
09:02:18.778,-2.240,5.350,0.072,0.229,0.471,Frame_205,,25.20
09:02:19.274,-2.234,5.357,0.102,0.502,0.466,Frame_205,,25.20
09:02:19.774,-2.223,5.373,0.139,0.615,0.459,Frame_205,,25.20
09:02:20.274,-2.213,5.391,0.170,0.636,0.428,Frame_205,,25.20
09:02:20.774,-2.201,5.419,0.220,0.330,0.425,Frame_205,,25.20
09:02:21.274,-2.187,5.455,0.259,-0.059,0.420,Frame_205,,25.20
09:02:21.774,-2.173,5.495,0.273,-0.399,0.417,Frame_205,,25.20
09:02:22.276,-2.156,5.533,0.250,-0.558,0.404,Frame_206,,26.20
09:02:22.774,-2.140,5.562,0.201,-0.692,0.410,Frame_206,,26.20
09:02:23.274,-2.126,5.584,0.162,-0.721,0.403,Frame_206,,26.20
09:02:23.774,-2.111,5.601,0.110,-0.759,0.396,Frame_206,,26.20
09:02:24.274,-2.102,5.610,0.070,-0.759,0.385,Frame_206,,26.20
09:02:24.775,-2.097,5.614,0.031,-0.757,0.393,Frame_206,,26.20
09:02:25.274,-2.095,5.616,0.004,-0.725,0.390,Frame_206,,26.20
09:02:25.774,-2.095,5.615,-0.021,-0.693,0.398,Frame_207,,26.20
09:02:26.274,-2.099,5.614,-0.048,-0.630,0.402,Frame_207,,26.20
09:02:26.774,-2.105,5.612,-0.058,-0.584,0.414,Frame_207,,26.20
09:02:27.274,-2.117,5.610,-0.076,-0.499,0.419,Frame_207,,26.20
09:02:27.774,-2.124,5.609,-0.076,-0.231,0.431,Frame_207,,26.20
09:02:28.283,-2.135,5.609,-0.067,0.067,0.440,Frame_207,,26.20
09:02:28.774,-2.143,5.608,0.010,0.375,0.444,Frame_207,,26.20
09:02:29.274,-2.142,5.608,0.014,0.665,0.451,Frame_208,,26.20
09:02:29.774,-2.141,5.608,0.007,0.861,0.445,Frame_208,,26.20
09:02:30.274,-2.140,5.609,0.014,0.950,0.449,Frame_208,,26.20
09:02:30.774,-2.137,5.610,0.056,1.018,0.443,Frame_208,,26.20
09:02:31.274,-2.130,5.615,0.076,1.083,0.439,Frame_208,,26.20
09:02:31.774,-2.120,5.625,0.126,1.080,0.418,Frame_208,,26.20
09:02:32.274,-2.107,5.642,0.221,1.025,0.400,Frame_208,,26.20
09:02:32.774,-2.093,5.666,0.294,0.984,0.380,Frame_209,,26.20
09:02:33.284,-2.071,5.723,0.392,0.885,0.369,Frame_209,,26.20
09:02:33.774,-2.057,5.783,0.493,0.725,0.351,Frame_209,,26.20
09:02:34.274,-2.047,5.862,0.519,0.570,0.348,Frame_209,,26.20
09:02:34.774,-2.045,5.958,0.559,0.421,0.353,Frame_209,,26.20
09:02:35.274,-2.048,6.025,0.571,0.311,0.360,Frame_209,,26.20
09:02:35.774,-2.056,6.117,0.585,0.164,0.382,Frame_210,,26.20
09:02:36.274,-2.065,6.199,0.586,0.071,0.409,Frame_210,,26.20
09:02:36.781,-2.078,6.302,0.577,0.059,0.446,Frame_210,,26.20
09:02:37.274,-2.090,6.394,0.585,-0.018,0.473,Frame_210,,27.12
09:02:37.774,-2.102,6.482,0.287,0.057,0.505,Frame_210,,27.12
09:02:38.274,-2.104,6.503,-0.050,0.172,0.528,Frame_210,,27.12
09:02:38.774,-2.101,6.480,-0.238,0.235,0.521,Frame_210,,27.12
09:02:39.274,-2.094,6.446,-0.260,0.292,0.504,Frame_211,,27.12
09:02:39.774,-2.083,6.401,-0.250,0.440,0.499,Frame_211,,27.12
09:02:40.274,-2.074,6.374,-0.206,0.563,0.471,Frame_211,,27.12
09:02:40.774,-2.065,6.350,-0.177,0.684,0.449,Frame_211,,27.12
09:02:41.274,-2.053,6.327,-0.135,0.768,0.424,Frame_211,,27.12
09:02:41.774,-2.044,6.313,-0.059,0.863,0.406,Frame_211,,27.12
09:02:42.274,-2.039,6.307,-0.041,0.950,0.391,Frame_211,,27.12
09:02:42.774,-2.035,6.304,-0.034,0.999,0.386,Frame_212,,27.12
09:02:43.274,-2.031,6.302,-0.024,1.082,0.362,Frame_212,,27.12
09:02:43.774,-2.029,6.301,-0.034,1.095,0.371,Frame_212,,27.12
09:02:44.274,-2.025,6.299,-0.020,1.122,0.359,Frame_212,,27.12
09:02:44.774,-2.024,6.299,-0.003,1.181,0.354,Frame_212,,27.12
09:02:45.274,-2.025,6.299,0.022,1.194,0.360,Frame_212,,27.12
09:02:45.774,-2.029,6.298,0.058,1.184,0.350,Frame_212,,27.12
09:02:46.281,-2.038,6.294,0.085,1.200,0.362,Frame_213,,27.12
09:02:46.785,-2.052,6.285,0.182,1.113,0.377,Frame_213,,27.12
09:02:47.274,-2.075,6.265,0.321,0.993,0.407,Frame_213,,27.12
09:02:47.774,-2.110,6.224,0.429,0.825,0.424,Frame_213,,27.12
09:02:48.282,-2.149,6.163,0.518,0.650,0.470,Frame_213,,27.12
09:02:48.774,-2.191,6.079,0.547,0.491,0.514,Frame_213,,27.12
09:02:49.274,-2.223,5.997,0.560,0.385,0.534,Frame_214,,27.12
09:02:49.774,-2.248,5.922,0.572,0.327,0.548,Frame_214,,27.12
09:02:50.274,-2.271,5.834,0.568,0.142,0.541,Frame_214,,27.12
09:02:50.777,-2.301,5.713,0.569,0.048,0.544,Frame_214,,27.12
09:02:51.274,-2.323,5.614,0.566,0.004,0.567,Frame_214,,27.12
09:02:51.774,-2.345,5.514,0.579,-0.008,0.558,Frame_214,,27.12
09:02:52.275,-2.370,5.404,0.558,0.006,0.567,Frame_215,,27.62
09:02:52.774,-2.395,5.294,0.566,-0.002,0.560,Frame_215,,27.62
09:02:53.274,-2.420,5.183,0.578,0.001,0.563,Frame_215,,27.62
09:02:53.778,-2.438,5.104,0.564,0.007,0.566,Frame_215,,27.62
09:02:54.274,-2.466,4.981,0.576,0.013,0.551,Frame_215,,27.62
09:02:54.774,-2.493,4.859,0.565,0.008,0.571,Frame_216,,27.62
09:02:55.274,-2.520,4.738,0.569,-0.011,0.573,Frame_216,,27.62
09:02:55.774,-2.540,4.649,0.575,-0.024,0.565,Frame_216,,27.62
09:02:56.277,-2.568,4.528,0.561,-0.018,0.576,Frame_216,,27.62
09:02:56.774,-2.588,4.441,0.566,-0.021,0.574,Frame_216,,27.62
09:02:57.274,-2.612,4.341,0.561,0.014,0.580,Frame_216,,27.80
09:02:57.774,-2.638,4.233,0.558,0.004,0.587,Frame_217,,27.80
09:02:58.274,-2.666,4.112,0.563,0.015,0.584,Frame_217,,27.80
09:02:58.774,-2.692,4.003,0.555,-0.002,0.590,Frame_217,,27.80
09:02:59.274,-2.718,3.892,0.576,0.008,0.593,Frame_217,,27.80
09:02:59.774,-2.744,3.781,0.557,0.016,0.589,Frame_218,,27.80
09:03:00.274,-2.767,3.683,0.568,0.026,0.583,Frame_218,,27.80
09:03:00.775,-2.790,3.583,0.575,0.005,0.591,Frame_218,,27.80
09:03:01.279,-2.813,3.483,0.572,-0.079,0.601,Frame_218,,27.80
09:03:01.774,-2.843,3.362,0.560,-0.119,0.606,Frame_218,,27.80
09:03:02.274,-2.869,3.264,0.556,-0.077,0.597,Frame_218,,27.89
09:03:02.774,-2.891,3.187,0.581,-0.040,0.614,Frame_219,,27.89
09:03:03.274,-2.920,3.087,0.587,0.013,0.613,Frame_219,,27.89
09:03:03.774,-2.940,3.019,0.585,0.022,0.616,Frame_219,,27.89
09:03:04.274,-2.968,2.920,0.572,0.029,0.633,Frame_219,,27.89
09:03:04.774,-2.990,2.844,0.556,0.031,0.633,Frame_219,,27.89
09:03:05.274,-3.014,2.758,0.571,0.020,0.633,Frame_219,,27.89
09:03:05.774,-3.039,2.669,0.586,0.023,0.640,Frame_220,,27.89
09:03:06.274,-3.063,2.579,0.584,-0.044,0.654,Frame_220,,27.89
09:03:06.774,-3.085,2.501,0.574,-0.081,0.643,Frame_220,,27.89
09:03:07.274,-3.111,2.413,0.578,-0.070,0.658,Frame_220,,27.91
09:03:07.775,-3.131,2.346,0.581,-0.043,0.661,Frame_220,,27.91
09:03:08.281,-3.162,2.247,0.574,-0.023,0.672,Frame_220,,27.91
09:03:08.774,-3.183,2.181,0.584,-0.007,0.685,Frame_220,,27.91
09:03:09.279,-3.218,2.070,0.579,-0.003,0.677,Frame_221,,27.91
09:03:09.774,-3.243,1.992,0.584,-0.077,0.695,Frame_221,,27.91
09:03:10.274,-3.268,1.914,0.573,-0.078,0.702,Frame_221,,27.91
09:03:10.774,-3.301,1.819,0.552,-0.020,0.712,Frame_221,,27.91
09:03:11.274,-3.327,1.745,0.549,-0.034,0.726,Frame_221,,27.91
09:03:11.776,-3.356,1.663,0.522,0.007,0.735,Frame_221,,27.91
09:03:12.274,-3.383,1.586,0.485,-0.001,0.719,Frame_222,,27.93
09:03:12.774,-3.408,1.517,0.402,-0.032,0.715,Frame_222,,27.93
09:03:13.274,-3.431,1.451,0.370,-0.049,0.696,Frame_222,,27.93
09:03:13.774,-3.448,1.404,0.345,0.012,0.690,Frame_222,,27.93
09:03:14.274,-3.469,1.348,0.313,0.025,0.688,Frame_222,,27.93
09:03:14.774,-3.484,1.306,0.320,0.017,0.679,Frame_222,,27.93
09:03:15.274,-3.500,1.259,0.300,0.000,0.670,Frame_222,,27.93
09:03:15.774,-3.514,1.220,0.293,-0.094,0.630,Frame_223,,27.93
09:03:16.274,-3.530,1.177,0.269,-0.107,0.611,Frame_223,,27.93
09:03:16.782,-3.545,1.139,0.233,0.188,0.587,Frame_223,,27.93
09:03:17.274,-3.559,1.099,0.243,0.339,0.567,Frame_223,,27.93
09:03:17.774,-3.571,1.060,0.361,0.033,0.554,Frame_223,,27.93
09:03:18.274,-3.588,1.003,0.462,0.003,0.520,Frame_223,,27.93
09:03:18.774,-3.607,0.935,0.559,0.001,0.509,Frame_224,,27.93
09:03:19.274,-3.636,0.836,0.578,-0.017,0.481,Frame_224,,27.93
09:03:19.774,-3.658,0.758,0.577,-0.005,0.483,Frame_224,,27.93
09:03:20.274,-3.684,0.669,0.582,-0.004,0.482,Frame_224,,27.93
09:03:20.774,-3.707,0.591,0.572,-0.100,0.477,Frame_224,,27.93
09:03:21.274,-3.734,0.504,0.570,-0.163,0.490,Frame_224,,27.93
09:03:21.774,-3.763,0.418,0.571,-0.123,0.511,Frame_225,,27.93
09:03:22.274,-3.793,0.331,0.586,-0.056,0.524,Frame_225,,27.96
09:03:22.774,-3.821,0.255,0.577,-0.050,0.586,Frame_225,,27.96
09:03:23.274,-3.858,0.159,0.556,-0.043,0.620,Frame_225,,27.96
09:03:23.774,-3.890,0.075,0.556,-0.026,0.688,Frame_225,,27.96
09:03:24.274,-3.922,-0.008,0.548,-0.008,0.761,Frame_225,,27.96
09:03:24.774,-3.954,-0.089,0.537,-0.043,0.800,Frame_225,,27.96
09:03:25.274,-3.981,-0.159,0.532,-0.075,0.917,Frame_226,,27.96
09:03:25.774,-4.014,-0.237,0.535,-0.078,0.885,Frame_226,,27.96
09:03:26.274,-4.047,-0.317,0.545,-0.092,0.790,Frame_226,,27.96
09:03:26.774,-4.078,-0.387,0.560,-0.134,0.740,Frame_226,,27.96
09:03:27.284,-4.125,-0.488,0.553,-0.167,0.645,Frame_226,,27.98
09:03:27.774,-4.153,-0.546,0.402,-0.066,0.563,Frame_226,,27.98
09:03:28.274,-4.172,-0.582,-0.066,-0.153,0.531,Frame_227,,27.98
09:03:28.775,-4.164,-0.568,-0.175,-0.180,0.534,Frame_227,,27.98
09:03:29.274,-4.146,-0.537,-0.226,-0.304,0.545,Frame_227,,27.98
09:03:29.774,-4.126,-0.505,-0.232,-0.412,0.599,Frame_227,,27.98
09:03:30.275,-4.104,-0.474,-0.231,-0.517,0.603,Frame_227,,27.98
09:03:30.774,-4.085,-0.452,0.000,0.000,0.649,Frame_227,,27.98
09:03:31.274,-4.078,-0.443,0.000,0.000,0.655,Frame_228,,27.98
09:03:31.774,-4.077,-0.443,0.000,0.000,0.676,Frame_228,,27.98
09:03:32.276,-4.077,-0.443,0.000,0.000,0.684,Frame_228,,27.98
09:03:32.775,-4.077,-0.443,0.000,1.000,0.686,Frame_228,,27.98
09:03:33.274,-4.077,-0.443,0.000,1.000,0.689,Frame_228,,27.98
09:03:33.774,-4.077,-0.443,0.000,1.000,0.704,Frame_228,,27.98
09:03:34.279,-4.077,-0.443,0.000,1.000,0.700,Frame_228,,27.98
09:03:34.774,-4.077,-0.443,0.000,1.000,0.691,Frame_229,,27.98
09:03:35.274,-4.077,-0.443,0.000,1.000,0.676,Frame_229,,27.98
09:03:35.774,-4.077,-0.443,0.000,1.000,0.666,Frame_229,,27.98
09:03:36.274,-4.077,-0.443,0.000,1.000,0.655,Frame_229,,27.98
09:03:36.774,-4.077,-0.443,0.000,1.000,0.647,Frame_229,,27.98
09:03:37.274,-4.077,-0.443,0.000,1.000,0.632,Frame_229,,27.98
09:03:37.774,-4.077,-0.443,0.000,0.625,0.628,Frame_230,,27.98
09:03:38.274,-4.077,-0.443,0.000,0.000,0.629,Frame_230,,27.98
09:03:38.774,-4.077,-0.443,0.000,0.000,0.619,Frame_230,,27.98
09:03:39.283,-4.077,-0.443,0.000,0.000,0.620,Frame_230,,27.98
09:03:39.774,-4.077,-0.443,0.000,0.000,0.614,Frame_230,,27.98
09:03:40.279,-4.077,-0.443,0.000,0.000,0.622,Frame_230,,27.98
09:03:40.775,-4.077,-0.443,0.000,0.000,0.632,Frame_230,,27.98
09:03:41.274,-4.077,-0.443,0.000,0.000,0.618,Frame_231,,27.98
09:03:41.774,-4.077,-0.443,0.000,0.000,0.626,Frame_231,,27.98
09:03:42.274,-4.077,-0.443,0.000,0.000,0.613,Frame_231,,27.98
09:03:42.774,-4.077,-0.443,0.000,0.000,0.624,Frame_231,,27.98
09:03:43.274,-4.077,-0.443,0.000,0.000,0.623,Frame_231,,27.98
09:03:43.774,-4.077,-0.443,0.000,0.000,0.621,Frame_231,,27.98
09:03:44.274,-4.077,-0.443,0.000,0.000,0.617,Frame_231,,27.98
09:03:44.774,-4.077,-0.443,0.000,0.000,0.617,Frame_232,,27.98
09:03:45.274,-4.077,-0.443,0.000,0.000,0.627,Frame_232,,27.98
09:03:45.774,-4.077,-0.443,0.000,0.000,0.613,Frame_232,,27.98
09:03:46.274,-4.077,-0.443,0.000,0.000,0.622,Frame_232,,27.98
09:03:46.774,-4.077,-0.443,0.000,0.000,0.613,Frame_232,,27.98
09:03:47.282,-4.077,-0.443,0.000,0.000,0.619,Frame_232,,27.98
09:03:47.774,-4.077,-0.443,0.000,0.000,0.627,Frame_232,,27.98
09:03:48.276,-4.077,-0.443,0.000,0.000,0.626,Frame_233,,27.98
09:03:48.774,-4.077,-0.443,0.000,0.000,0.616,Frame_233,,27.98
09:03:49.281,-4.077,-0.443,0.000,0.000,0.620,Frame_233,,27.98
09:03:49.774,-4.077,-0.443,0.000,0.000,0.628,Frame_233,,27.98
09:03:50.274,-4.077,-0.443,0.000,0.000,0.609,Frame_233,,27.98
09:03:50.775,-4.077,-0.443,0.000,0.000,0.621,Frame_233,,27.98
09:03:51.274,-4.077,-0.443,0.000,0.000,0.625,Frame_233,,27.98
09:03:51.774,-4.077,-0.443,0.000,0.000,0.619,Frame_234,,27.98
09:03:52.274,-4.077,-0.443,0.000,0.000,0.622,Frame_234,,27.98
09:03:52.774,-4.077,-0.443,0.000,0.000,0.613,Frame_234,,27.98
09:03:53.274,-4.077,-0.443,0.000,0.000,0.622,Frame_234,,27.98
09:03:53.774,-4.077,-0.443,0.000,0.000,0.610,Frame_234,,27.98
09:03:54.274,-4.077,-0.443,0.000,0.000,0.620,Frame_234,,27.98
09:03:54.774,-4.077,-0.443,0.000,0.000,0.602,Frame_235,,27.98
09:03:55.274,-4.077,-0.443,0.000,0.000,0.609,Frame_235,,27.98
09:03:55.774,-4.084,-0.437,-0.150,0.000,0.629,Frame_235,,27.98
09:03:56.274,-4.100,-0.424,-0.150,0.000,0.615,Frame_235,,27.98
09:03:56.774,-4.117,-0.411,-0.150,0.000,0.628,Frame_235,,27.98
09:03:57.274,-4.135,-0.395,-0.150,0.000,0.608,Frame_235,,27.98
09:03:57.774,-4.154,-0.380,-0.150,0.000,0.608,Frame_235,,27.98
09:03:58.274,-4.170,-0.367,-0.150,0.000,0.592,Frame_236,,27.98
09:03:58.776,-4.191,-0.350,-0.150,0.000,0.609,Frame_236,,27.98
09:03:59.274,-4.205,-0.338,-0.150,0.000,0.599,Frame_236,,27.98
09:03:59.774,-4.224,-0.323,-0.150,0.000,0.588,Frame_236,,27.98
09:04:00.274,-4.240,-0.310,-0.150,0.000,0.613,Frame_236,,27.98
09:04:00.774,-4.258,-0.295,-0.150,0.000,0.603,Frame_236,,27.98
09:04:01.274,-4.275,-0.281,-0.150,0.000,0.599,Frame_237,,27.98
09:04:01.774,-4.293,-0.266,-0.150,0.000,0.615,Frame_237,,27.98
09:04:02.274,-4.309,-0.253,-0.150,0.000,0.604,Frame_237,,27.98
09:04:02.774,-4.327,-0.239,-0.131,0.115,0.621,Frame_237,,27.98
09:04:03.275,-4.346,-0.224,-0.149,0.326,0.615,Frame_237,,27.98
09:04:03.774,-4.361,-0.213,-0.102,0.534,0.609,Frame_237,,27.98
09:04:04.274,-4.368,-0.209,-0.029,0.714,0.627,Frame_237,,27.98
09:04:04.776,-4.371,-0.207,-0.019,0.856,0.622,Frame_238,,27.98
09:04:05.274,-4.372,-0.207,0.005,0.996,0.613,Frame_238,,27.98
09:04:05.774,-4.371,-0.207,0.015,1.078,0.605,Frame_238,,27.98
09:04:06.274,-4.367,-0.207,0.039,1.083,0.587,Frame_238,,27.98
09:04:06.774,-4.358,-0.205,0.074,1.102,0.575,Frame_238,,27.98
09:04:07.274,-4.346,-0.201,0.132,1.101,0.576,Frame_238,,27.98
09:04:07.775,-4.323,-0.188,0.269,1.067,0.575,Frame_238,,27.98
09:04:08.274,-4.296,-0.167,0.428,0.936,0.588,Frame_239,,27.98
09:04:08.774,-4.240,-0.111,0.537,0.781,0.661,Frame_239,,27.98
09:04:09.274,-4.199,-0.059,0.569,0.677,0.702,Frame_239,,27.98
09:04:09.774,-4.144,0.030,0.584,0.538,0.814,Frame_239,,27.98
09:04:10.274,-4.101,0.115,0.606,0.437,0.769,Frame_239,,27.98
09:04:10.774,-4.067,0.197,0.000,0.000,0.747,Frame_239,,27.98
09:04:11.274,-4.067,0.197,0.000,0.000,0.703,Frame_240,,27.98
09:04:11.774,-4.067,0.197,0.130,0.085,0.712,Frame_240,,27.98
09:04:12.275,-4.060,0.214,0.261,0.294,0.684,Frame_240,,28.01
09:04:12.774,-4.047,0.256,0.371,0.384,0.662,Frame_240,,28.01
09:04:13.274,-4.035,0.303,0.476,0.401,0.650,Frame_240,,28.01
09:04:13.774,-4.016,0.396,0.511,0.377,0.603,Frame_240,,28.01
09:04:14.274,-4.003,0.492,0.555,0.177,0.560,Frame_240,,28.01
09:04:14.780,-3.994,0.592,0.551,0.116,0.512,Frame_241,,28.01
09:04:15.274,-3.985,0.703,0.562,0.076,0.482,Frame_241,,28.01
09:04:15.775,-3.979,0.815,0.551,0.036,0.448,Frame_241,,28.01
09:04:16.282,-3.974,0.915,0.551,0.022,0.450,Frame_241,,28.01
09:04:16.774,-3.970,0.982,0.554,0.004,0.445,Frame_241,,28.01
09:04:17.274,-3.966,1.082,0.557,-0.015,0.438,Frame_242,,28.01
09:04:17.774,-3.963,1.148,0.545,-0.139,0.432,Frame_242,,28.01
09:04:18.274,-3.956,1.256,0.545,-0.059,0.428,Frame_242,,28.01
09:04:18.774,-3.948,1.367,0.559,-0.047,0.416,Frame_242,,28.01
09:04:19.274,-3.939,1.478,0.560,-0.036,0.410,Frame_242,,28.01
09:04:19.774,-3.929,1.589,0.556,-0.027,0.410,Frame_242,,28.01
09:04:20.274,-3.918,1.699,0.553,-0.023,0.408,Frame_243,,28.01
09:04:20.774,-3.907,1.809,0.549,-0.018,0.413,Frame_243,,28.01
09:04:21.274,-3.898,1.896,0.559,-0.012,0.406,Frame_243,,28.01
09:04:21.774,-3.883,2.031,0.569,-0.014,0.408,Frame_243,,28.01
09:04:22.274,-3.872,2.132,0.570,-0.004,0.400,Frame_243,,28.03
09:04:22.774,-3.860,2.243,0.545,0.002,0.408,Frame_244,,28.03
09:04:23.274,-3.850,2.329,0.553,0.002,0.401,Frame_244,,28.03
09:04:23.774,-3.839,2.430,0.561,0.000,0.404,Frame_244,,28.03
09:04:24.274,-3.828,2.530,0.562,-0.005,0.400,Frame_244,,28.03
09:04:24.774,-3.816,2.642,0.567,0.010,0.409,Frame_244,,28.03
09:04:25.274,-3.807,2.719,0.558,-0.004,0.408,Frame_245,,28.03
09:04:25.774,-3.796,2.830,0.548,-0.003,0.389,Frame_245,,28.03
09:04:26.274,-3.786,2.917,0.538,-0.008,0.404,Frame_245,,28.03
09:04:26.774,-3.774,3.025,0.554,-0.004,0.403,Frame_245,,28.03
09:04:27.274,-3.763,3.135,0.547,0.006,0.406,Frame_245,,28.04
09:04:27.774,-3.754,3.213,0.566,0.007,0.401,Frame_245,,28.04
09:04:28.274,-3.743,3.313,0.564,0.001,0.402,Frame_246,,28.04
09:04:28.774,-3.733,3.412,0.553,-0.003,0.406,Frame_246,,28.04
09:04:29.274,-3.721,3.523,0.560,-0.009,0.398,Frame_246,,28.04
09:04:29.774,-3.709,3.635,0.568,-0.002,0.403,Frame_246,,28.04
09:04:30.274,-3.700,3.722,0.539,0.002,0.405,Frame_246,,28.04
09:04:30.774,-3.688,3.831,0.557,0.001,0.401,Frame_246,,28.04
09:04:31.274,-3.678,3.920,0.561,0.006,0.403,Frame_247,,28.04
09:04:31.774,-3.666,4.031,0.563,0.001,0.406,Frame_247,,28.04
09:04:32.274,-3.655,4.131,0.558,0.002,0.414,Frame_247,,28.05
09:04:32.774,-3.644,4.230,0.549,-0.002,0.442,Frame_247,,28.05
09:04:33.274,-3.635,4.319,0.561,-0.003,0.490,Frame_247,,28.05
09:04:33.774,-3.623,4.429,0.563,0.002,0.559,Frame_248,,28.05
09:04:34.274,-3.610,4.541,0.566,-0.007,0.629,Frame_248,,28.05
09:04:34.774,-3.599,4.642,0.558,-0.004,0.685,Frame_248,,28.05
09:04:35.274,-3.588,4.742,0.559,-0.006,0.766,Frame_248,,28.05
09:04:35.780,-3.576,4.851,0.544,-0.000,0.875,Frame_248,,28.05
09:04:36.274,-3.565,4.949,0.565,-0.009,0.790,Frame_249,,28.05
09:04:36.774,-3.555,5.039,0.560,0.002,0.721,Frame_249,,28.05
09:04:37.274,-3.543,5.150,0.557,0.001,0.607,Frame_249,,28.29
09:04:37.774,-3.532,5.250,0.553,-0.004,0.538,Frame_249,,28.29
09:04:38.283,-3.519,5.360,0.543,0.000,0.474,Frame_249,,28.29
09:04:38.774,-3.508,5.459,0.560,0.004,0.450,Frame_250,,28.29
09:04:39.274,-3.496,5.569,0.551,0.018,0.414,Frame_250,,28.29
09:04:39.785,-3.489,5.635,0.547,0.004,0.391,Frame_250,,28.29
09:04:40.276,-3.477,5.745,0.557,0.022,0.401,Frame_250,,28.29
09:04:40.774,-3.465,5.856,0.563,0.013,0.392,Frame_250,,28.29
09:04:41.274,-3.455,5.956,0.552,0.022,0.391,Frame_250,,28.29
09:04:41.774,-3.445,6.064,0.540,0.002,0.397,Frame_251,,28.29
09:04:42.276,-3.435,6.160,0.535,-0.002,0.394,Frame_251,,28.36
09:04:42.774,-3.425,6.266,0.535,-0.011,0.390,Frame_251,,28.36
09:04:43.274,-3.414,6.372,0.540,0.028,0.393,Frame_251,,28.36
09:04:43.774,-3.405,6.468,0.528,0.053,0.393,Frame_251,,28.36
09:04:44.274,-3.397,6.562,0.522,0.102,0.388,Frame_252,,28.36
09:04:44.774,-3.390,6.667,0.525,0.126,0.382,Frame_252,,28.36
09:04:45.274,-3.387,6.748,0.487,0.144,0.389,Frame_252,,28.36
09:04:45.774,-3.385,6.815,0.459,0.164,0.374,Frame_252,,28.36
09:04:46.274,-3.385,6.887,0.429,0.198,0.375,Frame_252,,28.36
09:04:46.774,-3.387,6.947,0.418,0.219,0.368,Frame_252,,28.36
09:04:47.274,-3.390,7.013,0.404,0.254,0.352,Frame_253,,28.48
09:04:47.774,-3.394,7.056,0.042,0.283,0.354,Frame_253,,28.48
09:04:48.278,-3.393,7.044,-0.200,0.325,0.355,Frame_253,,28.48
09:04:48.774,-3.387,7.015,-0.249,0.354,0.363,Frame_253,,28.48
09:04:49.274,-3.377,6.974,-0.269,0.427,0.379,Frame_253,,28.48
09:04:49.774,-3.366,6.937,-0.145,0.513,0.405,Frame_253,,28.48
09:04:50.274,-3.360,6.922,-0.079,0.566,0.415,Frame_253,,28.48
09:04:50.774,-3.355,6.911,-0.065,0.602,0.426,Frame_254,,28.48
09:04:51.274,-3.351,6.904,-0.042,0.644,0.436,Frame_254,,28.48
09:04:51.774,-3.347,6.899,-0.029,0.672,0.448,Frame_254,,28.48
09:04:52.274,-3.345,6.897,-0.015,0.675,0.457,Frame_254,,28.48
09:04:52.774,-3.344,6.896,0.007,0.689,0.457,Frame_254,,28.48
09:04:53.274,-3.345,6.897,0.019,0.711,0.461,Frame_254,,28.48
09:04:53.774,-3.348,6.899,0.029,0.721,0.465,Frame_254,,28.48
09:04:54.274,-3.352,6.901,0.024,0.725,0.468,Frame_255,,28.48
09:04:54.774,-3.355,6.902,0.021,0.719,0.455,Frame_255,,28.48
09:04:55.274,-3.358,6.902,0.017,0.721,0.465,Frame_255,,28.48
09:04:55.774,-3.361,6.903,0.023,0.721,0.463,Frame_255,,28.48
09:04:56.274,-3.364,6.903,0.024,0.737,0.452,Frame_255,,28.48
09:04:56.774,-3.368,6.903,0.031,0.750,0.454,Frame_255,,28.48
09:04:57.274,-3.372,6.902,0.041,0.716,0.451,Frame_255,,28.48
09:04:57.774,-3.377,6.900,0.041,0.690,0.442,Frame_256,,28.48
09:04:58.274,-3.382,6.898,0.049,0.669,0.443,Frame_256,,28.48
09:04:58.774,-3.389,6.895,0.057,0.649,0.438,Frame_256,,28.48
09:04:59.274,-3.395,6.891,0.046,0.694,0.426,Frame_256,,28.48
09:04:59.774,-3.401,6.886,0.062,0.703,0.397,Frame_256,,28.48
09:05:00.274,-3.409,6.879,0.070,0.694,0.406,Frame_256,,28.48
09:05:00.774,-3.415,6.871,0.096,0.654,0.396,Frame_256,,28.48
09:05:01.274,-3.422,6.861,0.116,0.643,0.370,Frame_257,,28.48
09:05:01.774,-3.434,6.841,0.154,0.560,0.361,Frame_257,,28.48
09:05:02.274,-3.444,6.818,0.163,0.475,0.344,Frame_257,,28.48
09:05:02.774,-3.452,6.797,0.174,0.417,0.344,Frame_257,,28.48
09:05:03.274,-3.459,6.771,0.101,0.324,0.334,Frame_257,,28.48
09:05:03.774,-3.461,6.762,0.141,0.278,0.329,Frame_257,,28.48
09:05:04.274,-3.466,6.738,0.091,0.214,0.319,Frame_258,,28.48
09:05:04.774,-3.467,6.729,0.014,0.161,0.315,Frame_258,,28.48
09:05:05.274,-3.467,6.731,-0.009,0.123,0.320,Frame_258,,28.48
09:05:05.780,-3.467,6.734,-0.023,0.101,0.318,Frame_258,,28.48
09:05:06.274,-3.466,6.736,-0.004,0.077,0.318,Frame_258,,28.48
09:05:06.774,-3.466,6.735,0.009,0.087,0.311,Frame_258,,28.48
09:05:07.274,-3.467,6.735,-0.010,0.056,0.307,Frame_259,,28.48
09:05:07.777,-3.466,6.736,0.001,0.047,0.314,Frame_259,,28.48
09:05:08.274,-3.467,6.735,0.002,0.044,0.316,Frame_259,,28.48
09:05:08.774,-3.467,6.734,-0.005,0.036,0.304,Frame_259,,28.48
09:05:09.274,-3.466,6.735,-0.011,0.042,0.309,Frame_259,,28.48
09:05:09.774,-3.466,6.736,-0.001,0.035,0.311,Frame_259,,28.48
09:05:10.274,-3.466,6.736,0.015,0.016,0.306,Frame_260,,28.48
09:05:10.774,-3.466,6.733,-0.005,0.023,0.312,Frame_260,,28.48
09:05:11.274,-3.466,6.734,-0.006,0.010,0.313,Frame_260,,28.48
09:05:11.774,-3.467,6.735,0.001,0.002,0.296,Frame_260,,28.48
09:05:12.274,-3.466,6.735,0.006,-0.000,0.316,Frame_260,,28.48
09:05:12.774,-3.466,6.735,0.004,0.004,0.310,Frame_260,,28.48
09:05:13.274,-3.466,6.734,-0.004,-0.001,0.308,Frame_261,,28.48
09:05:13.776,-3.467,6.735,0.001,0.005,0.299,Frame_261,,28.48
09:05:14.274,-3.466,6.735,0.005,-0.012,0.312,Frame_261,,28.48
09:05:14.774,-3.466,6.734,-0.003,-0.017,0.306,Frame_261,,28.48
09:05:15.274,-3.466,6.735,-0.009,-0.010,0.311,Frame_261,,28.48
09:05:15.774,-3.467,6.736,-0.006,0.013,0.304,Frame_261,,28.48
09:05:16.274,-3.466,6.736,0.007,0.017,0.301,Frame_262,,28.48
09:05:16.774,-3.466,6.735,0.005,0.011,0.303,Frame_262,,28.48
09:05:17.274,-3.466,6.735,0.009,0.007,0.308,Frame_262,,28.48
09:05:17.780,-3.466,6.733,0.042,-0.012,0.310,Frame_262,,28.48
09:05:18.274,-3.466,6.729,-0.002,-0.009,0.312,Frame_262,,28.48
09:05:18.775,-3.466,6.730,-0.011,0.003,0.315,Frame_262,,28.48
09:05:19.274,-3.466,6.732,-0.018,0.010,0.310,Frame_263,,28.48
09:05:19.774,-3.466,6.734,-0.018,-0.004,0.302,Frame_263,,28.48
09:05:20.274,-3.466,6.735,0.005,0.004,0.308,Frame_263,,28.48
09:05:20.774,-3.466,6.734,0.008,-0.006,0.302,Frame_263,,28.48
09:05:21.274,-3.466,6.734,-0.007,0.005,0.299,Frame_263,,28.48
09:05:21.774,-3.466,6.734,0.003,-0.008,0.306,Frame_263,,28.48
09:05:22.277,-3.466,6.735,0.004,-0.013,0.300,Frame_263,,28.48
09:05:22.774,-3.466,6.734,0.001,-0.007,0.305,Frame_264,,28.48
09:05:23.279,-3.466,6.734,-0.003,0.008,0.310,Frame_264,,28.48
09:05:23.774,-3.466,6.734,-0.008,-0.001,0.313,Frame_264,,28.48
09:05:24.274,-3.466,6.735,0.011,0.011,0.310,Frame_264,,28.48
09:05:24.774,-3.466,6.735,-0.008,0.020,0.312,Frame_264,,28.48
09:05:25.274,-3.466,6.735,-0.000,0.015,0.311,Frame_264,,28.48
09:05:25.775,-3.466,6.735,0.013,0.005,0.302,Frame_265,,28.48
09:05:26.274,-3.466,6.733,0.003,-0.008,0.302,Frame_265,,28.48
09:05:26.774,-3.466,6.732,-0.005,-0.009,0.314,Frame_265,,28.48
09:05:27.274,-3.466,6.734,-0.005,-0.008,0.315,Frame_265,,28.48
09:05:27.774,-3.466,6.734,0.003,-0.021,0.311,Frame_265,,28.48
09:05:28.278,-3.466,6.734,-0.005,-0.014,0.312,Frame_265,,28.48
09:05:28.774,-3.466,6.735,0.003,0.005,0.310,Frame_266,,28.48
09:05:29.274,-3.466,6.734,0.001,0.003,0.308,Frame_266,,28.48
09:05:29.774,-3.466,6.734,-0.001,0.016,0.299,Frame_266,,28.48
09:05:30.282,-3.466,6.734,-0.001,0.016,0.308,Frame_266,,28.48
09:05:30.774,-3.466,6.735,-0.002,-0.002,0.315,Frame_266,,28.48
09:05:31.274,-3.466,6.735,0.008,0.000,0.310,Frame_266,,28.48
09:05:31.774,-3.466,6.734,0.000,-0.009,0.299,Frame_266,,28.48
09:05:32.278,-3.466,6.735,0.005,-0.004,0.302,Frame_267,,28.48
09:05:32.774,-3.466,6.734,0.001,-0.000,0.301,Frame_267,,28.48
09:05:33.276,-3.466,6.734,-0.000,-0.005,0.303,Frame_267,,28.48
09:05:33.774,-3.466,6.734,0.004,0.011,0.298,Frame_267,,28.48
09:05:34.274,-3.466,6.735,-0.007,0.005,0.311,Frame_267,,28.48
09:05:34.774,-3.466,6.735,0.007,0.003,0.306,Frame_267,,28.48
09:05:35.274,-3.466,6.735,0.007,0.008,0.307,Frame_268,,28.48
09:05:35.774,-3.466,6.734,0.000,0.010,0.301,Frame_268,,28.48
09:05:36.274,-3.466,6.734,0.004,0.009,0.314,Frame_268,,28.48
09:05:36.779,-3.466,6.733,0.007,-0.001,0.306,Frame_268,,28.48
09:05:37.274,-3.466,6.732,-0.003,-0.007,0.302,Frame_268,,28.48
09:05:37.776,-3.466,6.734,-0.016,-0.002,0.311,Frame_268,,28.48
09:05:38.274,-3.466,6.736,0.006,-0.008,0.308,Frame_269,,28.48
09:05:38.774,-3.466,6.734,0.014,-0.001,0.311,Frame_269,,28.48
09:05:39.274,-3.466,6.733,-0.006,0.008,0.303,Frame_269,,28.48
09:05:39.774,-3.466,6.734,-0.006,0.011,0.306,Frame_269,,28.48
09:05:40.275,-3.466,6.734,-0.006,0.000,0.308,Frame_269,,28.48
09:05:40.774,-3.466,6.735,0.002,0.007,0.289,Frame_269,,28.48
09:05:41.274,-3.466,6.734,0.005,0.010,0.310,Frame_269,,28.48
09:05:41.783,-3.466,6.734,0.009,0.006,0.301,Frame_270,,28.48
09:05:42.275,-3.466,6.734,-0.002,-0.003,0.309,Frame_270,,28.48
09:05:42.774,-3.466,6.735,-0.003,-0.007,0.310,Frame_270,,28.48
09:05:43.274,-3.466,6.735,0.001,0.004,0.301,Frame_270,,28.48
09:05:43.774,-3.466,6.734,0.004,-0.001,0.298,Frame_270,,28.48
09:05:44.274,-3.466,6.734,-0.005,0.003,0.304,Frame_270,,28.48
09:05:44.774,-3.466,6.735,0.005,-0.010,0.302,Frame_271,,28.48
09:05:45.280,-3.466,6.735,0.003,-0.003,0.297,Frame_271,,28.48
09:05:45.774,-3.466,6.734,0.002,0.014,0.314,Frame_271,,28.48
09:05:46.274,-3.466,6.734,-0.009,0.010,0.307,Frame_271,,28.48
09:05:46.774,-3.466,6.734,0.002,-0.004,0.313,Frame_271,,28.48
09:05:47.274,-3.466,6.734,0.003,0.002,0.309,Frame_271,,28.48
09:05:47.776,-3.466,6.734,-0.008,0.001,0.306,Frame_272,,28.48
09:05:48.274,-3.466,6.735,-0.005,0.001,0.307,Frame_272,,28.48
09:05:48.774,-3.466,6.736,-0.000,0.002,0.309,Frame_272,,28.48
09:05:49.274,-3.466,6.735,0.000,0.754,0.304,Frame_272,,28.48
09:05:49.774,-3.466,6.735,0.000,1.000,0.312,Frame_272,,28.48
09:05:50.274,-3.466,6.735,0.000,1.000,0.300,Frame_272,,28.48
09:05:50.778,-3.466,6.735,0.000,1.000,0.292,Frame_273,,28.48
09:05:51.274,-3.466,6.735,0.000,1.000,0.275,Frame_273,,28.48
09:05:51.774,-3.466,6.735,0.000,1.000,0.263,Frame_273,,28.48
09:05:52.281,-3.466,6.735,0.000,1.000,0.259,Frame_273,,28.48
09:05:52.774,-3.466,6.735,0.000,1.000,0.256,Frame_273,,28.48
09:05:53.274,-3.466,6.735,0.000,1.000,0.244,Frame_273,,28.48
09:05:53.774,-3.466,6.735,0.000,1.000,0.240,Frame_273,,28.48
09:05:54.275,-3.466,6.735,0.000,0.637,0.228,Frame_274,,28.48
09:05:54.774,-3.466,6.735,0.015,0.055,0.238,Frame_274,,28.48
09:05:55.274,-3.463,6.735,0.018,-0.330,0.245,Frame_274,,28.48
09:05:55.774,-3.460,6.735,0.000,-0.480,0.260,Frame_274,,28.48
09:05:56.274,-3.459,6.735,0.010,-0.537,0.274,Frame_274,,28.48
09:05:56.774,-3.458,6.735,0.006,-0.540,0.277,Frame_274,,28.48
09:05:57.274,-3.457,6.735,0.003,-0.515,0.282,Frame_275,,28.48
09:05:57.774,-3.457,6.735,-0.009,-0.519,0.285,Frame_275,,28.48
09:05:58.274,-3.458,6.735,-0.002,-0.505,0.280,Frame_275,,28.48
09:05:58.774,-3.458,6.735,0.001,-0.494,0.281,Frame_275,,28.48
09:05:59.274,-3.457,6.735,0.013,-0.470,0.277,Frame_275,,28.48
09:05:59.775,-3.456,6.734,0.019,-0.464,0.278,Frame_275,,28.48
09:06:00.274,-3.454,6.732,0.027,-0.554,0.280,Frame_276,,28.48
09:06:00.774,-3.450,6.728,0.040,-0.648,0.305,Frame_276,,28.48
09:06:01.274,-3.447,6.724,0.047,-0.666,0.312,Frame_276,,28.48
09:06:01.774,-3.443,6.718,0.044,-0.660,0.326,Frame_276,,28.48
09:06:02.274,-3.439,6.709,0.081,-0.655,0.337,Frame_276,,28.48
09:06:02.774,-3.434,6.696,0.096,-0.615,0.346,Frame_276,,28.48
09:06:03.274,-3.430,6.681,0.122,-0.491,0.365,Frame_276,,28.48
09:06:03.774,-3.425,6.657,0.127,-0.399,0.371,Frame_277,,28.48
09:06:04.274,-3.423,6.641,0.139,-0.367,0.375,Frame_277,,28.48
09:06:04.774,-3.421,6.617,0.141,-0.287,0.389,Frame_277,,28.48
09:06:05.282,-3.421,6.593,0.133,-0.255,0.395,Frame_277,,28.48
09:06:05.774,-3.422,6.571,0.151,-0.213,0.405,Frame_277,,28.48
09:06:06.274,-3.423,6.547,0.151,-0.195,0.407,Frame_277,,28.48
09:06:06.774,-3.425,6.523,0.141,-0.170,0.406,Frame_278,,28.48
09:06:07.274,-3.429,6.494,0.156,-0.121,0.414,Frame_278,,28.48
09:06:07.785,-3.434,6.461,0.174,-0.251,0.413,Frame_278,,28.48
09:06:08.274,-3.440,6.429,0.144,-0.169,0.422,Frame_278,,28.48
09:06:08.774,-3.445,6.407,0.141,-0.058,0.416,Frame_278,,28.48
09:06:09.274,-3.450,6.388,0.154,-0.034,0.410,Frame_278,,28.48
09:06:09.774,-3.456,6.363,0.158,0.012,0.413,Frame_279,,28.48
09:06:10.274,-3.462,6.339,0.156,0.027,0.404,Frame_279,,28.48
09:06:10.774,-3.467,6.315,0.149,0.033,0.409,Frame_279,,28.48
09:06:11.274,-3.473,6.291,0.144,0.031,0.406,Frame_279,,28.48
09:06:11.774,-3.477,6.273,0.141,0.038,0.403,Frame_279,,28.48
09:06:12.274,-3.483,6.249,0.118,0.019,0.403,Frame_279,,28.57
09:06:12.774,-3.487,6.231,0.142,0.040,0.405,Frame_280,,28.57
09:06:13.274,-3.492,6.209,0.126,0.046,0.400,Frame_280,,28.57
09:06:13.774,-3.496,6.189,0.137,0.037,0.401,Frame_280,,28.57
09:06:14.279,-3.500,6.168,0.131,0.039,0.392,Frame_280,,28.57
09:06:14.774,-3.504,6.147,0.129,0.045,0.394,Frame_280,,28.57
09:06:15.274,-3.509,6.121,0.130,0.039,0.374,Frame_280,,28.57
09:06:15.774,-3.513,6.098,0.114,0.034,0.385,Frame_281,,28.57
09:06:16.274,-3.517,6.074,0.136,0.043,0.384,Frame_281,,28.57
09:06:16.774,-3.521,6.048,0.120,0.015,0.384,Frame_281,,28.57
09:06:17.274,-3.525,6.026,0.128,0.023,0.384,Frame_281,,28.57
09:06:17.774,-3.529,6.003,0.096,0.006,0.377,Frame_281,,28.57
09:06:18.274,-3.532,5.979,0.124,0.002,0.385,Frame_282,,28.57
09:06:18.774,-3.536,5.957,0.106,0.003,0.380,Frame_282,,28.57
09:06:19.274,-3.540,5.933,0.128,0.003,0.387,Frame_282,,28.57
09:06:19.776,-3.543,5.912,0.105,-0.003,0.392,Frame_282,,28.57
09:06:20.279,-3.547,5.886,0.111,0.004,0.375,Frame_282,,28.57
09:06:20.774,-3.550,5.867,0.111,0.005,0.381,Frame_283,,28.57
09:06:21.274,-3.553,5.848,0.112,-0.017,0.364,Frame_283,,28.57
09:06:21.774,-3.557,5.824,0.119,-0.011,0.364,Frame_283,,28.57
09:06:22.274,-3.560,5.802,0.111,-0.017,0.382,Frame_283,,28.57
09:06:22.776,-3.564,5.779,0.113,-0.024,0.377,Frame_283,,28.57
09:06:23.274,-3.568,5.757,0.118,-0.043,0.386,Frame_284,,28.57
09:06:23.774,-3.572,5.732,0.114,-0.049,0.383,Frame_284,,28.57
09:06:24.274,-3.576,5.713,0.111,-0.048,0.385,Frame_284,,28.57
09:06:24.774,-3.579,5.694,0.097,-0.033,0.377,Frame_284,,28.57
09:06:25.274,-3.583,5.677,0.097,-0.067,0.373,Frame_284,,28.57
09:06:25.774,-3.586,5.660,0.088,-0.041,0.376,Frame_285,,28.57
09:06:26.274,-3.588,5.651,0.058,-0.101,0.386,Frame_285,,28.57
09:06:26.782,-3.592,5.636,0.107,-0.105,0.380,Frame_285,,28.57
09:06:27.274,-3.595,5.622,0.068,-0.123,0.382,Frame_285,,28.57
09:06:27.774,-3.599,5.609,0.075,-0.165,0.374,Frame_285,,28.57
09:06:28.274,-3.602,5.597,0.122,-0.193,0.374,Frame_285,,28.57
09:06:28.783,-3.609,5.578,0.123,-0.175,0.383,Frame_285,,28.57
09:06:29.274,-3.615,5.561,0.102,-0.153,0.370,Frame_286,,28.57
09:06:29.774,-3.621,5.546,0.122,-0.154,0.369,Frame_286,,28.57
09:06:30.274,-3.630,5.524,0.103,-0.119,0.365,Frame_286,,28.57
09:06:30.774,-3.635,5.512,0.102,-0.124,0.359,Frame_286,,28.57
09:06:31.275,-3.642,5.497,0.115,-0.143,0.366,Frame_286,,28.57
09:06:31.774,-3.650,5.482,0.099,-0.134,0.352,Frame_286,,28.57
09:06:32.274,-3.656,5.469,0.088,-0.172,0.354,Frame_287,,28.57
09:06:32.776,-3.664,5.456,0.110,-0.174,0.346,Frame_287,,28.57
09:06:33.274,-3.673,5.440,0.097,-0.157,0.341,Frame_287,,28.57
09:06:33.781,-3.679,5.431,0.104,-0.157,0.338,Frame_287,,28.57
09:06:34.274,-3.690,5.415,0.106,-0.188,0.352,Frame_287,,28.57
09:06:34.774,-3.700,5.401,0.164,-0.364,0.343,Frame_287,,28.57
09:06:35.274,-3.717,5.379,0.196,-0.449,0.350,Frame_287,,28.57
09:06:35.776,-3.741,5.354,0.290,-0.459,0.346,Frame_288,,28.57
09:06:36.274,-3.770,5.325,0.290,-0.512,0.341,Frame_288,,28.57
09:06:36.774,-3.804,5.296,0.278,-0.577,0.341,Frame_288,,28.57
09:06:37.274,-3.836,5.274,0.274,-0.597,0.322,Frame_288,,28.57
09:06:37.774,-3.874,5.253,0.264,-0.589,0.327,Frame_288,,28.57
09:06:38.274,-3.904,5.239,0.206,-0.539,0.346,Frame_288,,28.57
09:06:38.774,-3.931,5.229,0.162,-0.538,0.346,Frame_289,,28.57
09:06:39.274,-3.953,5.223,0.165,-0.558,0.346,Frame_289,,28.57
09:06:39.774,-3.979,5.218,0.194,-0.544,0.350,Frame_289,,28.57
09:06:40.274,-4.013,5.214,0.228,-0.514,0.355,Frame_289,,28.57
09:06:40.774,-4.045,5.214,0.235,-0.487,0.362,Frame_289,,28.57
09:06:41.274,-4.077,5.215,0.213,-0.460,0.354,Frame_289,,28.57
09:06:41.774,-4.110,5.219,0.214,-0.441,0.361,Frame_289,,28.57
09:06:42.274,-4.135,5.224,0.207,-0.396,0.352,Frame_290,,28.60
09:06:42.774,-4.171,5.232,0.211,-0.369,0.354,Frame_290,,28.60
09:06:43.274,-4.194,5.239,0.197,-0.354,0.350,Frame_290,,28.60
09:06:43.774,-4.220,5.248,0.192,-0.346,0.349,Frame_290,,28.60
09:06:44.274,-4.240,5.257,0.130,-0.424,0.351,Frame_290,,28.60
09:06:44.774,-4.256,5.265,0.137,-0.516,0.359,Frame_290,,28.60
09:06:45.274,-4.261,5.267,0.144,-0.543,0.359,Frame_290,,28.60
09:06:45.774,-4.284,5.281,0.246,-0.495,0.361,Frame_290,,28.60
09:06:46.274,-4.316,5.304,0.237,-0.508,0.362,Frame_291,,28.60
09:06:46.777,-4.343,5.326,0.257,-0.543,0.371,Frame_291,,28.60
09:06:47.274,-4.365,5.346,0.102,-0.534,0.371,Frame_291,,28.88
09:06:47.776,-4.361,5.342,-0.121,-0.585,0.379,Frame_291,,28.88
09:06:48.274,-4.351,5.328,-0.179,-0.601,0.387,Frame_291,,28.88
09:06:48.774,-4.334,5.302,-0.228,-0.572,0.391,Frame_291,,28.88
09:06:49.274,-4.320,5.276,-0.239,-0.509,0.397,Frame_291,,28.88
09:06:49.774,-4.306,5.245,-0.245,-0.438,0.432,Frame_292,,28.88
09:06:50.274,-4.292,5.208,-0.251,-0.421,0.429,Frame_292,,28.88
09:06:50.774,-4.281,5.170,-0.252,-0.425,0.499,Frame_292,,28.88
09:06:51.274,-4.273,5.135,-0.260,-0.381,0.516,Frame_292,,28.88
09:06:51.774,-4.266,5.097,-0.273,-0.417,0.560,Frame_292,,28.88
09:06:52.274,-4.263,5.065,-0.272,-0.487,0.576,Frame_292,,28.88
09:06:52.774,-4.261,5.027,-0.276,-0.586,0.606,Frame_292,,28.88
09:06:53.275,-4.262,4.986,-0.225,-0.662,0.656,Frame_293,,28.88
09:06:53.774,-4.267,4.952,-0.190,-0.736,0.703,Frame_293,,28.88
09:06:54.274,-4.275,4.922,-0.146,-0.811,0.726,Frame_293,,28.88
09:06:54.774,-4.280,4.908,-0.076,-0.836,0.757,Frame_293,,28.88
09:06:55.274,-4.286,4.898,-0.060,-0.916,0.759,Frame_293,,28.88
09:06:55.774,-4.290,4.892,-0.045,-0.973,0.770,Frame_293,,28.88
09:06:56.274,-4.295,4.887,-0.036,-1.043,0.767,Frame_294,,28.88
09:06:56.782,-4.298,4.885,-0.014,-1.119,0.767,Frame_294,,28.88
09:06:57.274,-4.299,4.884,-0.000,-1.137,0.746,Frame_294,,28.88
09:06:57.774,-4.298,4.884,0.024,-1.171,0.758,Frame_294,,28.88
09:06:58.274,-4.293,4.885,0.036,-1.178,0.750,Frame_294,,28.88
09:06:58.774,-4.286,4.884,0.074,-1.182,0.739,Frame_294,,28.88
09:06:59.274,-4.271,4.881,0.129,-1.164,0.715,Frame_294,,28.88
09:06:59.775,-4.249,4.871,0.322,-1.067,0.704,Frame_295,,28.88
09:07:00.274,-4.204,4.842,0.429,-1.011,0.698,Frame_295,,28.88
09:07:00.774,-4.147,4.791,0.545,-0.870,0.706,Frame_295,,28.88
09:07:01.274,-4.090,4.724,0.559,-0.771,0.750,Frame_295,,28.88
09:07:01.774,-4.046,4.658,0.558,-0.670,0.708,Frame_295,,28.88
09:07:02.274,-4.005,4.580,0.544,-0.562,0.686,Frame_295,,29.06
09:07:02.774,-3.976,4.510,0.543,-0.521,0.606,Frame_295,,29.06
09:07:03.274,-3.948,4.427,0.551,-0.447,0.571,Frame_296,,29.06
09:07:03.774,-3.927,4.343,0.535,-0.404,0.504,Frame_296,,29.06
09:07:04.274,-3.913,4.270,0.519,-0.370,0.470,Frame_296,,29.06
09:07:04.774,-3.903,4.188,0.509,-0.333,0.413,Frame_296,,29.06
09:07:05.274,-3.897,4.118,0.502,-0.299,0.376,Frame_296,,29.06
09:07:05.774,-3.895,4.027,0.505,-0.269,0.354,Frame_296,,29.06
09:07:06.274,-3.896,3.957,0.498,-0.225,0.335,Frame_297,,29.06
09:07:06.774,-3.900,3.876,0.524,-0.129,0.340,Frame_297,,29.06
09:07:07.274,-3.905,3.801,0.554,-0.089,0.322,Frame_297,,29.10
09:07:07.779,-3.913,3.702,0.547,-0.081,0.349,Frame_297,,29.10
09:07:08.274,-3.922,3.617,0.537,-0.059,0.362,Frame_297,,29.10
09:07:08.776,-3.929,3.552,0.547,-0.073,0.363,Frame_297,,29.10
09:07:09.276,-3.943,3.433,0.559,-0.053,0.366,Frame_298,,29.10
09:07:09.774,-3.957,3.323,0.552,0.068,0.374,Frame_298,,29.10
09:07:10.276,-3.970,3.215,0.541,0.089,0.382,Frame_298,,29.10
09:07:10.774,-3.978,3.138,0.547,0.037,0.388,Frame_298,,29.10
09:07:11.279,-3.987,3.051,0.555,0.022,0.388,Frame_298,,29.10
09:07:11.783,-3.994,2.974,0.547,0.001,0.399,Frame_298,,29.10
09:07:12.281,-4.002,2.887,0.553,0.003,0.397,Frame_299,,29.11
09:07:12.774,-4.010,2.799,0.554,-0.028,0.410,Frame_299,,29.11
09:07:13.277,-4.018,2.721,0.556,-0.025,0.415,Frame_299,,29.11
09:07:13.774,-4.027,2.631,0.570,-0.021,0.423,Frame_299,,29.11
09:07:14.274,-4.035,2.552,0.562,-0.006,0.414,Frame_299,,29.11
09:07:14.774,-4.045,2.452,0.559,0.062,0.427,Frame_299,,29.11
09:07:15.274,-4.054,2.364,0.553,0.071,0.431,Frame_299,,29.11
09:07:15.774,-4.061,2.276,0.550,0.070,0.440,Frame_300,,29.11
09:07:16.274,-4.068,2.188,0.547,0.082,0.450,Frame_300,,29.11
09:07:16.775,-4.073,2.113,0.540,0.068,0.459,Frame_300,,29.11
09:07:17.274,-4.078,2.015,0.540,0.055,0.463,Frame_300,,29.11
09:07:17.774,-4.081,1.939,0.553,0.022,0.472,Frame_300,,29.11
09:07:18.274,-4.085,1.851,0.542,-0.007,0.491,Frame_300,,29.11
09:07:18.774,-4.088,1.774,0.554,0.022,0.490,Frame_301,,29.11
09:07:19.274,-4.091,1.686,0.546,0.015,0.507,Frame_301,,29.11
09:07:19.774,-4.094,1.609,0.547,0.023,0.520,Frame_301,,29.11
09:07:20.274,-4.097,1.512,0.529,-0.012,0.527,Frame_301,,29.11
09:07:20.774,-4.100,1.440,0.500,-0.022,0.541,Frame_301,,29.11
09:07:21.274,-4.102,1.362,0.462,0.049,0.534,Frame_301,,29.11
09:07:21.774,-4.105,1.281,0.430,0.064,0.564,Frame_301,,29.11
09:07:22.274,-4.106,1.213,0.418,0.024,0.570,Frame_302,,29.11
09:07:22.774,-4.107,1.147,0.401,0.052,0.578,Frame_302,,29.11
09:07:23.274,-4.108,1.092,0.379,0.058,0.586,Frame_302,,29.11
09:07:23.780,-4.108,1.033,0.356,0.066,0.580,Frame_302,,29.11
09:07:24.274,-4.108,0.977,0.350,0.025,0.537,Frame_302,,29.11
09:07:24.774,-4.107,0.915,0.345,0.004,0.500,Frame_302,,29.11
09:07:25.274,-4.106,0.862,0.315,0.075,0.477,Frame_303,,29.11
09:07:25.780,-4.105,0.813,0.292,0.092,0.458,Frame_303,,29.11
09:07:26.274,-4.103,0.773,0.285,0.075,0.459,Frame_303,,29.11
09:07:26.774,-4.102,0.745,0.264,0.065,0.440,Frame_303,,29.11
09:07:27.274,-4.098,0.687,0.269,0.078,0.431,Frame_303,,29.11
09:07:27.774,-4.094,0.639,0.261,0.112,0.422,Frame_303,,29.11
09:07:28.274,-4.091,0.603,0.248,0.134,0.410,Frame_303,,29.11
09:07:28.774,-4.087,0.567,0.226,0.335,0.406,Frame_304,,29.11
09:07:29.277,-4.082,0.534,0.241,0.376,0.389,Frame_304,,29.11
09:07:29.774,-4.073,0.494,0.289,0.439,0.389,Frame_304,,29.11
09:07:30.274,-4.058,0.444,0.297,0.460,0.381,Frame_304,,29.11
09:07:30.774,-4.044,0.407,0.263,0.494,0.390,Frame_304,,29.11
09:07:31.274,-4.025,0.368,0.273,0.507,0.364,Frame_304,,29.11
09:07:31.774,-4.007,0.335,0.274,0.574,0.368,Frame_305,,29.11
09:07:32.274,-3.978,0.294,0.286,0.626,0.350,Frame_305,,29.06
09:07:32.774,-3.959,0.271,0.286,0.656,0.355,Frame_305,,29.06
09:07:33.274,-3.922,0.234,0.309,0.671,0.342,Frame_305,,29.06
09:07:33.774,-3.894,0.211,0.318,0.713,0.348,Frame_305,,29.06
09:07:34.274,-3.851,0.183,0.359,0.716,0.347,Frame_305,,29.06
09:07:34.774,-3.811,0.162,0.423,0.700,0.346,Frame_306,,29.06
09:07:35.274,-3.741,0.134,0.410,0.798,0.347,Frame_306,,29.06
09:07:35.774,-3.684,0.119,0.448,0.787,0.340,Frame_306,,29.06
09:07:36.274,-3.592,0.108,0.496,0.762,0.355,Frame_306,,29.06
09:07:36.776,-3.512,0.109,0.511,0.737,0.362,Frame_306,,29.06
09:07:37.284,-3.429,0.121,0.530,0.657,0.379,Frame_306,,29.06
09:07:37.774,-3.378,0.132,0.527,0.623,0.411,Frame_307,,29.06
09:07:38.274,-3.286,0.162,0.554,0.529,0.409,Frame_307,,29.06
09:07:38.774,-3.204,0.196,0.560,0.495,0.392,Frame_307,,29.06
09:07:39.274,-3.134,0.233,0.577,0.465,0.373,Frame_307,,29.06
09:07:39.774,-3.065,0.274,0.580,0.431,0.326,Frame_307,,29.06
09:07:40.274,-2.989,0.327,0.583,0.399,0.310,Frame_307,,29.06
09:07:40.774,-2.924,0.378,0.595,0.382,0.308,Frame_307,,29.06
09:07:41.274,-2.852,0.441,0.620,0.304,0.305,Frame_308,,29.06
09:07:41.774,-2.773,0.520,0.621,0.244,0.353,Frame_308,,29.06
09:07:42.274,-2.722,0.574,0.620,0.193,0.368,Frame_308,,29.08
09:07:42.774,-2.639,0.667,0.615,0.073,0.441,Frame_308,,29.08
09:07:43.274,-2.583,0.732,0.614,0.038,0.509,Frame_308,,29.08
09:07:43.778,-2.519,0.808,0.618,-0.050,0.540,Frame_308,,29.08
09:07:44.274,-2.454,0.883,0.623,-0.070,0.605,Frame_308,,29.08
09:07:44.774,-2.381,0.967,0.621,0.031,0.678,Frame_309,,29.08
09:07:45.274,-2.315,1.042,0.637,0.034,0.704,Frame_309,,29.08
09:07:45.783,-2.248,1.119,0.623,0.015,0.766,Frame_309,,29.08
09:07:46.274,-2.192,1.185,0.625,0.010,0.803,Frame_309,,29.08
09:07:46.779,-2.127,1.261,0.619,0.020,0.868,Frame_309,,29.08
09:07:47.274,-2.054,1.346,0.611,0.006,0.935,Frame_309,,29.08
09:07:47.774,-1.985,1.428,0.582,-0.057,0.968,Frame_310,,29.08
09:07:48.274,-1.932,1.488,0.552,-0.082,1.033,Frame_310,,29.08
09:07:48.774,-1.881,1.546,0.546,-0.058,1.056,Frame_310,,29.08
09:07:49.275,-1.817,1.617,0.535,-0.058,1.123,Frame_310,,29.08
09:07:49.777,-1.767,1.671,0.527,-0.039,1.153,Frame_310,,29.08
09:07:50.274,-1.711,1.731,0.506,0.009,1.116,Frame_310,,29.08
09:07:50.774,-1.656,1.790,0.496,-0.011,1.034,Frame_311,,29.08
09:07:51.274,-1.602,1.847,0.492,-0.013,0.999,Frame_311,,29.08
09:07:51.774,-1.563,1.889,0.483,-0.033,0.910,Frame_311,,29.08
09:07:52.274,-1.510,1.945,0.476,-0.058,0.839,Frame_311,,29.12
09:07:52.774,-1.457,2.000,0.461,-0.057,0.770,Frame_311,,29.12
09:07:53.274,-1.406,2.052,0.454,-0.045,0.736,Frame_311,,29.12
09:07:53.774,-1.362,2.096,0.454,-0.020,0.651,Frame_311,,29.12
09:07:54.274,-1.318,2.141,0.449,0.006,0.630,Frame_312,,29.12
09:07:54.774,-1.273,2.186,0.448,0.059,0.544,Frame_312,,29.12
09:07:55.274,-1.228,2.231,0.463,0.081,0.508,Frame_312,,29.12
09:07:55.774,-1.170,2.292,0.475,0.152,0.435,Frame_312,,29.12
09:07:56.274,-1.119,2.348,0.481,0.225,0.426,Frame_312,,29.12
09:07:56.774,-1.076,2.400,0.487,0.281,0.358,Frame_312,,29.12
09:07:57.274,-1.026,2.464,0.516,0.326,0.340,Frame_313,,29.17
09:07:57.774,-0.990,2.514,0.513,0.377,0.317,Frame_313,,29.17
09:07:58.274,-0.941,2.593,0.514,0.376,0.294,Frame_313,,29.17
09:07:58.774,-0.912,2.647,0.510,0.390,0.292,Frame_313,,29.17
09:07:59.282,-0.872,2.731,0.509,0.378,0.300,Frame_313,,29.17
09:07:59.774,-0.849,2.787,0.519,0.343,0.327,Frame_313,,29.17
09:08:00.274,-0.820,2.868,0.555,0.277,0.347,Frame_313,,29.17
09:08:00.774,-0.792,2.964,0.564,0.231,0.369,Frame_313,,29.17
09:08:01.275,-0.772,3.040,0.569,0.214,0.375,Frame_314,,29.17
09:08:01.774,-0.772,3.040,0.588,0.156,0.378,Frame_314,,29.17
09:08:02.274,-0.735,3.210,0.577,0.050,0.391,Frame_314,,29.16
09:08:02.774,-0.714,3.323,0.582,0.015,0.392,Frame_314,,29.16
09:08:03.274,-0.695,3.425,0.571,0.026,0.395,Frame_314,,29.16
09:08:03.774,-0.677,3.525,0.557,-0.016,0.408,Frame_315,,29.16
09:08:04.274,-0.658,3.626,0.573,0.032,0.408,Frame_315,,29.16
09:08:04.774,-0.642,3.718,0.571,-0.018,0.407,Frame_315,,29.16
09:08:05.276,-0.622,3.831,0.582,0.001,0.415,Frame_315,,29.16
09:08:05.776,-0.602,3.945,0.575,-0.028,0.414,Frame_315,,29.16
09:08:06.277,-0.581,4.057,0.567,-0.082,0.411,Frame_316,,29.16
09:08:06.782,-0.564,4.146,0.570,-0.090,0.412,Frame_316,,29.16
09:08:07.274,-0.545,4.235,0.575,-0.061,0.418,Frame_316,,29.16
09:08:07.774,-0.522,4.336,0.564,-0.053,0.416,Frame_316,,29.16
09:08:08.274,-0.507,4.402,0.568,0.001,0.435,Frame_316,,29.16
09:08:08.774,-0.484,4.504,0.588,-0.008,0.436,Frame_316,,29.16
09:08:09.274,-0.468,4.572,0.588,0.015,0.444,Frame_316,,29.16
09:08:09.774,-0.448,4.662,0.583,-0.005,0.452,Frame_317,,29.16
09:08:10.274,-0.430,4.741,0.576,-0.081,0.463,Frame_317,,29.16
09:08:10.774,-0.408,4.830,0.578,-0.076,0.458,Frame_317,,29.16
09:08:11.274,-0.388,4.908,0.572,-0.025,0.456,Frame_317,,29.16
09:08:11.774,-0.366,4.996,0.572,-0.033,0.485,Frame_317,,29.16
09:08:12.274,-0.345,5.073,0.574,0.088,0.474,Frame_317,,29.19
09:08:12.774,-0.323,5.161,0.578,0.093,0.500,Frame_318,,29.19
09:08:13.276,-0.302,5.252,0.570,0.080,0.510,Frame_318,,29.19
09:08:13.775,-0.282,5.340,0.568,0.059,0.510,Frame_318,,29.19
09:08:14.274,-0.265,5.419,0.576,0.005,0.512,Frame_318,,29.19
09:08:14.781,-0.246,5.507,0.545,-0.053,0.527,Frame_318,,29.19
09:08:15.274,-0.229,5.582,0.544,-0.048,0.535,Frame_318,,29.19
09:08:15.774,-0.210,5.666,0.536,-0.001,0.539,Frame_318,,29.19
09:08:16.274,-0.193,5.739,0.532,0.000,0.542,Frame_318,,29.19
09:08:16.774,-0.189,5.759,0.538,-0.018,0.544,Frame_319,,29.19
09:08:17.274,-0.158,5.892,0.346,-0.109,0.549,Frame_319,,29.48
09:08:17.775,-0.154,5.907,-0.129,-0.219,0.552,Frame_319,,29.48
09:08:18.274,-0.160,5.888,-0.196,-0.133,0.555,Frame_319,,29.48
09:08:18.774,-0.169,5.858,-0.207,-0.082,0.548,Frame_319,,29.48
09:08:19.274,-0.177,5.831,-0.193,-0.036,0.538,Frame_319,,29.48
09:08:19.774,-0.188,5.799,-0.177,0.020,0.535,Frame_320,,29.48
09:08:20.274,-0.194,5.779,-0.172,0.034,0.534,Frame_320,,29.48
09:08:20.774,-0.204,5.748,-0.173,0.075,0.531,Frame_320,,29.48
09:08:21.274,-0.210,5.728,-0.185,0.092,0.524,Frame_320,,29.48
09:08:21.774,-0.218,5.699,-0.192,0.119,0.521,Frame_320,,29.48
09:08:22.274,-0.226,5.669,-0.202,0.153,0.517,Frame_320,,29.48
09:08:22.774,-0.234,5.637,-0.222,0.161,0.518,Frame_321,,29.48
09:08:23.274,-0.241,5.606,-0.229,0.149,0.507,Frame_321,,29.48
09:08:23.774,-0.249,5.565,-0.247,0.120,0.519,Frame_321,,29.48
09:08:24.274,-0.257,5.521,-0.257,0.099,0.516,Frame_321,,29.48
09:08:24.774,-0.265,5.470,-0.270,0.061,0.523,Frame_321,,29.48
09:08:25.274,-0.271,5.422,-0.264,0.055,0.515,Frame_321,,29.48
09:08:25.774,-0.277,5.376,-0.256,0.019,0.522,Frame_322,,29.48
09:08:26.274,-0.284,5.324,-0.257,0.013,0.528,Frame_322,,29.48
09:08:26.774,-0.289,5.283,-0.266,-0.008,0.526,Frame_322,,29.48
09:08:27.274,-0.294,5.236,-0.261,-0.007,0.531,Frame_322,,29.48
09:08:27.783,-0.301,5.185,-0.264,-0.022,0.524,Frame_322,,29.48
09:08:28.275,-0.307,5.132,-0.257,-0.030,0.523,Frame_322,,29.48
09:08:28.774,-0.313,5.092,-0.253,-0.031,0.528,Frame_323,,29.48
09:08:29.274,-0.319,5.046,-0.256,-0.045,0.532,Frame_323,,29.48
09:08:29.774,-0.326,5.001,-0.256,-0.014,0.533,Frame_323,,29.48
09:08:30.274,-0.332,4.955,-0.255,-0.001,0.532,Frame_323,,29.48
09:08:30.774,-0.340,4.905,-0.243,-0.015,0.535,Frame_323,,29.48
09:08:31.274,-0.347,4.857,-0.238,-0.029,0.538,Frame_324,,29.48
09:08:31.774,-0.354,4.814,-0.252,-0.002,0.534,Frame_324,,29.48
09:08:32.274,-0.362,4.765,-0.241,-0.019,0.530,Frame_324,,29.48
09:08:32.774,-0.367,4.731,-0.253,-0.002,0.533,Frame_324,,29.48
09:08:33.280,-0.374,4.686,-0.251,-0.030,0.529,Frame_324,,29.48
09:08:33.774,-0.382,4.637,-0.240,-0.004,0.531,Frame_324,,29.48
09:08:34.274,-0.390,4.594,-0.246,-0.010,0.517,Frame_325,,29.48
09:08:34.774,-0.398,4.546,-0.238,0.005,0.537,Frame_325,,29.48
09:08:35.274,-0.404,4.508,-0.241,-0.029,0.533,Frame_325,,29.48
09:08:35.775,-0.411,4.469,-0.246,-0.012,0.524,Frame_325,,29.48
09:08:36.274,-0.419,4.421,-0.245,-0.009,0.519,Frame_325,,29.48
09:08:36.774,-0.428,4.373,-0.245,-0.002,0.531,Frame_326,,29.48
09:08:37.274,-0.435,4.334,-0.247,0.014,0.532,Frame_326,,29.51
09:08:37.774,-0.442,4.291,-0.242,0.007,0.524,Frame_326,,29.51
09:08:38.274,-0.450,4.247,-0.249,0.011,0.529,Frame_326,,29.51
09:08:38.785,-0.457,4.204,-0.240,0.021,0.527,Frame_326,,29.51
09:08:39.274,-0.465,4.160,-0.248,0.016,0.530,Frame_326,,29.51
09:08:39.774,-0.472,4.116,-0.250,0.006,0.525,Frame_327,,29.51
09:08:40.274,-0.478,4.077,-0.244,0.001,0.525,Frame_327,,29.51
09:08:40.774,-0.486,4.033,-0.263,0.020,0.525,Frame_327,,29.51
09:08:41.274,-0.494,3.980,-0.273,0.009,0.527,Frame_327,,29.51
09:08:41.782,-0.500,3.943,-0.268,-0.001,0.522,Frame_327,,29.51
09:08:42.274,-0.510,3.885,-0.264,0.001,0.511,Frame_328,,29.51
09:08:42.774,-0.515,3.849,-0.273,-0.003,0.527,Frame_328,,29.51
09:08:43.279,-0.524,3.797,-0.262,-0.023,0.519,Frame_328,,29.51
09:08:43.774,-0.532,3.745,-0.265,-0.032,0.515,Frame_328,,29.51
09:08:44.276,-0.539,3.703,-0.267,-0.020,0.519,Frame_328,,29.51
09:08:44.774,-0.547,3.660,-0.279,-0.001,0.518,Frame_328,,29.51
09:08:45.283,-0.556,3.608,-0.293,-0.002,0.525,Frame_329,,29.51
09:08:45.774,-0.566,3.552,-0.280,-0.017,0.514,Frame_329,,29.51
09:08:46.277,-0.574,3.508,-0.283,-0.000,0.516,Frame_329,,29.51
09:08:46.774,-0.584,3.450,-0.292,-0.018,0.513,Frame_329,,29.51
09:08:47.274,-0.592,3.405,-0.282,-0.033,0.511,Frame_329,,29.51
09:08:47.774,-0.603,3.349,-0.286,-0.046,0.509,Frame_330,,29.51
09:08:48.274,-0.611,3.306,-0.263,-0.172,0.505,Frame_330,,29.51
09:08:48.774,-0.620,3.267,-0.249,-0.210,0.505,Frame_330,,29.51
09:08:49.278,-0.630,3.229,-0.240,-0.165,0.499,Frame_330,,29.51
09:08:49.774,-0.640,3.193,-0.217,-0.144,0.493,Frame_330,,29.51
09:08:50.274,-0.649,3.164,-0.211,-0.119,0.486,Frame_330,,29.51
09:08:50.774,-0.658,3.137,-0.199,-0.115,0.474,Frame_330,,29.51
09:08:51.274,-0.668,3.108,-0.175,-0.097,0.475,Frame_331,,29.51
09:08:51.774,-0.677,3.084,-0.187,-0.095,0.467,Frame_331,,29.51
09:08:52.274,-0.688,3.056,-0.202,-0.081,0.456,Frame_331,,29.51
09:08:52.777,-0.702,3.023,-0.197,-0.077,0.450,Frame_331,,29.51
09:08:53.274,-0.711,3.001,-0.201,-0.088,0.448,Frame_331,,29.51
09:08:53.774,-0.725,2.968,-0.185,-0.127,0.440,Frame_331,,29.51
09:08:54.274,-0.734,2.947,-0.158,-0.318,0.422,Frame_332,,29.51
09:08:54.774,-0.747,2.922,-0.159,-0.518,0.423,Frame_332,,29.51
09:08:55.274,-0.759,2.904,-0.149,-0.633,0.413,Frame_332,,29.51
09:08:55.774,-0.769,2.890,-0.108,-0.748,0.396,Frame_332,,29.51
09:08:56.274,-0.778,2.880,-0.120,-0.824,0.381,Frame_332,,29.51
09:08:56.774,-0.793,2.867,-0.118,-0.866,0.366,Frame_332,,29.51
09:08:57.274,-0.807,2.858,-0.116,-0.912,0.356,Frame_332,,29.51
09:08:57.774,-0.820,2.851,-0.068,-0.954,0.331,Frame_333,,29.51
09:08:58.274,-0.829,2.849,-0.033,-1.054,0.311,Frame_333,,29.51
09:08:58.774,-0.833,2.848,-0.026,-1.093,0.308,Frame_333,,29.51
09:08:59.274,-0.836,2.848,-0.003,-1.167,0.304,Frame_333,,29.51
09:08:59.774,-0.836,2.848,0.003,-1.191,0.291,Frame_333,,29.51
09:09:00.274,-0.835,2.848,0.004,-1.205,0.315,Frame_333,,29.51
09:09:00.775,-0.834,2.847,0.020,-1.218,0.304,Frame_333,,29.51
09:09:01.274,-0.830,2.843,0.054,-1.198,0.326,Frame_334,,29.51
09:09:01.774,-0.824,2.835,0.073,-1.164,0.335,Frame_334,,29.51
09:09:02.274,-0.818,2.823,0.096,-1.097,0.357,Frame_334,,29.51
09:09:02.774,-0.813,2.806,0.128,-1.023,0.372,Frame_334,,29.51
09:09:03.274,-0.811,2.788,0.170,-0.954,0.390,Frame_334,,29.51
09:09:03.785,-0.812,2.758,0.206,-0.869,0.410,Frame_334,,29.51
09:09:04.274,-0.819,2.718,0.259,-0.829,0.407,Frame_335,,29.51
09:09:04.774,-0.834,2.675,0.311,-0.731,0.425,Frame_335,,29.51
09:09:05.274,-0.855,2.630,0.320,-0.726,0.414,Frame_335,,29.51
09:09:05.776,-0.878,2.591,0.336,-0.682,0.415,Frame_335,,29.51
09:09:06.274,-0.911,2.547,0.347,-0.655,0.401,Frame_335,,29.51
09:09:06.774,-0.949,2.507,0.348,-0.610,0.391,Frame_335,,29.51
09:09:07.274,-0.989,2.471,0.341,-0.615,0.379,Frame_336,,29.51
09:09:07.774,-1.038,2.436,0.295,-0.602,0.353,Frame_336,,29.51
09:09:08.274,-1.074,2.416,0.289,-0.605,0.366,Frame_336,,29.51
09:09:08.774,-1.122,2.394,0.290,-0.608,0.355,Frame_336,,29.51
09:09:09.274,-1.160,2.381,0.286,-0.605,0.346,Frame_336,,29.51
09:09:09.774,-1.206,2.370,0.300,-0.593,0.340,Frame_336,,29.51
09:09:10.279,-1.253,2.364,0.293,-0.586,0.339,Frame_337,,29.51
09:09:10.774,-1.306,2.362,0.303,-0.684,0.334,Frame_337,,29.51
09:09:11.274,-1.356,2.365,0.326,-0.734,0.340,Frame_337,,29.51
09:09:11.774,-1.414,2.377,0.337,-0.792,0.350,Frame_337,,29.51
09:09:12.274,-1.472,2.398,0.348,-0.781,0.347,Frame_337,,29.52
09:09:12.774,-1.513,2.419,0.321,-0.779,0.349,Frame_337,,29.52
09:09:13.274,-1.563,2.452,0.339,-0.757,0.352,Frame_338,,29.52
09:09:13.774,-1.599,2.483,0.344,-0.737,0.358,Frame_338,,29.52
09:09:14.274,-1.637,2.525,0.364,-0.687,0.357,Frame_338,,29.52
09:09:14.774,-1.659,2.553,0.389,-0.658,0.362,Frame_338,,29.52
09:09:15.274,-1.698,2.616,0.436,-0.604,0.359,Frame_338,,29.52
09:09:15.774,-1.721,2.662,0.456,-0.556,0.340,Frame_338,,29.52
09:09:16.274,-1.749,2.731,0.488,-0.478,0.370,Frame_338,,29.52
09:09:16.774,-1.771,2.796,0.505,-0.368,0.373,Frame_339,,29.52
09:09:17.274,-1.792,2.876,0.524,-0.340,0.426,Frame_339,,29.79
09:09:17.774,-1.807,2.948,0.528,-0.362,0.439,Frame_339,,29.79
09:09:18.274,-1.820,3.031,0.523,-0.310,0.479,Frame_339,,29.79
09:09:18.774,-1.829,3.114,0.519,-0.208,0.512,Frame_339,,29.79
09:09:19.274,-1.835,3.207,0.508,-0.131,0.529,Frame_339,,29.79
09:09:19.774,-1.838,3.277,0.499,-0.088,0.555,Frame_340,,29.79
09:09:20.275,-1.841,3.355,0.467,-0.056,0.566,Frame_340,,29.79
09:09:20.774,-1.843,3.427,0.431,-0.002,0.581,Frame_340,,29.79
09:09:21.274,-1.844,3.492,0.384,0.028,0.594,Frame_340,,29.79
09:09:21.774,-1.845,3.544,0.349,0.003,0.612,Frame_340,,29.79
09:09:22.274,-1.847,3.592,0.340,-0.009,0.620,Frame_340,,29.79
09:09:22.774,-1.848,3.651,0.320,-0.001,0.630,Frame_340,,29.79
09:09:23.274,-1.849,3.699,0.354,-0.382,0.643,Frame_341,,29.79
09:09:23.774,-1.846,3.765,0.377,-0.641,0.653,Frame_341,,29.79
09:09:24.274,-1.839,3.817,0.375,-0.758,0.664,Frame_341,,29.79
09:09:24.774,-1.822,3.880,0.341,-0.781,0.678,Frame_341,,29.79
09:09:25.274,-1.800,3.931,0.265,-0.802,0.675,Frame_341,,29.79
09:09:25.774,-1.780,3.965,0.229,-0.790,0.676,Frame_341,,29.79
09:09:26.274,-1.763,3.987,0.168,-0.784,0.660,Frame_342,,29.79
09:09:26.774,-1.748,4.003,0.123,-0.762,0.661,Frame_342,,29.79
09:09:27.274,-1.738,4.012,0.039,-0.406,0.658,Frame_342,,30.05
09:09:27.774,-1.736,4.013,-0.011,-0.158,0.653,Frame_342,,30.05
09:09:28.277,-1.736,4.013,0.028,0.105,0.656,Frame_342,,30.05
09:09:28.774,-1.731,4.016,0.104,0.292,0.642,Frame_342,,30.05
09:09:29.274,-1.724,4.022,0.025,0.405,0.639,Frame_342,,30.05
09:09:29.774,-1.721,4.025,0.037,0.578,0.644,Frame_343,,30.05
09:09:30.274,-1.716,4.029,0.061,0.734,0.628,Frame_343,,30.05
09:09:30.774,-1.710,4.037,0.111,0.809,0.630,Frame_343,,30.05
09:09:31.274,-1.698,4.057,0.169,0.797,0.610,Frame_343,,30.05
09:09:31.774,-1.689,4.076,0.217,0.763,0.586,Frame_343,,30.05
09:09:32.274,-1.677,4.112,0.318,0.641,0.578,Frame_343,,30.05
09:09:32.774,-1.665,4.166,0.409,0.527,0.582,Frame_343,,30.05
09:09:33.274,-1.655,4.244,0.462,0.422,0.564,Frame_344,,30.05
09:09:33.774,-1.652,4.300,0.474,0.353,0.568,Frame_344,,30.05
09:09:34.274,-1.651,4.373,0.414,0.214,0.577,Frame_344,,30.05
09:09:34.774,-1.652,4.427,0.357,0.142,0.593,Frame_344,,30.05
09:09:35.274,-1.654,4.488,0.308,0.070,0.597,Frame_344,,30.05
09:09:35.774,-1.657,4.531,0.338,-0.129,0.616,Frame_344,,30.05
09:09:36.274,-1.659,4.588,0.376,-0.516,0.612,Frame_345,,30.05
09:09:36.774,-1.656,4.649,0.390,-0.688,0.643,Frame_345,,30.05
09:09:37.274,-1.649,4.704,0.397,-0.527,0.647,Frame_345,,30.53
09:09:37.774,-1.636,4.761,0.314,-0.037,0.663,Frame_345,,30.53
09:09:38.274,-1.626,4.803,0.339,0.262,0.658,Frame_345,,30.53
09:09:38.787,-1.613,4.869,0.413,0.301,0.664,Frame_345,,30.53
09:09:39.274,-1.604,4.927,0.431,0.266,0.660,Frame_345,,30.53
09:09:39.774,-1.596,5.001,0.394,0.218,0.655,Frame_346,,30.53
09:09:40.275,-1.591,5.079,0.383,0.153,0.639,Frame_346,,30.53
09:09:40.774,-1.589,5.139,0.367,0.101,0.640,Frame_346,,30.53
09:09:41.274,-1.588,5.189,0.344,-0.079,0.654,Frame_346,,30.53
09:09:41.774,-1.586,5.242,0.332,-0.210,0.653,Frame_346,,30.53
09:09:42.274,-1.584,5.290,0.364,-0.411,0.662,Frame_346,,30.53
09:09:42.776,-1.575,5.363,0.363,-0.649,0.661,Frame_347,,30.53
09:09:43.274,-1.564,5.412,0.348,-0.758,0.666,Frame_347,,30.53
09:09:43.774,-1.547,5.461,0.304,-0.787,0.659,Frame_347,,30.53
09:09:44.276,-1.529,5.498,0.268,-0.792,0.663,Frame_347,,30.53
09:09:44.775,-1.511,5.527,0.087,-0.813,0.649,Frame_347,,30.53
09:09:45.276,-1.505,5.534,0.055,-0.790,0.662,Frame_347,,30.53
09:09:45.774,-1.499,5.539,0.000,0.000,0.654,Frame_348,,30.53
09:09:46.283,-1.499,5.539,0.000,0.000,0.660,Frame_348,,30.53
09:09:46.774,-1.499,5.539,0.000,0.000,0.655,Frame_348,,30.53
09:09:47.277,-1.499,5.539,0.000,0.000,0.661,Frame_348,,27.77
09:09:47.776,-1.499,5.539,0.000,0.000,0.661,Frame_348,,27.77
09:09:48.274,-1.499,5.539,0.000,0.000,0.660,Frame_348,,27.77
09:09:48.774,-1.499,5.539,0.000,0.000,0.660,Frame_348,,27.77
09:09:49.274,-1.499,5.539,0.000,0.000,0.659,Frame_349,,27.77
09:09:49.774,-1.499,5.539,0.000,1.000,0.662,Frame_349,,27.77
09:09:50.274,-1.499,5.539,0.000,1.000,0.665,Frame_349,,27.77
09:09:50.774,-1.499,5.539,0.000,1.000,0.670,Frame_349,,27.77
09:09:51.274,-1.499,5.539,0.000,1.000,0.656,Frame_349,,27.77
09:09:51.774,-1.499,5.539,0.000,1.000,0.654,Frame_349,,27.77
09:09:52.281,-1.499,5.539,0.000,1.000,0.648,Frame_350,,27.77
09:09:52.778,-1.499,5.539,0.000,1.000,0.646,Frame_350,,27.77
09:09:53.274,-1.499,5.539,0.000,1.000,0.623,Frame_350,,27.77
09:09:53.774,-1.499,5.539,0.000,1.000,0.612,Frame_350,,27.77
09:09:54.274,-1.499,5.539,0.000,1.000,0.612,Frame_350,,27.77
09:09:54.774,-1.499,5.539,0.000,0.636,0.592,Frame_350,,27.77
09:09:55.274,-1.499,5.539,0.000,0.000,0.595,Frame_350,,27.77
09:09:55.774,-1.499,5.539,0.000,0.000,0.586,Frame_351,,27.77
09:09:56.274,-1.499,5.539,0.000,0.000,0.600,Frame_351,,27.77
09:09:56.774,-1.499,5.539,0.000,0.000,0.590,Frame_351,,27.77
09:09:57.274,-1.499,5.539,0.000,0.000,0.599,Frame_351,,27.77
09:09:57.774,-1.499,5.539,0.000,0.000,0.596,Frame_351,,27.77
09:09:58.274,-1.499,5.539,0.000,0.000,0.583,Frame_351,,27.77
09:09:58.774,-1.499,5.539,0.000,0.000,0.593,Frame_352,,27.77
09:09:59.274,-1.499,5.539,0.000,0.000,0.580,Frame_352,,27.77
09:09:59.774,-1.499,5.539,0.000,0.000,0.593,Frame_352,,27.77
09:10:00.274,-1.499,5.539,0.000,0.000,0.591,Frame_352,,27.77
09:10:00.774,-1.499,5.539,0.000,0.000,0.595,Frame_352,,27.77
09:10:01.274,-1.499,5.539,0.000,0.000,0.581,Frame_352,,27.77
09:10:01.774,-1.499,5.539,0.000,0.000,0.596,Frame_352,,27.77
09:10:02.274,-1.499,5.539,0.000,0.000,0.593,Frame_353,,27.77
09:10:02.774,-1.499,5.539,0.000,0.000,0.599,Frame_353,,27.77
09:10:03.274,-1.499,5.539,0.000,0.000,0.592,Frame_353,,27.77
09:10:03.774,-1.499,5.539,0.000,0.000,0.594,Frame_353,,27.77
09:10:04.274,-1.499,5.539,0.000,0.000,0.596,Frame_353,,27.77
09:10:04.774,-1.499,5.539,0.000,0.000,0.587,Frame_353,,27.77
09:10:05.276,-1.499,5.539,0.000,0.000,0.594,Frame_354,,27.77
09:10:05.774,-1.499,5.539,0.000,0.000,0.595,Frame_354,,27.77
09:10:06.274,-1.499,5.539,0.000,0.000,0.588,Frame_354,,27.77
09:10:06.774,-1.499,5.539,0.000,0.000,0.591,Frame_354,,27.77
09:10:07.274,-1.499,5.539,0.000,0.000,0.587,Frame_354,,27.77
09:10:07.774,-1.499,5.539,0.000,0.000,0.592,Frame_354,,27.77
09:10:08.275,-1.499,5.539,0.000,0.000,0.596,Frame_354,,27.77
09:10:08.778,-1.499,5.539,0.000,0.000,0.596,Frame_355,,27.77
09:10:09.274,-1.499,5.539,0.000,0.000,0.588,Frame_355,,27.77
09:10:09.774,-1.499,5.539,0.000,0.000,0.577,Frame_355,,27.77
09:10:10.274,-1.499,5.539,0.000,0.000,0.592,Frame_355,,27.77
09:10:10.774,-1.499,5.539,0.000,0.000,0.595,Frame_355,,27.77
09:10:11.274,-1.499,5.539,0.000,0.000,0.597,Frame_355,,27.77
09:10:11.774,-1.499,5.539,0.000,0.000,0.589,Frame_356,,27.77
09:10:12.274,-1.499,5.539,0.000,0.000,0.593,Frame_356,,27.77
09:10:12.774,-1.496,5.536,-0.150,0.000,0.590,Frame_356,,27.77
09:10:13.274,-1.480,5.518,-0.150,0.000,0.586,Frame_356,,27.77
09:10:13.774,-1.467,5.502,-0.150,0.000,0.571,Frame_356,,27.77
09:10:14.281,-1.455,5.488,-0.150,0.000,0.551,Frame_356,,27.77
09:10:14.774,-1.441,5.472,-0.150,0.000,0.549,Frame_356,,27.77
09:10:15.278,-1.426,5.454,-0.150,0.000,0.534,Frame_357,,27.77
09:10:15.774,-1.412,5.438,-0.150,0.000,0.512,Frame_357,,27.77
09:10:16.274,-1.396,5.420,-0.150,0.000,0.504,Frame_357,,27.77
09:10:16.774,-1.381,5.402,-0.150,0.000,0.490,Frame_357,,27.77
09:10:17.274,-1.365,5.384,-0.150,0.000,0.471,Frame_357,,27.77
09:10:17.774,-1.351,5.368,-0.150,0.000,0.446,Frame_357,,27.77
09:10:18.274,-1.336,5.349,-0.150,0.000,0.453,Frame_357,,27.77
09:10:18.774,-1.318,5.329,-0.150,0.000,0.434,Frame_358,,27.77
09:10:19.278,-1.307,5.315,-0.150,0.000,0.411,Frame_358,,27.77
09:10:19.774,-1.291,5.297,0.000,0.000,0.402,Frame_358,,27.77
09:10:20.274,-1.289,5.295,0.000,0.000,0.396,Frame_358,,27.77
09:10:20.774,-1.289,5.295,0.000,0.000,0.395,Frame_358,,27.77
09:10:21.274,-1.289,5.295,0.000,0.000,0.392,Frame_358,,27.77
09:10:21.774,-1.289,5.295,0.000,1.000,0.393,Frame_359,,27.77
09:10:22.275,-1.289,5.295,0.000,1.000,0.397,Frame_359,,27.77
09:10:22.774,-1.289,5.295,0.000,1.000,0.383,Frame_359,,27.77
09:10:23.274,-1.289,5.295,0.000,1.000,0.369,Frame_359,,27.77
09:10:23.774,-1.289,5.295,0.000,1.000,0.374,Frame_359,,27.77
09:10:24.274,-1.289,5.295,0.000,1.000,0.362,Frame_359,,27.77
09:10:24.774,-1.289,5.295,0.000,1.000,0.360,Frame_359,,27.77
09:10:25.277,-1.289,5.295,0.000,1.000,0.359,Frame_360,,27.77
09:10:25.774,-1.289,5.295,0.000,1.000,0.354,Frame_360,,27.77
09:10:26.274,-1.289,5.295,0.000,1.000,0.349,Frame_360,,27.77
09:10:26.774,-1.289,5.295,0.000,0.796,0.354,Frame_360,,27.77
09:10:27.275,-1.289,5.295,0.000,0.000,0.363,Frame_360,,27.77
09:10:27.778,-1.289,5.295,0.000,0.000,0.361,Frame_360,,27.77
09:10:28.274,-1.289,5.295,0.000,0.000,0.375,Frame_361,,27.77
09:10:28.774,-1.289,5.295,0.000,0.000,0.363,Frame_361,,27.77
09:10:29.274,-1.289,5.295,0.000,0.000,0.372,Frame_361,,27.77
09:10:29.774,-1.289,5.295,0.000,0.000,0.371,Frame_361,,27.77
09:10:30.279,-1.289,5.295,0.000,0.000,0.356,Frame_361,,27.77
09:10:30.774,-1.289,5.295,0.000,0.000,0.369,Frame_361,,27.77
09:10:31.276,-1.289,5.295,0.000,0.000,0.378,Frame_361,,27.77
09:10:31.778,-1.289,5.295,0.000,0.000,0.374,Frame_362,,27.77
09:10:32.274,-1.289,5.295,0.000,0.000,0.369,Frame_362,,27.77
09:10:32.774,-1.289,5.295,0.000,0.000,0.364,Frame_362,,27.77
09:10:33.274,-1.289,5.295,0.000,0.000,0.369,Frame_362,,27.77
09:10:33.774,-1.289,5.295,0.000,0.000,0.365,Frame_362,,27.77
09:10:34.274,-1.289,5.295,0.000,0.000,0.376,Frame_362,,27.77
09:10:34.774,-1.289,5.295,0.000,0.000,0.374,Frame_363,,27.77
09:10:35.274,-1.289,5.295,0.000,0.000,0.365,Frame_363,,27.77
09:10:35.774,-1.289,5.295,0.000,0.000,0.370,Frame_363,,27.77
09:10:36.277,-1.289,5.295,0.000,0.000,0.375,Frame_363,,27.77
09:10:36.774,-1.289,5.295,0.000,0.000,0.372,Frame_363,,27.77
09:10:37.274,-1.289,5.295,0.000,0.000,0.370,Frame_363,,27.77
09:10:37.774,-1.289,5.295,0.000,0.000,0.374,Frame_364,,27.77
09:10:38.274,-1.289,5.295,0.000,0.000,0.376,Frame_364,,27.77
09:10:38.774,-1.289,5.295,0.000,0.000,0.376,Frame_364,,27.77
09:10:39.274,-1.289,5.295,0.000,0.000,0.373,Frame_364,,27.77
09:10:39.774,-1.289,5.295,0.000,1.000,0.379,Frame_364,,27.77
09:10:40.274,-1.289,5.295,0.000,1.000,0.365,Frame_364,,27.77
09:10:40.774,-1.289,5.295,0.000,1.000,0.372,Frame_365,,27.77
09:10:41.274,-1.289,5.295,0.000,1.000,0.369,Frame_365,,27.77
09:10:41.774,-1.289,5.295,0.000,1.000,0.365,Frame_365,,27.77
09:10:42.274,-1.289,5.295,0.000,1.000,0.389,Frame_365,,27.77
09:10:42.774,-1.289,5.295,0.000,1.000,0.396,Frame_365,,27.77
09:10:43.276,-1.289,5.295,0.000,1.000,0.403,Frame_365,,27.77
09:10:43.774,-1.289,5.295,0.000,1.000,0.417,Frame_366,,27.77
09:10:44.274,-1.289,5.295,0.000,0.702,0.433,Frame_366,,27.77
09:10:44.774,-1.289,5.295,0.000,0.000,0.431,Frame_366,,27.77
09:10:45.274,-1.289,5.295,0.000,0.000,0.430,Frame_366,,27.77
09:10:45.774,-1.289,5.295,0.000,0.000,0.442,Frame_366,,27.77
09:10:46.274,-1.289,5.295,0.000,0.000,0.437,Frame_366,,27.77
09:10:46.774,-1.289,5.295,0.000,0.000,0.446,Frame_366,,27.77
09:10:47.274,-1.289,5.295,0.000,0.000,0.441,Frame_367,,27.77
09:10:47.774,-1.289,5.295,0.000,0.000,0.441,Frame_367,,27.77
09:10:48.274,-1.289,5.295,0.000,0.000,0.438,Frame_367,,27.77
09:10:48.774,-1.289,5.295,0.000,0.000,0.439,Frame_367,,27.77
09:10:49.274,-1.289,5.295,0.000,0.000,0.437,Frame_367,,27.77
09:10:49.774,-1.289,5.295,0.000,0.000,0.439,Frame_367,,27.77
09:10:50.274,-1.289,5.295,0.000,0.000,0.434,Frame_368,,27.77
09:10:50.774,-1.289,5.295,0.000,0.000,0.443,Frame_368,,27.77
09:10:51.274,-1.289,5.295,0.000,0.000,0.430,Frame_368,,27.77
09:10:51.780,-1.289,5.295,0.000,0.000,0.436,Frame_368,,27.77
09:10:52.274,-1.289,5.295,0.000,0.000,0.432,Frame_368,,27.77
09:10:52.774,-1.289,5.295,0.000,0.000,0.438,Frame_368,,27.77
09:10:53.274,-1.289,5.295,0.000,0.000,0.432,Frame_368,,27.77
09:10:53.774,-1.289,5.295,0.000,0.000,0.433,Frame_369,,27.77
09:10:54.274,-1.289,5.295,0.000,0.000,0.434,Frame_369,,27.77
09:10:54.774,-1.289,5.295,0.000,0.000,0.436,Frame_369,,27.77
09:10:55.274,-1.289,5.295,0.000,0.000,0.424,Frame_369,,27.77
09:10:55.774,-1.289,5.295,0.000,0.000,0.436,Frame_369,,27.77
09:10:56.287,-1.289,5.295,0.000,0.000,0.435,Frame_369,,27.77
09:10:56.774,-1.289,5.295,0.000,0.000,0.439,Frame_370,,27.77
09:10:57.274,-1.289,5.295,0.000,0.000,0.433,Frame_370,,27.77
09:10:57.774,-1.289,5.295,0.000,0.000,0.432,Frame_370,,27.77
09:10:58.274,-1.289,5.295,0.000,0.000,0.436,Frame_370,,27.77
09:10:58.774,-1.289,5.295,0.000,0.000,0.428,Frame_370,,27.77
09:10:59.274,-1.289,5.295,0.000,0.000,0.441,Frame_370,,27.77
09:10:59.774,-1.289,5.295,0.000,0.000,0.438,Frame_371,,27.77
09:11:00.274,-1.289,5.295,0.000,0.000,0.434,Frame_371,,27.77
09:11:00.774,-1.289,5.295,0.000,0.000,0.437,Frame_371,,27.77
09:11:01.278,-1.289,5.295,0.000,0.000,0.445,Frame_371,,27.77
09:11:01.774,-1.289,5.295,0.000,0.000,0.434,Frame_371,,27.77
09:11:02.277,-1.289,5.295,0.000,0.000,0.438,Frame_371,,27.77
09:11:02.774,-1.293,5.300,-0.150,0.000,0.440,Frame_371,,27.77
09:11:03.274,-1.309,5.317,-0.150,0.000,0.441,Frame_372,,27.77
09:11:03.774,-1.325,5.335,-0.150,0.000,0.463,Frame_372,,27.77
09:11:04.274,-1.341,5.353,-0.150,0.000,0.464,Frame_372,,27.77
09:11:04.774,-1.358,5.371,-0.150,0.000,0.488,Frame_372,,27.77
09:11:05.274,-1.372,5.386,-0.150,0.000,0.498,Frame_372,,27.77
09:11:05.774,-1.390,5.407,-0.150,0.000,0.511,Frame_372,,27.77
09:11:06.274,-1.406,5.424,-0.150,0.000,0.529,Frame_373,,27.77
09:11:06.780,-1.422,5.442,-0.150,0.000,0.530,Frame_373,,27.77
09:11:07.274,-1.438,5.460,-0.150,0.000,0.548,Frame_373,,27.77
09:11:07.774,-1.456,5.480,-0.150,0.000,0.565,Frame_373,,27.77
09:11:08.274,-1.470,5.496,-0.150,0.000,0.574,Frame_373,,27.77
09:11:08.774,-1.488,5.516,-0.150,0.000,0.574,Frame_373,,27.77
09:11:09.274,-1.502,5.531,0.000,0.000,0.601,Frame_374,,27.77
09:11:09.775,-1.505,5.535,0.000,0.000,0.604,Frame_374,,27.77
09:11:10.275,-1.505,5.535,0.000,0.000,0.612,Frame_374,,27.77
09:11:10.774,-1.505,5.535,0.000,0.000,0.603,Frame_374,,27.77
09:11:11.274,-1.505,5.535,0.000,0.000,0.612,Frame_374,,27.77
09:11:11.777,-1.505,5.535,0.000,1.000,0.609,Frame_374,,27.77
09:11:12.274,-1.505,5.535,0.000,1.000,0.614,Frame_375,,27.77
09:11:12.774,-1.505,5.535,0.000,1.000,0.625,Frame_375,,27.77
09:11:13.275,-1.505,5.535,0.000,1.000,0.633,Frame_375,,27.77
09:11:13.774,-1.505,5.535,0.000,1.000,0.640,Frame_375,,27.77
09:11:14.275,-1.505,5.535,0.000,1.000,0.643,Frame_375,,27.77
09:11:14.774,-1.505,5.535,0.000,1.000,0.641,Frame_375,,27.77
09:11:15.274,-1.505,5.535,0.000,1.000,0.658,Frame_375,,27.77
09:11:15.774,-1.505,5.535,0.000,1.000,0.660,Frame_376,,27.77
09:11:16.274,-1.505,5.535,0.000,1.000,0.650,Frame_376,,27.77
09:11:16.775,-1.505,5.535,0.000,0.449,0.654,Frame_376,,27.77
09:11:17.274,-1.505,5.535,0.000,0.000,0.654,Frame_376,,27.77
09:11:17.774,-1.505,5.535,0.000,0.000,0.643,Frame_376,,27.77
09:11:18.274,-1.505,5.535,0.000,0.000,0.638,Frame_376,,27.77
09:11:18.774,-1.505,5.535,0.000,0.000,0.636,Frame_377,,27.77
09:11:19.274,-1.505,5.535,0.000,0.000,0.636,Frame_377,,27.77
09:11:19.783,-1.505,5.535,0.000,0.000,0.638,Frame_377,,27.77
09:11:20.274,-1.505,5.535,0.000,0.000,0.646,Frame_377,,27.77
09:11:20.774,-1.505,5.535,0.000,0.000,0.628,Frame_377,,27.77
09:11:21.274,-1.505,5.535,0.000,0.000,0.643,Frame_377,,27.77
09:11:21.774,-1.505,5.535,0.000,0.000,0.631,Frame_377,,27.77
09:11:22.274,-1.505,5.535,0.000,0.000,0.633,Frame_378,,27.77
09:11:22.778,-1.505,5.535,0.000,0.000,0.645,Frame_378,,27.77
09:11:23.274,-1.505,5.535,0.000,0.000,0.634,Frame_378,,27.77
09:11:23.774,-1.505,5.535,0.000,0.000,0.635,Frame_378,,27.77
09:11:24.274,-1.505,5.535,0.000,0.000,0.633,Frame_378,,27.77
09:11:24.780,-1.505,5.535,0.000,0.000,0.629,Frame_378,,27.77
09:11:25.274,-1.505,5.535,0.000,0.000,0.638,Frame_378,,27.77
09:11:25.774,-1.505,5.535,0.000,0.000,0.645,Frame_379,,27.77
09:11:26.274,-1.505,5.535,0.000,0.000,0.639,Frame_379,,27.77
09:11:26.774,-1.505,5.535,0.000,0.000,0.646,Frame_379,,27.77
09:11:27.274,-1.505,5.535,0.000,0.000,0.636,Frame_379,,27.77
09:11:27.774,-1.505,5.535,0.000,0.000,0.639,Frame_379,,27.77
09:11:28.274,-1.505,5.535,0.000,0.000,0.637,Frame_379,,27.77
09:11:28.774,-1.505,5.535,0.000,0.000,0.634,Frame_379,,27.77
09:11:29.279,-1.505,5.535,0.000,0.000,0.631,Frame_380,,27.77
09:11:29.774,-1.505,5.535,0.000,0.750,0.634,Frame_380,,27.77
09:11:30.275,-1.505,5.535,0.000,1.000,0.648,Frame_380,,27.77
09:11:30.774,-1.505,5.535,0.000,1.000,0.634,Frame_380,,27.77
09:11:31.276,-1.505,5.535,0.000,1.000,0.643,Frame_380,,27.77
09:11:31.774,-1.505,5.535,0.000,1.000,0.631,Frame_380,,27.77
09:11:32.274,-1.505,5.535,0.000,1.000,0.632,Frame_381,,27.77
09:11:32.774,-1.505,5.535,0.000,1.000,0.621,Frame_381,,27.77
09:11:33.274,-1.505,5.535,0.000,1.000,0.615,Frame_381,,27.77
09:11:33.774,-1.505,5.535,0.000,1.000,0.601,Frame_381,,27.77
09:11:34.274,-1.505,5.535,0.000,1.000,0.588,Frame_381,,27.77
09:11:34.774,-1.505,5.535,0.000,0.487,0.577,Frame_381,,27.77
09:11:35.274,-1.505,5.535,0.000,0.000,0.572,Frame_381,,27.77
09:11:35.774,-1.505,5.535,0.000,0.000,0.572,Frame_382,,27.77
09:11:36.274,-1.505,5.535,0.000,0.000,0.566,Frame_382,,27.77
09:11:36.774,-1.505,5.535,0.000,0.000,0.579,Frame_382,,27.77
09:11:37.274,-1.505,5.535,0.000,0.000,0.575,Frame_382,,27.77
09:11:37.774,-1.505,5.535,0.000,0.000,0.569,Frame_382,,27.77
09:11:38.274,-1.505,5.535,0.000,0.000,0.575,Frame_382,,27.77
09:11:38.779,-1.505,5.535,0.000,0.000,0.577,Frame_383,,27.77
09:11:39.274,-1.505,5.535,0.000,0.000,0.566,Frame_383,,27.77
09:11:39.774,-1.505,5.535,0.000,0.000,0.573,Frame_383,,27.77
09:11:40.274,-1.505,5.535,0.000,0.000,0.571,Frame_383,,27.77
09:11:40.774,-1.505,5.535,0.000,0.000,0.577,Frame_383,,27.77
09:11:41.274,-1.505,5.535,0.000,0.000,0.572,Frame_383,,27.77
09:11:41.774,-1.505,5.535,0.000,0.000,0.567,Frame_383,,27.77
09:11:42.274,-1.505,5.535,0.000,0.000,0.577,Frame_383,,27.77
09:11:42.774,-1.505,5.535,0.000,0.000,0.567,Frame_384,,27.77
09:11:43.274,-1.505,5.535,0.000,0.000,0.570,Frame_384,,27.77
09:11:43.774,-1.505,5.535,0.000,0.000,0.573,Frame_384,,27.77
09:11:44.274,-1.505,5.535,0.000,0.000,0.569,Frame_384,,27.77
09:11:44.774,-1.505,5.535,0.000,0.000,0.572,Frame_384,,27.77
09:11:45.274,-1.505,5.535,0.000,0.000,0.568,Frame_384,,27.77
09:11:45.778,-1.505,5.535,0.000,0.000,0.576,Frame_384,,27.77
09:11:46.274,-1.505,5.535,0.000,0.000,0.579,Frame_385,,27.77
09:11:46.774,-1.505,5.535,0.000,0.000,0.572,Frame_385,,27.77
09:11:47.274,-1.505,5.535,0.000,0.000,0.581,Frame_385,,27.77
09:11:47.774,-1.505,5.535,0.000,0.000,0.566,Frame_385,,27.77
09:11:48.274,-1.505,5.535,0.000,0.000,0.570,Frame_385,,27.77
09:11:48.775,-1.505,5.535,0.000,0.000,0.570,Frame_385,,27.77
09:11:49.274,-1.505,5.535,0.000,0.000,0.575,Frame_386,,27.77
09:11:49.774,-1.505,5.535,0.000,0.000,0.576,Frame_386,,27.77
09:11:50.274,-1.505,5.535,0.000,0.000,0.567,Frame_386,,27.77
09:11:50.781,-1.505,5.535,0.000,0.000,0.574,Frame_386,,27.77
09:11:51.274,-1.505,5.535,0.000,0.000,0.571,Frame_386,,27.77
09:11:51.774,-1.505,5.535,0.000,0.000,0.580,Frame_386,,27.77
09:11:52.274,-1.505,5.535,0.000,0.000,0.577,Frame_386,,27.77
09:11:52.777,-1.505,5.535,0.000,0.000,0.571,Frame_386,,27.77
09:11:53.274,-1.505,5.535,0.000,0.000,0.569,Frame_387,,27.77
09:11:53.774,-1.501,5.531,-0.150,0.000,0.576,Frame_387,,27.77
09:11:54.274,-1.485,5.513,-0.150,0.000,0.568,Frame_387,,27.77
09:11:54.774,-1.474,5.503,-0.150,0.000,0.550,Frame_387,,27.77
09:11:55.274,-1.455,5.483,-0.150,0.000,0.544,Frame_387,,27.77
09:11:55.774,-1.443,5.470,-0.150,0.000,0.541,Frame_387,,27.77
09:11:56.274,-1.428,5.455,-0.150,0.000,0.536,Frame_387,,27.77
09:11:56.774,-1.412,5.438,-0.150,0.000,0.520,Frame_388,,27.77
09:11:57.274,-1.395,5.421,-0.150,0.000,0.507,Frame_388,,27.77
09:11:57.774,-1.380,5.406,-0.150,0.000,0.500,Frame_388,,27.77
09:11:58.274,-1.366,5.390,-0.150,0.000,0.485,Frame_388,,27.77
09:11:58.774,-1.349,5.373,-0.150,0.000,0.480,Frame_388,,27.77
09:11:59.274,-1.337,5.360,-0.150,0.000,0.472,Frame_388,,27.77
09:11:59.776,-1.322,5.345,-0.150,0.000,0.464,Frame_388,,27.77
09:12:00.274,-1.314,5.336,-0.150,0.000,0.450,Frame_389,,27.77
09:12:00.774,-1.291,5.313,-0.150,0.000,0.444,Frame_389,,27.77
09:12:01.274,-1.280,5.302,0.000,0.000,0.439,Frame_389,,27.77
09:12:01.774,-1.280,5.302,0.000,0.000,0.436,Frame_389,,27.77
09:12:02.274,-1.280,5.302,0.000,0.000,0.426,Frame_389,,27.77
09:12:02.774,-1.280,5.302,0.000,0.000,0.436,Frame_389,,27.77
09:12:03.274,-1.280,5.302,0.000,0.000,0.432,Frame_389,,27.77
09:12:03.774,-1.280,5.302,0.000,1.000,0.438,Frame_390,,27.77
09:12:04.274,-1.280,5.302,0.000,1.000,0.427,Frame_390,,27.77
09:12:04.774,-1.280,5.302,0.000,1.000,0.416,Frame_390,,27.77
09:12:05.274,-1.280,5.302,0.000,1.000,0.405,Frame_390,,27.77
09:12:05.774,-1.280,5.302,0.000,1.000,0.406,Frame_390,,27.77
09:12:06.274,-1.280,5.302,0.000,1.000,0.402,Frame_390,,27.77
09:12:06.774,-1.280,5.302,0.000,1.000,0.390,Frame_390,,27.77
09:12:07.274,-1.280,5.302,0.000,1.000,0.376,Frame_391,,27.77
09:12:07.774,-1.280,5.302,0.000,1.000,0.377,Frame_391,,27.77
09:12:08.274,-1.280,5.302,0.000,1.000,0.380,Frame_391,,27.77
09:12:08.774,-1.280,5.302,0.000,0.578,0.370,Frame_391,,27.77
09:12:09.274,-1.280,5.302,0.000,0.000,0.379,Frame_391,,27.77
09:12:09.777,-1.280,5.302,0.000,0.000,0.391,Frame_391,,27.77
09:12:10.274,-1.280,5.302,0.000,0.000,0.406,Frame_392,,27.77
09:12:10.775,-1.280,5.302,0.000,0.000,0.398,Frame_392,,27.77
09:12:11.274,-1.280,5.302,0.000,0.000,0.389,Frame_392,,27.77
09:12:11.774,-1.280,5.302,0.000,0.000,0.388,Frame_392,,27.77
09:12:12.274,-1.280,5.302,0.000,0.000,0.400,Frame_392,,27.77
09:12:12.774,-1.280,5.302,0.000,0.000,0.380,Frame_392,,27.77
09:12:13.274,-1.280,5.302,0.000,0.000,0.401,Frame_393,,27.77
09:12:13.774,-1.280,5.302,0.000,0.000,0.401,Frame_393,,27.77
09:12:14.277,-1.280,5.302,0.000,0.000,0.397,Frame_393,,27.77
09:12:14.774,-1.280,5.302,0.000,0.000,0.393,Frame_393,,27.77
09:12:15.274,-1.280,5.302,0.000,0.000,0.396,Frame_393,,27.77
09:12:15.774,-1.280,5.302,0.000,0.000,0.392,Frame_393,,27.77
09:12:16.276,-1.280,5.302,0.000,0.000,0.390,Frame_394,,27.77
09:12:16.776,-1.280,5.302,0.000,0.000,0.382,Frame_394,,27.77
09:12:17.283,-1.280,5.302,0.000,0.000,0.396,Frame_394,,27.77
09:12:17.774,-1.280,5.302,0.000,0.000,0.402,Frame_394,,27.77
09:12:18.274,-1.280,5.302,0.000,0.000,0.396,Frame_394,,27.77
09:12:18.774,-1.280,5.302,0.000,0.000,0.389,Frame_394,,27.77
09:12:19.274,-1.280,5.302,0.000,0.000,0.390,Frame_395,,27.77
09:12:19.774,-1.280,5.302,0.000,1.000,0.392,Frame_395,,27.77
09:12:20.274,-1.280,5.302,0.000,1.000,0.396,Frame_395,,27.77
09:12:20.780,-1.280,5.302,0.000,1.000,0.373,Frame_395,,27.77
09:12:21.274,-1.280,5.302,0.000,1.000,0.390,Frame_395,,27.77
09:12:21.776,-1.280,5.302,0.000,1.000,0.393,Frame_395,,27.77
09:12:22.274,-1.280,5.302,0.000,1.000,0.399,Frame_396,,27.77
09:12:22.777,-1.280,5.302,0.000,1.000,0.405,Frame_396,,27.77
09:12:23.274,-1.280,5.302,0.000,1.000,0.429,Frame_396,,27.77
09:12:23.774,-1.280,5.302,0.000,1.000,0.432,Frame_396,,27.77
09:12:24.282,-1.280,5.302,0.000,0.410,0.450,Frame_396,,27.77
09:12:24.779,-1.280,5.302,0.000,0.000,0.448,Frame_396,,27.77
09:12:25.281,-1.280,5.302,0.000,0.000,0.457,Frame_397,,27.77
