Timestamp_Sistema,Posizione_X,Posizione_Y,Velocita_Lineare,Velocita_Angolare,Ostacolo_Piu_Vicino_Lidar(m),Stato_Telecamera,Eventi_Chiavi
15:05:59.190,0.000,0.000,0.000,0.000,0.000,N/A,
15:05:59.690,0.000,0.000,0.000,0.000,0.000,N/A,
15:06:00.190,0.000,0.000,0.000,0.000,0.000,N/A,
15:06:00.690,0.000,0.000,0.000,0.000,0.000,N/A,
15:06:01.190,0.000,0.000,0.000,0.000,0.000,N/A,
15:06:01.690,0.000,0.000,0.000,0.000,0.000,Frame_0,
15:06:02.190,0.000,-0.000,0.000,0.000,1.193,Frame_0,
15:06:02.690,0.000,-0.000,0.000,0.000,1.185,Frame_0,
15:06:03.190,0.000,-0.000,0.000,0.000,1.181,Frame_0,
15:06:03.690,0.000,-0.000,0.000,0.000,1.200,Frame_1,
15:06:04.190,0.000,0.000,0.000,0.000,1.199,Frame_1,
15:06:04.690,0.000,0.000,0.000,0.000,1.206,Frame_1,
15:06:05.190,0.000,0.000,0.000,0.000,1.186,Frame_1,
15:06:05.690,0.000,0.000,0.000,0.000,1.187,Frame_2,
15:06:06.190,0.000,0.000,0.000,0.000,1.199,Frame_2,
15:06:06.690,0.000,0.000,0.000,0.000,1.185,Frame_2,
15:06:07.190,0.000,0.000,0.000,0.000,1.209,Frame_3,
15:06:07.690,0.000,0.000,0.000,0.000,1.195,Frame_3,
15:06:08.191,0.000,0.000,0.000,0.000,1.205,Frame_3,
15:06:08.690,0.000,0.000,0.000,0.000,1.191,Frame_3,
15:06:09.190,0.000,0.000,0.000,0.000,1.183,Frame_4,
15:06:09.690,0.000,0.000,0.000,0.000,1.182,Frame_4,
15:06:10.190,0.000,0.000,0.000,0.000,1.208,Frame_4,
15:06:10.690,0.000,0.000,0.000,0.000,1.208,Frame_5,
15:06:11.190,0.000,0.000,0.000,0.000,1.187,Frame_5,
15:06:11.690,0.000,0.000,0.000,0.000,1.204,Frame_5,
15:06:12.190,0.000,0.000,0.000,0.000,1.201,Frame_5,
15:06:12.690,0.000,0.000,0.000,0.000,1.191,Frame_6,
15:06:13.190,-0.020,-0.000,-0.151,0.198,1.214,Frame_6,
15:06:13.690,-0.055,-0.002,-0.149,0.301,1.231,Frame_6,
15:06:14.190,-0.079,-0.005,-0.130,0.360,1.252,Frame_6,
15:06:14.690,-0.102,-0.009,-0.083,0.410,1.265,Frame_6,
15:06:15.190,-0.117,-0.013,-0.059,0.489,1.296,Frame_7,
15:06:15.690,-0.125,-0.015,-0.002,0.565,1.320,Frame_7,
15:06:16.190,-0.123,-0.014,0.038,0.622,1.325,Frame_7,
15:06:16.690,-0.114,-0.009,0.081,0.674,1.320,Frame_7,
15:06:17.190,-0.102,0.002,0.062,0.727,1.287,Frame_7,
15:06:17.690,-0.094,0.011,0.088,0.826,1.288,Frame_8,
15:06:18.190,-0.081,0.033,0.169,0.802,1.274,Frame_8,
15:06:18.690,-0.066,0.071,0.256,0.742,1.230,Frame_8,
15:06:19.190,-0.052,0.124,0.350,0.640,1.169,Frame_8,
15:06:19.690,-0.043,0.193,0.435,0.529,1.123,Frame_8,
15:06:20.190,-0.040,0.287,0.257,0.800,1.057,Frame_9,
15:06:20.692,-0.046,0.336,0.265,0.814,1.006,Frame_9,
15:06:21.190,-0.063,0.392,0.322,0.741,0.973,Frame_9,
15:06:21.690,-0.092,0.454,0.366,0.615,0.951,Frame_9,
15:06:22.190,-0.128,0.512,0.379,0.336,0.960,Frame_9,
15:06:22.690,-0.163,0.561,0.372,0.204,0.952,Frame_10,
15:06:23.190,-0.207,0.619,0.246,-0.091,0.978,Frame_10,
15:06:23.690,-0.222,0.639,0.016,-0.354,0.981,Frame_10,
15:06:24.190,-0.226,0.645,0.061,-0.454,0.988,Frame_10,
15:06:24.690,-0.232,0.656,0.021,-0.545,1.001,Frame_10,
15:06:25.190,-0.234,0.660,0.026,-0.645,1.008,Frame_11,
15:06:25.690,-0.235,0.666,0.039,-0.765,1.016,Frame_11,
15:06:26.190,-0.236,0.675,0.059,-0.836,1.021,Frame_11,
15:06:26.693,-0.235,0.694,0.139,-0.816,1.034,Frame_11,
15:06:27.190,-0.227,0.730,0.220,-0.777,1.035,Frame_11,
15:06:27.690,-0.211,0.774,0.366,-0.600,1.019,Frame_12,
15:06:28.190,-0.175,0.847,0.462,-0.448,0.973,Frame_12,
15:06:28.690,-0.125,0.928,0.486,-0.282,0.933,Frame_12,
15:06:29.190,-0.075,1.000,0.492,-0.157,0.878,Frame_12,
15:06:29.690,-0.023,1.072,0.502,-0.080,0.817,Frame_12,
15:06:30.190,0.039,1.152,0.495,-0.024,0.761,Frame_12,
15:06:30.690,0.098,1.229,0.456,0.047,0.727,Frame_13,
15:06:31.190,0.141,1.285,0.424,0.073,0.677,Frame_13,
15:06:31.690,0.184,1.344,0.382,0.072,0.648,Frame_13,
15:06:32.190,0.219,1.392,0.350,0.064,0.628,Frame_13,
15:06:32.690,0.256,1.444,0.355,-0.265,0.578,Frame_13,
15:06:33.190,0.295,1.494,0.348,-0.416,0.585,Frame_14,
15:06:33.690,0.306,1.506,-0.125,-0.432,0.580,Frame_14,
15:06:34.190,0.284,1.486,-0.177,-0.526,0.575,Frame_14,
15:06:34.690,0.262,1.468,-0.133,-0.648,0.611,Frame_14,
15:06:35.190,0.250,1.460,-0.041,-0.776,0.617,Frame_14,
15:06:35.690,0.245,1.457,-0.023,-0.894,0.643,Frame_14,
15:06:36.190,0.241,1.456,-0.012,-1.004,0.641,Frame_15,
15:06:36.691,0.239,1.456,0.007,-1.053,0.665,Frame_15,
15:06:37.190,0.241,1.456,0.017,-1.095,0.656,Frame_15,
15:06:37.690,0.247,1.454,0.032,-1.092,0.670,Frame_15,
15:06:38.190,0.256,1.449,0.086,-1.048,0.645,Frame_15,
15:06:38.690,0.270,1.438,0.157,-0.992,0.633,Frame_15,
15:06:39.190,0.296,1.408,0.301,-0.940,0.605,Frame_16,
15:06:39.690,0.328,1.355,0.390,-0.822,0.548,Frame_16,
15:06:40.190,0.360,1.281,0.492,-0.631,0.458,Frame_16,
15:06:40.690,0.383,1.205,0.512,-0.489,0.427,Frame_16,
15:06:41.190,0.403,1.113,0.544,-0.343,0.366,Frame_16,
15:06:41.690,0.418,1.004,0.555,-0.209,0.329,Frame_17,
15:06:42.190,0.428,0.895,0.547,-0.128,0.297,Frame_17,
15:06:42.690,0.435,0.796,0.552,-0.112,0.298,Frame_17,
15:06:43.190,0.440,0.675,0.560,-0.044,0.304,Frame_17,
15:06:43.690,0.444,0.541,0.553,0.081,0.378,Frame_17,
15:06:44.190,0.451,0.411,0.537,0.122,0.458,Frame_18,
15:06:44.690,0.458,0.314,0.539,0.076,0.529,Frame_18,
15:06:45.190,0.467,0.217,0.554,0.060,0.619,Frame_18,
15:06:45.690,0.478,0.106,0.556,0.025,0.715,Frame_18,
15:06:46.190,0.487,0.017,0.550,0.033,0.770,Frame_18,
15:06:46.690,0.500,-0.092,0.539,0.064,0.857,Frame_19,
15:06:47.190,0.512,-0.196,0.521,0.046,0.957,Frame_19,
15:06:47.690,0.523,-0.278,0.477,0.136,0.993,Frame_19,
15:06:48.190,0.535,-0.354,0.384,0.240,0.983,Frame_19,
15:06:48.690,0.547,-0.419,0.353,0.221,0.974,Frame_19,
15:06:49.190,0.563,-0.486,0.328,0.151,0.966,Frame_19,
15:06:49.690,0.578,-0.541,0.293,0.004,0.958,Frame_20,
15:06:50.190,0.594,-0.599,0.301,-0.144,0.948,Frame_20,
15:06:50.690,0.610,-0.658,0.315,0.197,0.930,Frame_20,
15:06:51.190,0.628,-0.718,0.311,0.470,0.910,Frame_20,
15:06:51.690,0.645,-0.763,0.289,0.583,0.893,Frame_20,
15:06:52.190,0.664,-0.803,0.247,0.641,0.869,Frame_21,
15:06:52.690,0.686,-0.838,0.202,0.657,0.874,Frame_21,
15:06:53.190,0.706,-0.863,0.148,0.669,0.857,Frame_21,
15:06:53.690,0.721,-0.877,0.097,0.646,0.843,Frame_21,
15:06:54.190,0.725,-0.881,0.000,0.000,0.835,Frame_21,
15:06:54.690,0.725,-0.881,0.000,0.000,0.837,Frame_21,
15:06:55.190,0.725,-0.881,0.000,0.000,0.824,Frame_22,
15:06:55.692,0.725,-0.881,0.000,0.000,0.830,Frame_22,
15:06:56.190,0.725,-0.881,0.000,1.000,0.821,Frame_22,
15:06:56.691,0.725,-0.881,0.000,1.000,0.843,Frame_22,
15:06:57.190,0.725,-0.881,0.000,1.000,0.859,Frame_22,
15:06:57.692,0.725,-0.881,0.000,1.000,0.867,Frame_23,
15:06:58.190,0.725,-0.881,0.000,1.000,0.862,Frame_23,
15:06:58.691,0.725,-0.881,0.000,1.000,0.858,Frame_23,
15:06:59.191,0.725,-0.881,0.000,1.000,0.858,Frame_23,
15:06:59.690,0.725,-0.881,0.000,1.000,0.856,Frame_23,
15:07:00.190,0.725,-0.881,0.000,0.740,0.853,Frame_23,
15:07:00.690,0.725,-0.881,0.000,0.150,0.854,Frame_24,
15:07:01.190,0.725,-0.881,0.000,0.000,0.836,Frame_24,
15:07:01.690,0.725,-0.881,0.000,0.000,0.842,Frame_24,
15:07:02.190,0.725,-0.881,0.000,0.000,0.840,Frame_24,
15:07:02.690,0.725,-0.881,0.000,0.000,0.839,Frame_24,
15:07:03.190,0.725,-0.881,0.000,0.000,0.846,Frame_24,
15:07:03.690,0.725,-0.881,0.000,0.000,0.838,Frame_25,
15:07:04.190,0.725,-0.881,0.000,0.000,0.849,Frame_25,
15:07:04.690,0.725,-0.881,0.000,0.000,0.843,Frame_25,
15:07:05.190,0.725,-0.881,0.000,0.000,0.841,Frame_25,
15:07:05.690,0.725,-0.881,0.000,0.000,0.836,Frame_25,
15:07:06.192,0.725,-0.881,0.000,0.000,0.841,Frame_26,
15:07:06.690,0.725,-0.881,0.000,0.000,0.850,Frame_26,
15:07:07.193,0.725,-0.881,0.000,0.000,0.840,Frame_26,
15:07:07.690,0.725,-0.881,0.000,0.000,0.845,Frame_26,
15:07:08.190,0.725,-0.881,0.000,0.000,0.844,Frame_26,
15:07:08.690,0.725,-0.881,0.000,0.000,0.837,Frame_26,
15:07:09.190,0.725,-0.881,0.000,0.000,0.843,Frame_27,
15:07:09.690,0.725,-0.881,0.000,0.000,0.855,Frame_27,
15:07:10.190,0.725,-0.881,0.000,0.000,0.845,Frame_27,
15:07:10.690,0.725,-0.881,0.000,0.000,0.845,Frame_27,
15:07:11.190,0.725,-0.881,0.000,0.000,0.835,Frame_27,
15:07:11.690,0.725,-0.881,0.000,0.000,0.844,Frame_28,
15:07:12.190,0.725,-0.881,0.000,0.000,0.843,Frame_28,
15:07:12.690,0.725,-0.881,0.000,0.000,0.836,Frame_28,
15:07:13.190,0.725,-0.881,0.000,0.000,0.849,Frame_28,
15:07:13.690,0.725,-0.881,0.000,0.000,0.837,Frame_28,
15:07:14.190,0.725,-0.881,0.000,0.000,0.841,Frame_28,
15:07:14.690,0.725,-0.881,0.000,0.000,0.846,Frame_29,
15:07:15.190,0.725,-0.881,0.000,0.000,0.844,Frame_29,
15:07:15.690,0.725,-0.881,0.000,0.000,0.833,Frame_29,
15:07:16.190,0.717,-0.891,-0.150,0.000,0.841,Frame_29,
15:07:16.690,0.701,-0.913,-0.150,0.000,0.852,Frame_29,
15:07:17.190,0.685,-0.935,-0.150,0.000,0.870,Frame_29,
15:07:17.690,0.668,-0.956,-0.150,0.000,0.887,Frame_30,
15:07:18.190,0.652,-0.978,-0.150,0.000,0.876,Frame_30,
15:07:18.690,0.636,-0.999,-0.150,0.000,0.827,Frame_30,
15:07:19.190,0.620,-1.021,-0.150,0.000,0.837,Frame_30,
15:07:19.690,0.603,-1.042,-0.150,0.000,0.789,Frame_30,
15:07:20.190,0.587,-1.064,-0.150,0.000,0.760,Frame_31,
15:07:20.691,0.573,-1.083,-0.150,0.000,0.731,Frame_31,
15:07:21.190,0.558,-1.102,-0.150,0.000,0.718,Frame_31,
15:07:21.691,0.540,-1.126,-0.150,0.000,0.691,Frame_31,
15:07:22.190,0.533,-1.135,-0.004,0.203,0.661,Frame_31,
15:07:22.690,0.535,-1.132,0.068,0.564,0.670,Frame_31,
15:07:23.190,0.541,-1.122,0.061,0.745,0.679,Frame_32,
15:07:23.690,0.546,-1.109,0.101,0.847,0.690,Frame_32,
15:07:24.190,0.551,-1.088,0.222,0.836,0.705,Frame_32,
15:07:24.690,0.556,-1.040,0.371,0.774,0.721,Frame_32,
15:07:25.190,0.553,-0.957,0.487,0.592,0.786,Frame_32,
15:07:25.690,0.538,-0.859,0.491,0.446,0.839,Frame_32,
15:07:26.190,0.522,-0.790,0.551,0.203,0.906,Frame_33,
15:07:26.690,0.495,-0.691,0.581,0.123,0.953,Frame_33,
15:07:27.190,0.465,-0.589,0.600,0.091,1.019,Frame_33,
15:07:27.690,0.432,-0.487,0.606,0.102,1.044,Frame_33,
15:07:28.190,0.393,-0.372,0.604,0.054,1.076,Frame_33,
15:07:28.690,0.361,-0.280,0.611,0.064,1.120,Frame_33,
15:07:29.190,0.323,-0.176,0.607,0.091,1.126,Frame_34,
15:07:29.690,0.284,-0.075,0.602,0.131,1.099,Frame_34,
15:07:30.190,0.243,0.026,0.599,0.105,1.004,Frame_34,
15:07:30.690,0.205,0.115,0.618,0.099,0.928,Frame_34,
15:07:31.190,0.165,0.204,0.614,0.106,0.907,Frame_34,
15:07:31.690,0.113,0.314,0.597,0.080,0.833,Frame_35,
15:07:32.190,0.071,0.400,0.598,0.096,0.791,Frame_35,
15:07:32.690,0.028,0.485,0.605,0.090,0.765,Frame_35,
15:07:33.190,-0.023,0.581,0.440,0.107,0.757,Frame_35,
15:07:33.690,-0.045,0.621,-0.063,0.296,0.744,Frame_35,
15:07:34.190,-0.035,0.605,-0.192,0.360,0.731,Frame_35,
15:07:34.690,-0.012,0.573,-0.229,0.407,0.722,Frame_36,
15:07:35.190,0.019,0.535,-0.216,0.525,0.734,Frame_36,
15:07:35.690,0.046,0.508,-0.191,0.645,0.718,Frame_36,
15:07:36.190,0.068,0.491,-0.140,0.737,0.697,Frame_36,
15:07:36.690,0.083,0.481,-0.066,0.849,0.696,Frame_36,
15:07:37.190,0.091,0.477,-0.032,0.963,0.671,Frame_36,
15:07:37.690,0.099,0.475,-0.030,1.019,0.646,Frame_37,
15:07:38.190,0.103,0.475,-0.019,1.081,0.642,Frame_37,
15:07:38.690,0.105,0.475,-0.000,1.129,0.623,Frame_37,
15:07:39.190,0.105,0.475,0.017,1.142,0.618,Frame_37,
15:07:39.690,0.102,0.473,0.023,1.172,0.631,Frame_37,
15:07:40.190,0.098,0.470,0.052,1.171,0.625,Frame_37,
15:07:40.690,0.091,0.461,0.090,1.150,0.619,Frame_38,
15:07:41.193,0.084,0.448,0.154,1.104,0.657,Frame_38,
15:07:41.690,0.074,0.419,0.272,1.018,0.653,Frame_38,
15:07:42.190,0.066,0.372,0.349,0.928,0.703,Frame_38,
15:07:42.690,0.065,0.309,0.463,0.710,0.761,Frame_38,
15:07:43.190,0.076,0.213,0.508,0.559,0.810,Frame_38,
15:07:43.690,0.097,0.122,0.548,0.341,0.860,Frame_39,
15:07:44.190,0.121,0.039,0.516,0.289,0.913,Frame_39,
15:07:44.690,0.147,-0.038,0.508,0.233,0.989,Frame_39,
15:07:45.190,0.184,-0.131,0.480,0.185,1.016,Frame_39,
15:07:45.691,0.211,-0.193,0.489,0.079,1.073,Frame_39,
15:07:46.190,0.242,-0.264,0.496,-0.002,1.097,Frame_39,
15:07:46.690,0.279,-0.345,0.482,0.013,1.175,Frame_40,
15:07:47.190,0.310,-0.414,0.486,0.017,1.228,Frame_40,
15:07:47.690,0.342,-0.484,0.476,-0.004,1.205,Frame_40,
15:07:48.190,0.373,-0.553,0.472,0.006,1.168,Frame_40,
15:07:48.694,0.403,-0.618,0.430,0.010,1.115,Frame_40,
15:07:49.190,0.435,-0.688,0.413,-0.033,1.065,Frame_40,
15:07:49.693,0.465,-0.755,0.398,-0.108,1.025,Frame_41,
15:07:50.192,0.493,-0.820,0.396,-0.143,0.988,Frame_41,
15:07:50.690,0.516,-0.877,0.368,-0.196,0.940,Frame_41,
15:07:51.190,0.536,-0.933,0.372,-0.273,0.928,Frame_41,
15:07:51.690,0.555,-0.990,0.376,-0.313,0.874,Frame_41,
15:07:52.190,0.570,-1.047,0.379,-0.365,0.847,Frame_41,
15:07:52.696,0.583,-1.113,0.315,-0.536,0.823,Frame_42,
15:07:53.191,0.589,-1.157,0.229,-0.618,0.801,Frame_42,
15:07:53.691,0.589,-1.201,0.121,-0.634,0.776,Frame_42,
15:07:54.190,0.590,-1.196,-0.190,-0.556,0.766,Frame_42,
15:07:54.690,0.599,-1.155,-0.259,-0.555,0.775,Frame_42,
15:07:55.190,0.610,-1.117,-0.217,-0.642,0.827,Frame_43,
15:07:55.690,0.622,-1.087,0.000,-0.193,0.858,Frame_43,Chiave 1 raccolta!
15:07:56.190,0.631,-1.070,-0.149,-0.151,0.860,Frame_43,
15:07:56.693,0.647,-1.040,-0.229,-0.245,0.848,Frame_43,
15:07:57.190,0.666,-1.007,-0.236,-0.403,0.830,Frame_43,
15:07:57.690,0.687,-0.974,-0.194,-0.511,0.804,Frame_43,
15:07:58.190,0.703,-0.955,-0.173,-0.694,0.770,Frame_43,
15:07:58.690,0.722,-0.935,-0.093,-0.800,0.762,Frame_44,
15:07:59.190,0.733,-0.926,-0.057,-0.886,0.735,Frame_44,
15:07:59.691,0.741,-0.922,-0.038,-0.971,0.716,Frame_44,
15:08:00.190,0.746,-0.920,-0.025,-1.036,0.718,Frame_44,
15:08:00.690,0.749,-0.920,-0.008,-1.078,0.696,Frame_44,
15:08:01.190,0.751,-0.920,-0.000,-1.211,0.705,Frame_45,
15:08:01.690,0.751,-0.920,0.011,-1.209,0.701,Frame_45,
15:08:02.190,0.748,-0.918,0.031,-1.173,0.730,Frame_45,
15:08:02.690,0.743,-0.914,0.059,-1.128,0.725,Frame_45,
15:08:03.190,0.735,-0.905,0.091,-1.095,0.760,Frame_45,
15:08:03.690,0.726,-0.891,0.170,-1.036,0.766,Frame_45,
15:08:04.190,0.713,-0.857,0.274,-0.903,0.787,Frame_46,
15:08:04.690,0.702,-0.809,0.378,-0.797,0.803,Frame_46,
15:08:05.190,0.696,-0.729,0.463,-0.630,0.818,Frame_46,
15:08:05.690,0.699,-0.652,0.502,-0.484,0.819,Frame_46,
15:08:06.190,0.708,-0.573,0.490,-0.394,0.812,Frame_46,
15:08:06.690,0.725,-0.484,0.514,-0.293,0.788,Frame_46,
15:08:07.190,0.741,-0.415,0.488,-0.131,0.777,Frame_47,
15:08:07.690,0.763,-0.331,0.482,-0.020,0.735,Frame_47,
15:08:08.195,0.789,-0.236,0.489,0.109,0.716,Frame_47,
15:08:08.690,0.806,-0.173,0.464,0.247,0.677,Frame_47,
15:08:09.190,0.822,-0.099,0.475,0.223,0.663,Frame_47,
15:08:09.690,0.838,-0.007,0.461,0.170,0.636,Frame_47,
15:08:10.190,0.847,0.048,0.390,0.225,0.603,Frame_47,
15:08:10.690,0.851,0.083,0.059,0.553,0.597,Frame_48,
15:08:11.190,0.851,0.092,0.085,0.708,0.589,Frame_48,
15:08:11.690,0.850,0.110,0.129,0.781,0.570,Frame_48,
15:08:12.190,0.842,0.140,0.207,0.757,0.569,Frame_48,
15:08:12.690,0.829,0.174,0.281,0.684,0.566,Frame_48,
15:08:13.190,0.808,0.215,0.310,0.628,0.576,Frame_49,
15:08:13.690,0.777,0.261,0.307,0.621,0.592,Frame_49,
15:08:14.190,0.744,0.301,0.332,0.537,0.614,Frame_49,
15:08:14.690,0.707,0.339,0.335,0.360,0.594,Frame_49,
15:08:15.190,0.668,0.373,0.302,0.284,0.549,Frame_49,
15:08:15.690,0.630,0.405,0.246,0.306,0.492,Frame_49,
15:08:16.190,0.603,0.425,0.225,0.268,0.465,Frame_49,
15:08:16.691,0.573,0.445,0.245,0.181,0.447,Frame_50,
15:08:17.190,0.549,0.461,0.236,0.133,0.417,Frame_50,
15:08:17.690,0.516,0.481,0.231,0.083,0.394,Frame_50,
15:08:18.193,0.484,0.500,0.229,0.008,0.386,Frame_50,
15:08:18.691,0.449,0.521,0.232,-0.249,0.359,Frame_50,
15:08:19.190,0.420,0.539,0.294,-0.694,0.352,Frame_50,
15:08:19.690,0.376,0.574,0.355,-0.921,0.350,Frame_51,
15:08:20.190,0.332,0.623,0.373,-1.039,0.346,Frame_51,
15:08:20.690,0.301,0.673,0.381,-1.082,0.330,Frame_51,
15:08:21.192,0.280,0.724,0.319,-0.865,0.333,Frame_51,
15:08:21.690,0.267,0.771,0.260,-0.740,0.310,Frame_51,
15:08:22.190,0.262,0.819,0.220,-0.626,0.324,Frame_51,
15:08:22.690,0.262,0.861,0.185,-0.567,0.326,Frame_52,
15:08:23.190,0.265,0.887,0.146,-0.516,0.318,Frame_52,
15:08:23.690,0.270,0.911,0.122,-0.467,0.314,Frame_52,
15:08:24.190,0.275,0.929,0.088,-0.417,0.314,Frame_52,
15:08:24.690,0.278,0.938,0.009,-0.595,0.303,Frame_52,
15:08:25.191,0.278,0.937,0.014,-0.672,0.310,Frame_53,
15:08:25.690,0.277,0.937,-0.045,-0.676,0.324,Frame_53,
15:08:26.190,0.273,0.931,-0.034,-0.654,0.331,Frame_53,
15:08:26.690,0.269,0.927,-0.029,-0.600,0.331,Frame_53,
15:08:27.193,0.265,0.924,-0.021,-0.554,0.342,Frame_53,
15:08:27.691,0.261,0.922,-0.024,-0.496,0.344,Frame_53,
15:08:28.190,0.257,0.920,-0.027,-0.425,0.358,Frame_54,
15:08:28.690,0.254,0.918,-0.022,-0.369,0.363,Frame_54,
15:08:29.190,0.252,0.917,0.000,0.000,0.368,Frame_54,Chiave 3 raccolta!
15:08:29.690,0.232,0.910,-0.159,-0.196,0.375,Frame_54,
15:08:30.190,0.209,0.903,-0.108,-0.436,0.399,Frame_54,
15:08:30.690,0.195,0.899,-0.024,-0.663,0.425,Frame_54,
15:08:31.190,0.190,0.898,-0.021,-0.788,0.436,Frame_55,
15:08:31.690,0.189,0.898,-0.002,-0.892,0.437,Frame_55,
15:08:32.190,0.190,0.898,0.029,-0.973,0.423,Frame_55,
15:08:32.692,0.195,0.896,0.053,-0.986,0.417,Frame_55,
15:08:33.190,0.203,0.892,0.083,-1.004,0.412,Frame_55,
15:08:33.690,0.215,0.882,0.166,-0.966,0.376,Frame_55,
15:08:34.190,0.245,0.849,0.346,-0.877,0.361,Frame_56,
15:08:34.690,0.284,0.791,0.485,-0.686,0.326,Frame_56,
15:08:35.190,0.320,0.720,0.535,-0.547,0.293,Frame_56,
15:08:35.690,0.352,0.639,0.565,-0.365,0.270,Frame_56,
15:08:36.190,0.386,0.530,0.562,-0.263,0.287,Frame_56,
15:08:36.690,0.412,0.431,0.569,-0.117,0.336,Frame_57,
15:08:37.190,0.433,0.341,0.563,-0.043,0.439,Frame_57,
15:08:37.690,0.455,0.241,0.582,-0.039,0.537,Frame_57,
15:08:38.190,0.478,0.140,0.571,-0.023,0.578,Frame_57,
15:08:38.696,0.499,0.039,0.572,-0.041,0.693,Frame_57,
15:08:39.190,0.518,-0.050,0.576,-0.021,0.805,Frame_57,
15:08:39.690,0.536,-0.141,0.577,-0.019,0.850,Frame_58,
15:08:40.190,0.559,-0.254,0.576,0.003,0.903,Frame_58,
15:08:40.690,0.580,-0.356,0.582,0.031,0.886,Frame_58,
15:08:41.190,0.599,-0.448,0.587,0.054,0.883,Frame_58,
15:08:41.690,0.621,-0.550,0.579,0.028,0.875,Frame_58,
15:08:42.190,0.623,-0.561,0.542,0.012,0.868,Frame_58,
15:08:42.690,0.666,-0.750,0.481,0.042,0.848,Frame_59,
15:08:43.192,0.679,-0.807,0.490,0.063,0.837,Frame_59,
15:08:43.692,0.702,-0.902,0.486,0.021,0.838,Frame_59,
15:08:44.190,0.721,-0.977,0.482,0.026,0.809,Frame_59,
15:08:44.690,0.745,-1.069,0.461,0.042,0.806,Frame_59,
15:08:45.190,0.763,-1.138,0.437,0.051,0.775,Frame_59,
15:08:45.690,0.783,-1.210,0.293,-0.130,0.781,Frame_60,
15:08:46.190,0.791,-1.242,0.110,-0.497,0.761,Frame_60,
15:08:46.690,0.794,-1.262,0.160,-0.594,0.763,Frame_60,
15:08:47.193,0.796,-1.296,0.272,-0.547,0.755,Frame_60,
15:08:47.690,0.793,-1.359,0.367,-0.478,0.746,Frame_60,
15:08:48.190,0.786,-1.418,0.369,-0.412,0.755,Frame_61,
15:08:48.690,0.771,-1.490,0.340,-0.220,0.750,Frame_61,
15:08:49.190,0.760,-1.535,0.197,0.262,0.771,Frame_61,
15:08:49.690,0.752,-1.569,0.201,0.404,0.776,Frame_61,
15:08:50.192,0.750,-1.584,-0.117,0.468,0.778,Frame_61,
15:08:50.690,0.751,-1.561,-0.223,0.384,0.772,Frame_61,
15:08:51.190,0.752,-1.524,-0.232,0.297,0.781,Frame_62,
15:08:51.690,0.751,-1.477,-0.242,0.247,0.795,Frame_62,
15:08:52.190,0.747,-1.430,-0.229,0.191,0.787,Frame_62,
15:08:52.692,0.741,-1.385,-0.234,0.171,0.799,Frame_62,
15:08:53.192,0.736,-1.351,-0.223,0.137,0.804,Frame_62,
15:08:53.690,0.730,-1.316,-0.209,0.114,0.809,Frame_62,
15:08:54.190,0.722,-1.278,-0.227,0.139,0.819,Frame_63,
15:08:54.691,0.713,-1.239,-0.217,0.137,0.828,Frame_63,
15:08:55.190,0.705,-1.204,-0.240,0.205,0.833,Frame_63,
15:08:55.690,0.692,-1.159,-0.276,0.317,0.838,Frame_63,
15:08:56.193,0.676,-1.113,-0.275,0.421,0.856,Frame_63,
15:08:56.690,0.662,-1.078,-0.239,0.542,0.878,Frame_63,
15:08:57.190,0.643,-1.042,-0.186,0.711,0.889,Frame_64,
15:08:57.690,0.624,-1.015,-0.163,0.813,0.879,Frame_64,
15:08:58.190,0.607,-0.996,-0.135,0.860,0.884,Frame_64,
15:08:58.690,0.596,-0.988,-0.040,0.953,0.864,Frame_64,
15:08:59.190,0.589,-0.984,-0.057,1.006,0.864,Frame_64,
15:08:59.690,0.581,-0.981,-0.038,1.046,0.851,Frame_65,
15:09:00.190,0.576,-0.980,0.116,0.924,0.820,Frame_65,
15:09:00.690,0.597,-0.980,0.141,0.899,0.829,Frame_65,
15:09:01.192,0.603,-0.980,-0.013,0.981,0.832,Frame_65,
15:09:01.690,0.599,-0.981,-0.030,1.016,0.833,Frame_65,
15:09:02.190,0.593,-0.984,-0.055,1.001,0.808,Frame_65,
15:09:02.690,0.581,-0.993,-0.095,0.938,0.790,Frame_65,
15:09:03.190,0.569,-1.007,-0.139,0.884,0.787,Frame_66,
15:09:03.690,0.556,-1.025,-0.183,0.818,0.765,Frame_66,
15:09:04.190,0.539,-1.058,-0.246,0.687,0.729,Frame_66,
15:09:04.690,0.522,-1.105,-0.268,0.628,0.697,Frame_66,
15:09:05.190,0.513,-1.141,-0.286,0.580,0.645,Frame_66,
15:09:05.690,0.505,-1.191,-0.280,0.545,0.636,Frame_67,
15:09:06.190,0.503,-1.237,-0.279,0.619,0.597,Frame_67,
15:09:06.690,0.506,-1.294,-0.226,0.702,0.579,Frame_67,
15:09:07.190,0.514,-1.331,-0.184,0.764,0.570,Frame_67,
15:09:07.690,0.525,-1.361,-0.120,0.833,0.574,Frame_67,
15:09:08.190,0.531,-1.373,-0.061,0.848,0.592,Frame_67,
15:09:08.690,0.537,-1.382,-0.045,0.865,0.602,Frame_68,
15:09:09.190,0.542,-1.387,-0.042,0.854,0.618,Frame_68,
15:09:09.690,0.547,-1.391,-0.027,0.890,0.623,Frame_68,
15:09:10.190,0.550,-1.393,-0.015,0.884,0.634,Frame_68,
15:09:10.690,0.553,-1.394,-0.007,0.858,0.660,Frame_68,
15:09:11.190,0.553,-1.394,0.000,0.870,0.645,Frame_69,
15:09:11.690,0.553,-1.394,0.008,0.905,0.669,Frame_69,
15:09:12.190,0.550,-1.394,0.035,0.864,0.669,Frame_69,
15:09:12.690,0.541,-1.397,0.072,0.856,0.647,Frame_69,
15:09:13.190,0.528,-1.403,0.116,0.812,0.648,Frame_69,
15:09:13.690,0.514,-1.412,0.144,0.783,0.624,Frame_69,
15:09:14.191,0.489,-1.432,0.264,0.638,0.602,Frame_70,
15:09:14.692,0.456,-1.465,0.332,0.595,0.567,Frame_70,
15:09:15.190,0.418,-1.512,0.356,0.469,0.525,Frame_70,
15:09:15.690,0.385,-1.561,0.386,0.304,0.475,Frame_70,
15:09:16.191,0.353,-1.614,0.385,0.152,0.412,Frame_70,
15:09:16.690,0.322,-1.667,0.371,0.130,0.385,Frame_70,
15:09:17.190,0.294,-1.716,0.341,-0.029,0.341,Frame_71,
15:09:17.690,0.264,-1.771,0.343,-0.051,0.300,Frame_71,
15:09:18.190,0.239,-1.814,0.401,-0.201,0.276,Frame_71,
15:09:18.690,0.206,-1.869,0.414,-0.264,0.268,Frame_71,
15:09:19.190,0.170,-1.923,0.389,-0.310,0.265,Frame_71,
15:09:19.690,0.138,-1.967,0.399,-0.293,0.270,Frame_71,
15:09:20.190,0.095,-2.020,0.484,-0.236,0.284,Frame_71,
15:09:20.690,0.043,-2.080,0.509,-0.107,0.323,Frame_72,
15:09:21.190,-0.013,-2.142,0.527,-0.033,0.365,Frame_72,
15:09:21.690,-0.078,-2.213,0.531,0.066,0.409,Frame_72,
15:09:22.190,-0.128,-2.268,0.522,0.094,0.490,Frame_72,
15:09:22.690,-0.182,-2.331,0.526,0.044,0.512,Frame_72,
15:09:23.190,-0.230,-2.386,0.523,0.005,0.587,Frame_72,
15:09:23.690,-0.277,-2.441,0.500,-0.017,0.609,Frame_72,
15:09:24.190,-0.327,-2.499,0.463,-0.006,0.689,Frame_73,
15:09:24.691,-0.375,-2.554,0.438,-0.009,0.724,Frame_73,
15:09:25.191,-0.414,-2.600,0.419,-0.014,0.787,Frame_73,
15:09:25.690,-0.458,-2.649,0.384,-0.042,0.817,Frame_73,
15:09:26.190,-0.491,-2.688,0.335,-0.038,0.830,Frame_73,
15:09:26.690,-0.526,-2.728,0.352,0.327,0.826,Frame_73,
15:09:27.190,-0.558,-2.767,0.376,0.534,0.843,Frame_74,
15:09:27.690,-0.593,-2.817,0.380,0.789,0.833,Frame_74,
15:09:28.190,-0.621,-2.870,0.367,0.921,0.818,Frame_74,
15:09:28.690,-0.637,-2.916,0.315,0.983,0.799,Frame_74,
15:09:29.190,-0.647,-2.961,0.257,1.006,0.770,Frame_74,
15:09:29.690,-0.649,-2.994,0.127,0.988,0.741,Frame_74,
15:09:30.190,-0.651,-2.986,-0.141,0.897,0.732,Frame_75,
15:09:30.690,-0.656,-2.968,-0.090,0.914,0.723,Frame_75,
15:09:31.190,-0.659,-2.960,-0.035,0.961,0.712,Frame_75,
15:09:31.690,-0.661,-2.956,-0.022,1.021,0.693,Frame_75,
15:09:32.190,-0.663,-2.954,-0.009,1.052,0.693,Frame_75,
15:09:32.690,-0.663,-2.954,0.005,1.122,0.685,Frame_75,
15:09:33.190,-0.662,-2.954,0.016,1.167,0.679,Frame_75,
15:09:33.690,-0.659,-2.955,0.041,1.162,0.669,Frame_76,
15:09:34.190,-0.653,-2.957,0.055,1.161,0.669,Frame_76,
15:09:34.691,-0.643,-2.958,0.106,1.121,0.666,Frame_76,
15:09:35.190,-0.620,-2.955,0.183,1.044,0.694,Frame_76,
15:09:35.690,-0.585,-2.944,0.286,0.948,0.729,Frame_76,
15:09:36.190,-0.538,-2.922,0.404,0.799,0.739,Frame_76,
15:09:36.690,-0.489,-2.890,0.458,0.702,0.751,Frame_76,
15:09:37.193,-0.422,-2.836,0.494,0.519,0.737,Frame_77,
15:09:37.690,-0.364,-2.780,0.504,0.418,0.713,Frame_77,
15:09:38.190,-0.317,-2.728,0.501,0.324,0.675,Frame_77,
15:09:38.690,-0.260,-2.659,0.478,0.227,0.690,Frame_77,
15:09:39.190,-0.220,-2.606,0.478,0.204,0.701,Frame_77,
15:09:39.690,-0.175,-2.543,0.485,0.131,0.718,Frame_77,
15:09:40.190,-0.127,-2.472,0.464,0.100,0.755,Frame_78,
15:09:40.691,-0.087,-2.411,0.448,0.057,0.750,Frame_78,
15:09:41.190,-0.049,-2.350,0.470,0.051,0.698,Frame_78,
15:09:41.690,-0.013,-2.294,0.483,0.055,0.635,Frame_78,
15:09:42.190,0.027,-2.228,0.476,0.064,0.592,Frame_78,
15:09:42.695,0.065,-2.164,0.464,0.082,0.531,Frame_78,
15:09:43.190,0.102,-2.101,0.469,0.138,0.456,Frame_79,
15:09:43.690,0.143,-2.028,0.459,0.217,0.423,Frame_79,
15:09:44.190,0.172,-1.970,0.483,0.269,0.369,Frame_79,
15:09:44.694,0.205,-1.899,0.501,0.344,0.336,Frame_79,
15:09:45.190,0.238,-1.815,0.482,0.382,0.300,Frame_79,
15:09:45.690,0.258,-1.755,0.443,0.365,0.267,Frame_79,
15:09:46.190,0.278,-1.678,0.438,0.424,0.258,Frame_80,
15:09:46.690,0.293,-1.599,0.434,0.544,0.267,Frame_80,
15:09:47.190,0.299,-1.537,0.464,0.551,0.302,Frame_80,
15:09:47.690,0.300,-1.449,0.516,0.512,0.306,Frame_80,
15:09:48.190,0.291,-1.344,0.560,0.417,0.346,Frame_80,
15:09:48.690,0.274,-1.243,0.586,0.335,0.395,Frame_80,
15:09:49.190,0.258,-1.174,0.604,0.246,0.455,Frame_81,
15:09:49.690,0.226,-1.056,0.600,0.135,0.505,Frame_81,
15:09:50.190,0.198,-0.963,0.578,0.152,0.593,Frame_81,
15:09:50.690,0.178,-0.902,0.012,0.302,0.652,Frame_81,
15:09:51.190,0.184,-0.918,-0.195,0.395,0.660,Frame_81,
15:09:51.690,0.198,-0.949,-0.228,0.463,0.646,Frame_81,
15:09:52.190,0.214,-0.978,-0.240,0.534,0.635,Frame_82,
15:09:52.690,0.240,-1.017,-0.214,0.639,0.619,Frame_82,
15:09:53.190,0.258,-1.039,-0.192,0.717,0.605,Frame_82,
15:09:53.690,0.282,-1.061,-0.128,0.817,0.599,Frame_82,
15:09:54.190,0.292,-1.070,-0.036,0.913,0.622,Frame_82,
15:09:54.690,0.299,-1.073,-0.048,0.966,0.621,Frame_82,
15:09:55.190,0.305,-1.075,-0.038,0.961,0.637,Frame_82,
15:09:55.690,0.310,-1.077,-0.027,0.960,0.643,Frame_83,
15:09:56.190,0.314,-1.077,-0.012,1.004,0.645,Frame_83,
15:09:56.690,0.315,-1.077,0.006,0.994,0.671,Frame_83,
15:09:57.190,0.314,-1.077,0.013,1.002,0.677,Frame_83,
15:09:57.690,0.310,-1.079,0.038,1.002,0.677,Frame_83,
15:09:58.190,0.303,-1.085,0.060,0.983,0.685,Frame_84,
15:09:58.690,0.297,-1.092,0.075,0.962,0.675,Frame_84,
15:09:59.190,0.288,-1.104,0.116,0.869,0.660,Frame_84,
15:09:59.690,0.278,-1.124,0.177,0.781,0.659,Frame_84,
15:10:00.190,0.268,-1.151,0.244,0.693,0.625,Frame_84,
15:10:00.690,0.256,-1.204,0.312,0.581,0.575,Frame_84,
15:10:01.190,0.250,-1.248,0.346,0.452,0.532,Frame_84,
15:10:01.691,0.247,-1.306,0.399,0.345,0.496,Frame_85,
15:10:02.190,0.246,-1.372,0.442,0.220,0.422,Frame_85,
15:10:02.690,0.249,-1.444,0.464,0.067,0.356,Frame_85,
15:10:03.190,0.253,-1.531,0.509,-0.119,0.334,Frame_85,
15:10:03.690,0.255,-1.592,0.497,-0.203,0.309,Frame_85,
15:10:04.190,0.255,-1.671,0.486,-0.317,0.283,Frame_85,
15:10:04.690,0.252,-1.748,0.472,-0.411,0.276,Frame_86,
15:10:05.190,0.243,-1.825,0.495,-0.422,0.269,Frame_86,
15:10:05.690,0.229,-1.903,0.496,-0.444,0.286,Frame_86,
15:10:06.190,0.212,-1.972,0.512,-0.439,0.301,Frame_86,
15:10:06.690,0.191,-2.042,0.528,-0.393,0.333,Frame_86,
15:10:07.190,0.160,-2.122,0.547,-0.302,0.382,Frame_86,
15:10:07.690,0.129,-2.193,0.546,-0.223,0.459,Frame_86,
15:10:08.190,0.091,-2.273,0.557,-0.159,0.496,Frame_87,
15:10:08.690,0.046,-2.361,0.550,-0.025,0.573,Frame_87,
15:10:09.190,0.016,-2.419,0.537,0.077,0.603,Frame_87,
15:10:09.690,-0.029,-2.505,0.442,0.057,0.696,Frame_87,
15:10:10.190,-0.041,-2.529,-0.066,-0.126,0.720,Frame_87,
15:10:10.690,-0.032,-2.513,-0.148,-0.114,0.741,Frame_87,
15:10:11.190,-0.023,-2.495,-0.151,-0.193,0.736,Frame_88,
15:10:11.690,-0.009,-2.471,-0.134,-0.237,0.714,Frame_88,
15:10:12.190,0.002,-2.454,-0.130,-0.415,0.684,Frame_88,
15:10:12.690,0.014,-2.437,-0.142,-0.530,0.689,Frame_88,
15:10:13.190,0.029,-2.419,-0.198,-0.655,0.684,Frame_88,
15:10:13.690,0.051,-2.398,-0.182,-0.743,0.664,Frame_88,
15:10:14.191,0.066,-2.386,-0.042,-0.881,0.660,Frame_88,
15:10:14.690,0.070,-2.383,-0.020,-0.957,0.663,Frame_89,
15:10:15.190,0.077,-2.380,-0.043,-1.004,0.666,Frame_89,
15:10:15.690,0.083,-2.379,-0.028,-1.044,0.686,Frame_89,
15:10:16.190,0.085,-2.378,-0.006,-1.082,0.697,Frame_89,
15:10:16.690,0.086,-2.378,-0.004,-1.081,0.702,Frame_89,
15:10:17.190,0.086,-2.378,0.008,-1.071,0.716,Frame_89,
15:10:17.690,0.084,-2.377,0.029,-1.018,0.730,Frame_90,
15:10:18.190,0.081,-2.375,0.034,-1.011,0.725,Frame_90,
15:10:18.691,0.077,-2.371,0.044,-1.005,0.740,Frame_90,
15:10:19.190,0.071,-2.364,0.064,-0.998,0.715,Frame_90,
15:10:19.690,0.065,-2.353,0.104,-0.923,0.723,Frame_90,
15:10:20.190,0.058,-2.334,0.114,-0.842,0.702,Frame_90,
15:10:20.690,0.054,-2.320,0.137,-0.806,0.697,Frame_90,
15:10:21.190,0.051,-2.288,0.199,-0.678,0.669,Frame_91,
15:10:21.690,0.052,-2.255,0.207,-0.585,0.628,Frame_91,
15:10:22.190,0.056,-2.224,0.201,-0.505,0.578,Frame_91,
15:10:22.690,0.063,-2.189,0.199,-0.441,0.548,Frame_91,
15:10:23.190,0.071,-2.159,0.196,-0.409,0.518,Frame_91,
15:10:23.690,0.083,-2.127,0.223,-0.373,0.483,Frame_91,
15:10:24.190,0.100,-2.088,0.224,-0.411,0.465,Frame_92,
15:10:24.690,0.113,-2.062,0.207,-0.360,0.408,Frame_92,
15:10:25.190,0.135,-2.024,0.294,-0.258,0.406,Frame_92,
15:10:25.690,0.161,-1.984,0.398,-0.084,0.366,Frame_92,
15:10:26.190,0.194,-1.933,0.455,0.163,0.345,Frame_92,
15:10:26.690,0.236,-1.867,0.446,0.347,0.305,Frame_92,
15:10:27.190,0.264,-1.816,0.400,0.510,0.288,Frame_93,
15:10:27.690,0.290,-1.757,0.413,0.624,0.280,Frame_93,
15:10:28.190,0.312,-1.691,0.443,0.652,0.291,Frame_93,
15:10:28.690,0.328,-1.620,0.465,0.649,0.298,Frame_93,
15:10:29.190,0.338,-1.535,0.495,0.635,0.312,Frame_93,
15:10:29.690,0.338,-1.454,0.533,0.553,0.340,Frame_93,
15:10:30.190,0.329,-1.357,0.561,0.401,0.367,Frame_94,
15:10:30.690,0.311,-1.254,0.608,0.249,0.402,Frame_94,
15:10:31.190,0.287,-1.148,0.605,0.194,0.470,Frame_94,
15:10:31.690,0.270,-1.078,0.604,0.173,0.508,Frame_94,
15:10:32.190,0.237,-0.963,0.594,0.139,0.578,Frame_94,
15:10:32.690,0.208,-0.872,0.601,0.070,0.671,Frame_94,
15:10:33.190,0.182,-0.791,0.607,0.051,0.769,Frame_95,
15:10:33.690,0.151,-0.699,0.611,0.034,0.822,Frame_95,
15:10:34.190,0.120,-0.606,0.613,0.053,0.932,Frame_95,
15:10:34.690,0.084,-0.502,0.598,0.045,0.965,Frame_95,
15:10:35.190,0.051,-0.411,0.607,0.063,1.079,Frame_95,
15:10:35.690,0.022,-0.332,0.620,0.058,1.127,Frame_95,
15:10:36.190,-0.017,-0.228,0.607,0.072,1.264,Frame_96,
15:10:36.690,-0.047,-0.149,0.606,0.041,1.277,Frame_96,
15:10:37.190,-0.083,-0.057,0.621,0.032,1.196,Frame_96,
15:10:37.690,-0.120,0.034,0.610,0.020,1.140,Frame_96,
15:10:38.190,-0.162,0.138,0.619,0.032,1.105,Frame_96,
15:10:38.690,-0.199,0.229,0.615,0.115,1.051,Frame_96,
15:10:39.190,-0.239,0.320,0.616,0.139,1.007,Frame_96,
15:10:39.690,-0.279,0.409,0.607,0.089,0.977,Frame_97,
15:10:40.190,-0.327,0.508,0.625,0.063,0.965,Frame_97,
15:10:40.690,-0.370,0.596,0.617,0.069,0.972,Frame_97,
15:10:41.190,-0.414,0.683,0.616,0.066,0.983,Frame_97,
15:10:41.690,-0.458,0.769,0.594,0.131,0.987,Frame_97,
15:10:42.190,-0.503,0.852,0.565,0.125,1.029,Frame_97,
15:10:42.690,-0.552,0.937,0.515,0.032,1.049,Frame_98,
15:10:43.190,-0.592,1.007,0.503,0.009,1.100,Frame_98,
15:10:43.690,-0.628,1.068,0.499,-0.017,1.128,Frame_98,
15:10:44.190,-0.678,1.155,0.501,-0.005,1.132,Frame_98,
15:10:44.690,-0.718,1.223,0.485,-0.020,1.102,Frame_98,
15:10:45.190,-0.756,1.289,0.464,-0.002,1.079,Frame_98,
15:10:45.690,-0.792,1.352,0.449,-0.100,1.039,Frame_99,
15:10:46.190,-0.823,1.409,0.466,-0.092,1.015,Frame_99,
15:10:46.690,-0.858,1.473,0.451,-0.082,0.987,Frame_99,
15:10:47.190,-0.891,1.536,0.434,-0.048,0.942,Frame_99,
15:10:47.690,-0.921,1.596,0.398,-0.078,0.924,Frame_99,
15:10:48.190,-0.946,1.645,0.381,-0.101,0.906,Frame_99,
15:10:48.690,-0.972,1.699,0.363,-0.112,0.892,Frame_100,
15:10:49.192,-0.993,1.744,0.353,-0.101,0.865,Frame_100,
15:10:49.690,-1.015,1.794,0.331,-0.064,0.851,Frame_100,
15:10:50.190,-1.040,1.852,0.362,-0.035,0.825,Frame_100,
15:10:50.690,-1.057,1.892,0.359,0.004,0.812,Frame_100,
15:10:51.190,-1.082,1.950,0.335,0.013,0.789,Frame_100,
15:10:51.690,-1.097,1.986,0.309,0.018,0.784,Frame_100,
15:10:52.190,-1.121,2.042,0.285,0.005,0.758,Frame_101,
15:10:52.690,-1.136,2.077,0.268,-0.002,0.745,Frame_101,
15:10:53.190,-1.153,2.115,0.263,-0.003,0.745,Frame_101,
15:10:53.690,-1.169,2.153,0.273,-0.373,0.731,Frame_101,
15:10:54.190,-1.184,2.193,0.336,-0.675,0.706,Frame_101,
15:10:54.690,-1.198,2.247,0.376,-0.821,0.697,Frame_101,
15:10:55.190,-1.206,2.307,0.383,-0.862,0.675,Frame_102,
15:10:55.690,-1.205,2.381,0.350,-0.862,0.665,Frame_102,
15:10:56.190,-1.197,2.427,0.318,-0.830,0.668,Frame_102,
15:10:56.690,-1.185,2.468,0.280,-0.808,0.666,Frame_102,
15:10:57.190,-1.168,2.507,0.229,-0.772,0.673,Frame_102,
15:10:57.690,-1.151,2.537,0.194,-0.735,0.689,Frame_102,
15:10:58.192,-1.134,2.559,0.145,-0.695,0.707,Frame_103,
15:10:58.690,-1.123,2.571,0.117,-0.662,0.720,Frame_103,
15:10:59.190,-1.109,2.583,0.090,-0.627,0.729,Frame_103,
15:10:59.690,-1.102,2.589,0.057,-0.586,0.728,Frame_103,
15:11:00.190,-1.095,2.593,0.023,-0.260,0.726,Frame_103,
15:11:00.690,-1.096,2.592,-0.012,0.047,0.735,Frame_103,
15:11:01.190,-1.095,2.593,0.050,0.209,0.723,Frame_103,
15:11:01.690,-1.089,2.596,0.015,0.373,0.716,Frame_104,
15:11:02.190,-1.089,2.596,-0.001,0.559,0.720,Frame_104,
15:11:02.690,-1.088,2.597,0.036,0.703,0.717,Frame_104,
15:11:03.190,-1.084,2.601,0.069,0.764,0.704,Frame_104,
15:11:03.690,-1.074,2.612,0.143,0.807,0.698,Frame_104,
15:11:04.190,-1.061,2.632,0.244,0.783,0.686,Frame_104,
15:11:04.690,-1.042,2.669,0.309,0.731,0.656,Frame_104,
15:11:05.190,-1.023,2.721,0.385,0.635,0.620,Frame_105,
15:11:05.690,-1.004,2.792,0.431,0.531,0.593,Frame_105,
15:11:06.190,-0.995,2.844,0.436,0.418,0.572,Frame_105,
15:11:06.690,-0.988,2.913,0.426,0.336,0.552,Frame_105,
15:11:07.190,-0.984,2.970,0.327,0.405,0.554,Frame_105,
15:11:07.690,-0.984,3.003,0.152,0.696,0.533,Frame_105,
15:11:08.190,-0.989,3.039,0.211,0.662,0.529,Frame_106,
15:11:08.690,-0.997,3.073,0.276,0.576,0.524,Frame_106,
15:11:09.190,-1.012,3.117,0.318,0.472,0.527,Frame_106,
15:11:09.690,-1.027,3.151,0.303,0.398,0.527,Frame_106,
15:11:10.193,-1.048,3.195,0.304,0.317,0.553,Frame_106,
15:11:10.690,-1.072,3.239,0.330,0.229,0.552,Frame_106,
15:11:11.190,-1.100,3.285,0.334,0.079,0.575,Frame_106,
15:11:11.690,-1.124,3.324,0.327,-0.013,0.606,Frame_107,
15:11:12.190,-1.155,3.374,0.301,0.011,0.632,Frame_107,
15:11:12.690,-1.176,3.407,0.255,0.022,0.635,Frame_107,
15:11:13.190,-1.196,3.439,0.212,-0.097,0.665,Frame_107,
15:11:13.690,-1.209,3.459,0.212,-0.318,0.669,Frame_107,
15:11:14.190,-1.230,3.497,0.283,-0.425,0.689,Frame_107,
15:11:14.690,-1.247,3.533,0.288,-0.409,0.714,Frame_107,
15:11:15.190,-1.266,3.581,0.372,-0.661,0.720,Frame_108,
15:11:15.690,-1.279,3.626,0.407,-0.772,0.718,Frame_108,
15:11:16.190,-1.292,3.698,0.406,-0.832,0.720,Frame_108,
15:11:16.690,-1.294,3.760,0.362,-0.835,0.691,Frame_108,
15:11:17.190,-1.290,3.808,0.308,-0.828,0.691,Frame_108,
15:11:17.691,-1.280,3.854,0.257,-0.806,0.705,Frame_108,
15:11:18.192,-1.270,3.884,0.190,-0.786,0.695,Frame_109,
15:11:18.690,-1.257,3.910,0.150,-0.762,0.708,Frame_109,
15:11:19.190,-1.249,3.924,0.125,-0.753,0.719,Frame_109,
15:11:19.690,-1.239,3.937,0.208,-0.492,0.724,Frame_109,
15:11:20.190,-1.218,3.960,0.160,-0.187,0.736,Frame_109,
15:11:20.690,-1.207,3.972,0.075,0.104,0.710,Frame_109,
15:11:21.190,-1.202,3.977,0.038,0.383,0.704,Frame_109,
15:11:21.690,-1.195,3.986,0.108,0.599,0.700,Frame_110,
15:11:22.190,-1.185,4.001,0.156,0.699,0.683,Frame_110,
15:11:22.690,-1.174,4.020,0.266,0.709,0.677,Frame_110,
15:11:23.190,-1.154,4.069,0.375,0.661,0.637,Frame_110,
15:11:23.690,-1.139,4.115,0.449,0.551,0.621,Frame_110,
15:11:24.190,-1.122,4.195,0.475,0.457,0.584,Frame_110,
15:11:24.690,-1.113,4.253,0.484,0.375,0.568,Frame_110,
15:11:25.190,-1.107,4.322,0.281,0.538,0.537,Frame_111,
15:11:25.690,-1.106,4.353,0.168,0.589,0.535,Frame_111,
15:11:26.190,-1.109,4.386,0.181,0.614,0.505,Frame_111,
15:11:26.690,-1.115,4.416,0.218,0.567,0.510,Frame_111,
15:11:27.190,-1.124,4.448,0.254,0.143,0.512,Frame_111,
15:11:27.690,-1.137,4.488,0.300,-0.143,0.515,Frame_111,
15:11:28.190,-1.153,4.541,0.404,-0.257,0.532,Frame_112,
15:11:28.690,-1.170,4.607,0.448,-0.263,0.541,Frame_112,
15:11:29.190,-1.184,4.668,0.451,-0.174,0.560,Frame_112,
15:11:29.690,-1.197,4.736,0.432,-0.116,0.560,Frame_112,
15:11:30.190,-1.205,4.783,0.067,-0.229,0.578,Frame_112,
15:11:30.690,-1.204,4.775,-0.185,-0.200,0.586,Frame_112,
15:11:31.190,-1.200,4.743,-0.219,-0.086,0.581,Frame_112,
15:11:31.690,-1.196,4.703,-0.220,-0.022,0.578,Frame_113,
15:11:32.190,-1.193,4.665,-0.203,-0.017,0.571,Frame_113,
15:11:32.690,-1.190,4.634,-0.189,-0.018,0.573,Frame_113,
15:11:33.190,-1.187,4.599,-0.186,-0.002,0.581,Frame_113,
15:11:33.690,-1.184,4.566,-0.168,0.000,0.569,Frame_113,
15:11:34.190,-1.181,4.531,-0.191,-0.013,0.560,Frame_114,
15:11:34.690,-1.179,4.497,-0.187,0.004,0.573,Frame_114,
15:11:35.190,-1.176,4.464,-0.179,-0.030,0.570,Frame_114,
15:11:35.690,-1.173,4.432,-0.207,-0.082,0.574,Frame_114,
15:11:36.190,-1.171,4.401,-0.215,-0.130,0.573,Frame_114,
15:11:36.690,-1.169,4.357,-0.239,-0.217,0.569,Frame_114,
15:11:37.190,-1.168,4.317,-0.269,-0.283,0.572,Frame_115,
15:11:37.690,-1.170,4.278,-0.245,-0.419,0.588,Frame_115,
15:11:38.190,-1.173,4.239,-0.190,-0.524,0.583,Frame_115,
15:11:38.690,-1.178,4.208,-0.178,-0.632,0.597,Frame_115,
15:11:39.190,-1.183,4.188,-0.135,-0.729,0.617,Frame_115,
15:11:39.690,-1.189,4.172,-0.105,-0.817,0.631,Frame_115,
15:11:40.190,-1.195,4.161,-0.067,-0.894,0.634,Frame_115,
15:11:40.690,-1.201,4.152,-0.060,-0.984,0.655,Frame_116,
15:11:41.190,-1.207,4.145,-0.049,-1.060,0.654,Frame_116,
15:11:41.690,-1.212,4.141,-0.033,-1.107,0.681,Frame_116,
15:11:42.190,-1.214,4.140,-0.016,-1.187,0.686,Frame_116,
15:11:42.690,-1.217,4.139,-0.027,-1.207,0.695,Frame_116,
15:11:43.190,-1.220,4.138,0.001,-1.240,0.691,Frame_116,
15:11:43.690,-1.219,4.138,0.025,-1.233,0.694,Frame_117,
15:11:44.190,-1.213,4.137,0.063,-1.218,0.674,Frame_117,
15:11:44.690,-1.200,4.130,0.134,-1.174,0.675,Frame_117,
15:11:45.190,-1.178,4.115,0.295,-1.088,0.641,Frame_117,
15:11:45.690,-1.142,4.079,0.421,-0.888,0.617,Frame_117,
15:11:46.192,-1.104,4.030,0.499,-0.789,0.557,Frame_117,
15:11:46.690,-1.062,3.960,0.505,-0.638,0.525,Frame_117,
15:11:47.190,-1.028,3.886,0.529,-0.573,0.467,Frame_118,
15:11:47.690,-1.003,3.817,0.535,-0.458,0.461,Frame_118,
15:11:48.190,-0.979,3.734,0.540,-0.376,0.421,Frame_118,
15:11:48.690,-0.963,3.660,0.535,-0.431,0.409,Frame_118,
15:11:49.194,-0.951,3.586,0.540,-0.457,0.387,Frame_118,
15:11:49.690,-0.942,3.489,0.541,-0.328,0.369,Frame_118,
15:11:50.190,-0.939,3.391,0.548,-0.266,0.374,Frame_119,
15:11:50.690,-0.940,3.304,0.542,-0.086,0.373,Frame_119,
15:11:51.190,-0.942,3.229,0.518,-0.012,0.376,Frame_119,
15:11:51.690,-0.945,3.158,0.505,0.017,0.391,Frame_119,
15:11:52.190,-0.947,3.078,0.485,0.013,0.388,Frame_119,
15:11:52.690,-0.950,2.994,0.450,-0.028,0.405,Frame_119,
15:11:53.190,-0.952,2.930,0.458,-0.043,0.405,Frame_119,
15:11:53.690,-0.955,2.850,0.449,-0.027,0.404,Frame_120,
15:11:54.190,-0.958,2.787,0.439,-0.018,0.419,Frame_120,
15:11:54.690,-0.962,2.716,0.444,0.010,0.424,Frame_120,
15:11:55.190,-0.965,2.654,0.456,0.012,0.437,Frame_120,
15:11:55.690,-0.968,2.581,0.442,0.074,0.436,Frame_120,
15:11:56.190,-0.971,2.519,0.450,0.107,0.446,Frame_120,
15:11:56.690,-0.973,2.446,0.454,0.186,0.449,Frame_121,
15:11:57.190,-0.972,2.352,0.498,0.241,0.463,Frame_121,
15:11:57.690,-0.967,2.250,0.523,0.216,0.463,Frame_121,
15:11:58.196,-0.956,2.144,0.553,0.191,0.467,Frame_121,
15:11:58.690,-0.945,2.056,0.555,0.180,0.487,Frame_121,
15:11:59.190,-0.932,1.977,0.575,0.089,0.499,Frame_121,
15:11:59.690,-0.916,1.885,0.572,0.040,0.532,Frame_122,
15:12:00.190,-0.902,1.806,0.568,0.010,0.571,Frame_122,
15:12:00.690,-0.884,1.705,0.572,-0.006,0.623,Frame_122,
15:12:01.190,-0.870,1.627,0.569,-0.063,0.694,Frame_122,
15:12:01.690,-0.853,1.527,0.574,-0.023,0.724,Frame_122,
15:12:02.190,-0.840,1.447,0.575,0.013,0.825,Frame_122,
15:12:02.690,-0.824,1.357,0.569,0.051,0.885,Frame_123,
15:12:03.190,-0.807,1.256,0.579,0.018,0.981,Frame_123,
15:12:03.690,-0.793,1.176,0.580,0.026,1.022,Frame_123,
15:12:04.190,-0.776,1.085,0.578,0.051,1.112,Frame_123,
15:12:04.690,-0.759,0.995,0.575,0.083,1.127,Frame_123,
15:12:05.190,-0.741,0.905,0.582,0.015,1.138,Frame_123,
15:12:05.690,-0.720,0.802,0.587,-0.016,1.134,Frame_124,
15:12:06.190,-0.706,0.733,0.568,0.029,1.133,Frame_124,
15:12:06.690,-0.683,0.620,0.585,0.062,1.108,Frame_124,
15:12:07.190,-0.665,0.540,0.572,-0.009,1.108,Frame_124,
15:12:07.690,-0.646,0.449,0.594,0.015,1.098,Frame_124,
15:12:08.190,-0.628,0.370,0.580,0.049,1.116,Frame_124,
15:12:08.690,-0.608,0.279,0.586,0.076,1.120,Frame_124,
15:12:09.190,-0.587,0.188,0.578,0.084,1.157,Frame_125,
15:12:09.690,-0.567,0.109,0.588,0.098,1.169,Frame_125,
15:12:10.190,-0.538,-0.004,0.586,0.029,1.195,Frame_125,
15:12:10.691,-0.519,-0.072,0.605,0.018,1.213,Frame_125,
15:12:11.190,-0.494,-0.165,0.603,0.034,1.256,Frame_125,
15:12:11.690,-0.465,-0.267,0.589,0.071,1.306,Frame_125,
15:12:12.190,-0.442,-0.347,0.575,0.075,1.342,Frame_126,
15:12:12.690,-0.411,-0.446,0.570,0.084,1.332,Frame_126,
15:12:13.190,-0.383,-0.532,0.550,0.083,1.218,Frame_126,
15:12:13.690,-0.356,-0.614,0.530,0.075,1.168,Frame_126,
15:12:14.190,-0.331,-0.684,0.513,0.080,1.069,Frame_126,
15:12:14.690,-0.304,-0.759,0.481,0.069,0.998,Frame_126,
15:12:15.190,-0.274,-0.839,0.470,0.085,0.926,Frame_127,
15:12:15.690,-0.247,-0.907,0.455,0.071,0.838,Frame_127,
15:12:16.190,-0.220,-0.974,0.443,0.066,0.784,Frame_127,
15:12:16.690,-0.193,-1.038,0.432,0.048,0.704,Frame_127,
15:12:17.190,-0.169,-1.093,0.423,0.028,0.679,Frame_127,
15:12:17.690,-0.142,-1.155,0.420,-0.014,0.601,Frame_127,
15:12:18.190,-0.120,-1.207,0.398,-0.031,0.576,Frame_127,
15:12:18.690,-0.094,-1.267,0.410,-0.083,0.507,Frame_128,
15:12:19.190,-0.072,-1.319,0.417,-0.136,0.429,Frame_128,
15:12:19.690,-0.045,-1.390,0.425,-0.213,0.412,Frame_128,
15:12:20.190,-0.025,-1.446,0.440,-0.293,0.361,Frame_128,
15:12:20.690,-0.014,-1.482,-0.005,-0.031,0.343,Frame_128,
15:12:21.190,-0.018,-1.468,-0.180,-0.172,0.358,Frame_128,
15:12:21.690,-0.025,-1.442,-0.179,-0.340,0.352,Frame_129,
15:12:22.190,-0.031,-1.414,-0.138,-0.492,0.375,Frame_129,
15:12:22.690,-0.033,-1.395,-0.119,-0.586,0.397,Frame_129,
15:12:23.190,-0.034,-1.378,-0.040,-0.713,0.414,Frame_129,
15:12:23.690,-0.033,-1.372,-0.035,-0.774,0.438,Frame_129,
15:12:24.190,-0.033,-1.369,-0.021,-0.898,0.433,Frame_129,
15:12:24.692,-0.032,-1.367,-0.001,-0.964,0.448,Frame_130,
15:12:25.190,-0.032,-1.367,0.010,-1.009,0.448,Frame_130,
15:12:25.690,-0.032,-1.366,-0.018,-1.026,0.435,Frame_130,
15:12:26.190,-0.031,-1.366,0.039,-1.055,0.452,Frame_130,
15:12:26.690,-0.040,-1.371,0.131,-0.997,0.434,Frame_130,
15:12:27.190,-0.058,-1.380,0.114,-0.962,0.407,Frame_130,
15:12:27.690,-0.087,-1.388,0.347,-0.765,0.374,Frame_130,
15:12:28.190,-0.140,-1.395,0.456,-0.539,0.356,Frame_131,
15:12:28.691,-0.241,-1.398,0.565,-0.290,0.302,Frame_131,
15:12:29.190,-0.332,-1.396,0.561,-0.172,0.258,Frame_131,
15:12:29.690,-0.412,-1.392,0.311,-0.143,0.246,Frame_131,
15:12:30.190,-0.440,-1.390,0.025,0.156,0.248,Frame_131,
15:12:30.690,-0.441,-1.390,-0.014,0.409,0.257,Frame_132,
15:12:31.190,-0.435,-1.390,-0.119,0.572,0.258,Frame_132,
15:12:31.690,-0.415,-1.388,-0.080,0.708,0.267,Frame_132,
15:12:32.190,-0.392,-1.383,-0.224,0.747,0.269,Frame_132,
15:12:32.690,-0.359,-1.372,-0.291,0.696,0.286,Frame_132,
15:12:33.190,-0.314,-1.351,-0.223,0.641,0.313,Frame_132,
15:12:33.690,-0.289,-1.337,-0.169,0.584,0.349,Frame_132,
15:12:34.190,-0.268,-1.321,-0.164,0.539,0.362,Frame_133,
15:12:34.690,-0.248,-1.303,-0.153,0.519,0.382,Frame_133,
15:12:35.190,-0.231,-1.286,-0.132,0.474,0.414,Frame_133,
15:12:35.692,-0.219,-1.273,-0.113,0.492,0.445,Frame_133,
15:12:36.190,-0.209,-1.259,-0.103,0.485,0.439,Frame_133,
15:12:36.690,-0.202,-1.246,-0.096,0.481,0.470,Frame_133,
15:12:37.190,-0.196,-1.235,0.014,0.651,0.480,Frame_134,
15:12:37.695,-0.196,-1.237,0.019,0.733,0.492,Frame_134,
15:12:38.190,-0.197,-1.239,0.024,0.769,0.486,Frame_134,
15:12:38.692,-0.198,-1.244,0.033,0.730,0.474,Frame_134,
15:12:39.190,-0.198,-1.248,0.028,0.685,0.478,Frame_134,
15:12:39.690,-0.197,-1.252,0.025,0.637,0.474,Frame_134,
15:12:40.190,-0.197,-1.256,0.027,0.559,0.469,Frame_135,
15:12:40.690,-0.196,-1.260,0.068,0.485,0.456,Frame_135,
15:12:41.190,-0.189,-1.276,0.093,0.450,0.465,Frame_135,
15:12:41.690,-0.182,-1.290,0.125,0.432,0.431,Frame_135,
15:12:42.190,-0.171,-1.311,0.182,0.317,0.424,Frame_135,
15:12:42.690,-0.153,-1.339,0.263,0.220,0.403,Frame_135,
15:12:43.190,-0.125,-1.380,0.389,-0.025,0.369,Frame_135,
15:12:43.690,-0.089,-1.434,0.444,-0.267,0.335,Frame_136,
15:12:44.190,-0.050,-1.496,0.376,-0.420,0.281,Frame_136,
15:12:44.690,-0.027,-1.538,0.018,-0.040,0.276,Frame_136,
15:12:45.190,-0.036,-1.519,-0.229,-0.240,0.279,Frame_136,
15:12:45.690,-0.050,-1.488,0.067,0.022,0.293,Frame_136,
15:12:46.190,-0.054,-1.478,0.157,0.159,0.310,Frame_136,
15:12:46.690,-0.047,-1.494,0.292,0.088,0.304,Frame_137,
15:12:47.190,-0.028,-1.533,0.646,-0.068,0.283,Frame_137,
15:12:47.690,-0.018,-1.553,0.000,0.000,0.273,Frame_137,
15:12:48.190,-0.018,-1.553,0.000,0.000,0.264,Frame_137,
15:12:48.690,-0.018,-1.553,0.000,0.000,0.260,Frame_137,
15:12:49.190,-0.018,-1.553,0.000,0.000,0.269,Frame_137,
15:12:49.690,-0.018,-1.553,0.000,0.000,0.265,Frame_138,
15:12:50.190,-0.018,-1.553,0.000,0.000,0.273,Frame_138,
15:12:50.690,-0.018,-1.553,0.000,0.000,0.261,Frame_138,
15:12:51.190,-0.018,-1.553,0.000,0.000,0.247,Frame_138,
15:12:51.690,-0.018,-1.553,0.000,0.000,0.276,Frame_138,
15:12:52.190,-0.018,-1.553,0.000,1.000,0.271,Frame_138,
15:12:52.690,-0.018,-1.553,0.000,0.000,0.265,Frame_138,
15:12:53.190,-0.018,-1.553,0.000,0.000,0.276,Frame_139,
15:12:53.690,-0.018,-1.553,0.000,0.000,0.270,Frame_139,
15:12:54.190,-0.018,-1.553,0.000,0.000,0.267,Frame_139,
15:12:54.690,-0.018,-1.553,0.000,0.000,0.267,Frame_139,
15:12:55.190,-0.018,-1.553,0.000,0.000,0.274,Frame_139,
15:12:55.690,-0.018,-1.553,0.000,0.000,0.262,Frame_139,
15:12:56.190,-0.018,-1.553,0.000,0.000,0.255,Frame_139,
15:12:56.690,-0.018,-1.553,0.000,0.000,0.273,Frame_140,
15:12:57.190,-0.018,-1.553,0.000,0.000,0.258,Frame_140,
15:12:57.690,-0.018,-1.553,0.000,0.000,0.260,Frame_140,
15:12:58.190,-0.018,-1.553,0.000,0.000,0.271,Frame_140,
15:12:58.690,-0.018,-1.553,0.000,0.000,0.259,Frame_140,
15:12:59.190,-0.018,-1.553,0.000,0.000,0.258,Frame_140,
15:12:59.690,-0.018,-1.553,0.000,0.000,0.273,Frame_141,
15:13:00.191,-0.018,-1.553,0.000,0.000,0.263,Frame_141,
15:13:00.690,-0.018,-1.553,0.000,0.000,0.275,Frame_141,
15:13:01.190,-0.018,-1.553,0.000,0.000,0.272,Frame_141,
15:13:01.690,-0.018,-1.553,0.000,0.000,0.268,Frame_141,
15:13:02.190,-0.018,-1.553,0.000,0.000,0.257,Frame_141,
15:13:02.690,-0.018,-1.553,0.000,0.000,0.264,Frame_141,
15:13:03.190,-0.018,-1.553,0.000,0.000,0.265,Frame_141,
15:13:03.690,-0.018,-1.553,0.000,0.000,0.269,Frame_142,
15:13:04.190,-0.018,-1.553,0.000,0.000,0.266,Frame_142,
15:13:04.690,-0.018,-1.553,0.000,0.000,0.259,Frame_142,
15:13:05.190,-0.018,-1.553,0.000,0.000,0.265,Frame_142,
15:13:05.691,-0.018,-1.553,0.000,0.000,0.264,Frame_142,
15:13:06.190,-0.018,-1.553,0.000,0.000,0.271,Frame_142,
15:13:06.690,-0.018,-1.553,0.000,0.000,0.261,Frame_143,
15:13:07.190,-0.018,-1.553,0.000,0.000,0.250,Frame_143,
15:13:07.690,-0.018,-1.553,0.000,0.000,0.278,Frame_143,
15:13:08.190,-0.018,-1.553,0.000,0.000,0.269,Frame_143,
15:13:08.690,-0.018,-1.553,0.000,0.000,0.259,Frame_143,
15:13:09.190,-0.018,-1.553,0.191,-0.007,0.264,Frame_143,
15:13:09.690,-0.009,-1.569,0.276,-0.256,0.267,Frame_143,
15:13:10.190,0.008,-1.601,0.287,-0.360,0.257,Frame_144,
15:13:10.690,0.029,-1.645,0.320,-0.619,0.256,Frame_144,
15:13:11.190,0.046,-1.690,0.266,-0.721,0.257,Frame_144,
15:13:11.690,0.051,-1.709,0.257,-0.808,0.262,Frame_144,
15:13:12.190,0.060,-1.779,0.388,-0.683,0.283,Frame_144,
15:13:12.690,0.060,-1.826,0.480,-0.588,0.278,Frame_144,
15:13:13.190,0.051,-1.916,0.513,-0.547,0.282,Frame_145,
15:13:13.690,0.040,-1.976,0.515,-0.535,0.300,Frame_145,
15:13:14.190,0.018,-2.058,0.547,-0.501,0.319,Frame_145,
15:13:14.690,-0.007,-2.131,0.546,-0.444,0.343,Frame_145,
15:13:15.190,-0.046,-2.222,0.563,-0.378,0.407,Frame_145,
15:13:15.690,-0.082,-2.294,0.581,-0.273,0.468,Frame_145,
15:13:16.190,-0.121,-2.365,0.587,-0.231,0.504,Frame_146,
15:13:16.690,-0.156,-2.425,0.577,-0.149,0.542,Frame_146,
15:13:17.190,-0.211,-2.512,0.566,-0.117,0.639,Frame_146,
15:13:17.690,-0.236,-2.550,0.556,-0.056,0.667,Frame_146,
15:13:18.190,-0.303,-2.651,0.545,-0.040,0.756,Frame_146,
15:13:18.690,-0.339,-2.706,0.541,-0.003,0.765,Frame_146,
15:13:19.190,-0.387,-2.776,0.520,0.012,0.717,Frame_146,
15:13:19.690,-0.427,-2.836,0.508,0.065,0.712,Frame_147,
15:13:20.190,-0.466,-2.895,0.500,0.078,0.676,Frame_147,
15:13:20.690,-0.504,-2.954,0.500,0.129,0.670,Frame_147,
15:13:21.190,-0.546,-3.021,0.491,0.148,0.669,Frame_147,
15:13:21.690,-0.582,-3.084,0.418,0.459,0.672,Frame_147,
15:13:22.190,-0.609,-3.137,0.439,0.484,0.682,Frame_147,
15:13:22.690,-0.636,-3.203,0.480,0.360,0.690,Frame_147,
15:13:23.190,-0.656,-3.258,0.477,0.320,0.707,Frame_147,
15:13:23.692,-0.680,-3.339,0.449,0.242,0.712,Frame_148,
15:13:24.190,-0.693,-3.391,0.437,0.201,0.744,Frame_148,
15:13:24.690,-0.712,-3.473,0.399,0.135,0.728,Frame_148,
15:13:25.190,-0.724,-3.534,0.376,0.229,0.697,Frame_148,
15:13:25.690,-0.731,-3.577,0.362,0.533,0.693,Frame_148,
15:13:26.190,-0.736,-3.633,0.335,0.726,0.669,Frame_148,
15:13:26.690,-0.735,-3.685,0.306,0.837,0.640,Frame_149,
15:13:27.192,-0.726,-3.736,0.241,0.895,0.655,Frame_149,
15:13:27.690,-0.717,-3.766,0.192,0.906,0.671,Frame_149,
15:13:28.190,-0.705,-3.791,0.137,0.907,0.666,Frame_149,
15:13:28.690,-0.696,-3.806,0.092,0.897,0.685,Frame_149,
15:13:29.190,-0.688,-3.815,0.060,0.849,0.687,Frame_149,
15:13:29.690,-0.684,-3.818,-0.035,0.799,0.676,Frame_150,
15:13:30.190,-0.696,-3.810,-0.089,0.821,0.677,Frame_150,
15:13:30.690,-0.702,-3.807,-0.051,0.901,0.671,Frame_150,
15:13:31.190,-0.708,-3.805,-0.043,0.930,0.650,Frame_150,
15:13:31.690,-0.713,-3.803,-0.020,0.966,0.645,Frame_150,
15:13:32.190,-0.716,-3.803,-0.008,0.998,0.620,Frame_150,
15:13:32.690,-0.716,-3.803,0.008,1.027,0.630,Frame_150,
15:13:33.190,-0.711,-3.802,0.065,1.019,0.650,Frame_151,
15:13:33.690,-0.702,-3.798,0.126,1.034,0.650,Frame_151,
15:13:34.190,-0.678,-3.783,0.273,0.997,0.676,Frame_151,
15:13:34.690,-0.651,-3.761,0.397,0.917,0.715,Frame_151,
15:13:35.190,-0.599,-3.704,0.529,0.728,0.726,Frame_151,
15:13:35.690,-0.561,-3.652,0.560,0.675,0.756,Frame_151,
15:13:36.190,-0.515,-3.574,0.579,0.487,0.701,Frame_152,
15:13:36.690,-0.479,-3.500,0.584,0.386,0.655,Frame_152,
15:13:37.190,-0.442,-3.414,0.577,0.284,0.588,Frame_152,
15:13:37.690,-0.410,-3.327,0.575,0.217,0.511,Frame_152,
15:13:38.190,-0.381,-3.239,0.583,0.155,0.500,Frame_152,
15:13:38.690,-0.357,-3.161,0.580,0.105,0.468,Frame_152,
15:13:39.190,-0.332,-3.073,0.562,0.068,0.455,Frame_152,
15:13:39.692,-0.305,-2.975,0.564,0.035,0.454,Frame_153,
15:13:40.190,-0.286,-2.901,0.529,0.011,0.496,Frame_153,
15:13:40.690,-0.262,-2.810,0.511,-0.022,0.518,Frame_153,
15:13:41.190,-0.244,-2.743,0.495,-0.070,0.566,Frame_153,
15:13:41.690,-0.223,-2.668,0.470,-0.094,0.598,Frame_153,
15:13:42.190,-0.204,-2.605,0.471,-0.054,0.670,Frame_153,
15:13:42.690,-0.182,-2.533,0.467,-0.020,0.710,Frame_154,
15:13:43.190,-0.155,-2.445,0.448,-0.085,0.760,Frame_154,
15:13:43.690,-0.135,-2.386,0.443,-0.076,0.688,Frame_154,
15:13:44.190,-0.112,-2.319,0.452,-0.030,0.649,Frame_154,
15:13:44.690,-0.088,-2.251,0.464,-0.009,0.568,Frame_154,
15:13:45.190,-0.067,-2.189,0.482,0.066,0.540,Frame_154,
15:13:45.690,-0.036,-2.097,0.482,0.156,0.466,Frame_154,
15:13:46.191,-0.019,-2.044,0.464,0.295,0.395,Frame_155,
15:13:46.690,0.003,-1.961,0.493,0.411,0.369,Frame_155,
15:13:47.190,0.018,-1.881,0.523,0.448,0.322,Frame_155,
15:13:47.690,0.027,-1.806,0.553,0.472,0.297,Frame_155,
15:13:48.190,0.032,-1.718,0.563,0.474,0.278,Frame_155,
15:13:48.690,0.030,-1.629,0.536,0.466,0.284,Frame_155,
15:13:49.191,0.021,-1.542,0.579,0.356,0.289,Frame_156,
15:13:49.690,0.004,-1.438,0.585,0.249,0.317,Frame_156,
15:13:50.190,-0.017,-1.335,0.453,0.212,0.368,Frame_156,
15:13:50.690,-0.030,-1.283,0.015,0.304,0.425,Frame_156,
15:13:51.190,-0.026,-1.297,-0.208,0.273,0.415,Frame_156,
15:13:51.691,-0.012,-1.335,-0.231,0.263,0.384,Frame_156,
15:13:52.190,0.002,-1.367,-0.251,0.240,0.377,Frame_157,
15:13:52.690,0.022,-1.410,-0.294,0.350,0.395,Frame_157,
15:13:53.190,0.044,-1.451,-0.292,0.441,0.379,Frame_157,
15:13:53.690,0.071,-1.493,-0.236,0.579,0.383,Frame_157,
15:13:54.190,0.092,-1.520,-0.191,0.707,0.403,Frame_157,
15:13:54.690,0.113,-1.542,-0.143,0.760,0.420,Frame_157,
15:13:55.190,0.125,-1.552,-0.078,0.866,0.438,Frame_158,
15:13:55.690,0.135,-1.557,-0.047,0.909,0.467,Frame_158,
15:13:56.190,0.141,-1.560,-0.030,0.981,0.474,Frame_158,
15:13:56.690,0.149,-1.562,-0.058,1.042,0.486,Frame_158,
15:13:57.190,0.156,-1.563,-0.032,1.070,0.490,Frame_158,
15:13:57.690,0.159,-1.563,-0.007,1.101,0.507,Frame_158,
15:13:58.190,0.158,-1.563,0.040,1.112,0.505,Frame_159,
15:13:58.690,0.149,-1.568,0.084,1.072,0.503,Frame_159,
15:13:59.190,0.135,-1.580,0.210,1.000,0.495,Frame_159,
15:13:59.690,0.108,-1.609,0.319,0.917,0.451,Frame_159,
15:14:00.190,0.083,-1.644,0.430,0.783,0.435,Frame_159,
15:14:00.692,0.044,-1.715,0.494,0.659,0.365,Frame_159,
15:14:01.191,0.023,-1.764,0.663,0.739,0.325,Frame_160,
15:14:01.690,-0.002,-1.851,0.560,0.449,0.286,Frame_160,
15:14:02.190,-0.016,-1.916,0.555,0.276,0.271,Frame_160,
15:14:02.690,-0.031,-2.003,0.546,0.181,0.269,Frame_160,
15:14:03.190,-0.042,-2.079,0.546,0.084,0.297,Frame_160,
15:14:03.690,-0.054,-2.167,0.554,0.019,0.359,Frame_160,
15:14:04.191,-0.063,-2.244,0.542,-0.025,0.392,Frame_160,
15:14:04.690,-0.074,-2.330,0.536,-0.028,0.481,Frame_160,
15:14:05.190,-0.086,-2.414,0.530,-0.068,0.588,Frame_161,
15:14:05.690,-0.099,-2.508,0.527,-0.070,0.645,Frame_161,
15:14:06.190,-0.109,-2.571,0.538,-0.062,0.733,Frame_161,
15:14:06.690,-0.124,-2.666,0.526,-0.056,0.749,Frame_161,
15:14:07.190,-0.135,-2.729,0.543,-0.019,0.702,Frame_161,
15:14:07.690,-0.150,-2.814,0.532,-0.023,0.599,Frame_161,
15:14:08.190,-0.163,-2.885,0.504,-0.021,0.570,Frame_162,
15:14:08.690,-0.179,-2.975,0.516,0.037,0.475,Frame_162,
15:14:09.190,-0.192,-3.047,0.517,0.085,0.400,Frame_162,
15:14:09.690,-0.203,-3.120,0.530,0.188,0.377,Frame_162,
15:14:10.190,-0.215,-3.202,0.515,0.248,0.318,Frame_162,
15:14:10.690,-0.223,-3.287,0.522,0.306,0.301,Frame_162,
15:14:11.190,-0.226,-3.360,0.539,0.301,0.296,Frame_163,
15:14:11.691,-0.227,-3.446,0.533,0.288,0.293,Frame_163,
15:14:12.190,-0.224,-3.520,0.533,0.288,0.322,Frame_163,
15:14:12.690,-0.217,-3.604,0.543,0.204,0.325,Frame_163,
15:14:13.190,-0.208,-3.681,0.551,0.158,0.337,Frame_163,
15:14:13.690,-0.199,-3.746,0.556,0.127,0.342,Frame_163,
15:14:14.190,-0.187,-3.822,0.551,0.099,0.349,Frame_163,
15:14:14.690,-0.172,-3.910,0.558,0.066,0.360,Frame_164,
15:14:15.191,-0.154,-4.008,0.558,0.058,0.370,Frame_164,
15:14:15.690,-0.137,-4.095,0.557,0.033,0.378,Frame_164,
15:14:16.190,-0.115,-4.205,0.550,0.025,0.376,Frame_164,
15:14:16.690,-0.093,-4.311,0.536,-0.005,0.376,Frame_164,
15:14:17.190,-0.074,-4.406,0.534,0.002,0.382,Frame_165,
15:14:17.690,-0.059,-4.478,0.520,-0.027,0.377,Frame_165,
15:14:18.190,-0.039,-4.577,0.494,-0.028,0.379,Frame_165,
15:14:18.690,-0.022,-4.660,0.447,-0.065,0.390,Frame_165,
15:14:19.190,-0.009,-4.728,0.404,-0.126,0.392,Frame_165,
15:14:19.690,-0.000,-4.783,0.371,-0.121,0.388,Frame_165,
15:14:20.190,0.006,-4.821,-0.023,-0.278,0.396,Frame_166,
15:14:20.690,0.004,-4.810,-0.121,-0.400,0.394,Frame_166,
15:14:21.190,0.003,-4.793,-0.133,-0.533,0.389,Frame_166,
15:14:21.690,0.004,-4.770,-0.145,-0.691,0.379,Frame_166,
15:14:22.190,0.006,-4.751,-0.126,-0.776,0.361,Frame_166,
15:14:22.690,0.011,-4.732,-0.104,-0.844,0.356,Frame_166,
15:14:23.190,0.016,-4.719,-0.096,-0.893,0.339,Frame_166,
15:14:23.690,0.022,-4.708,-0.069,-0.940,0.318,Frame_167,
15:14:24.190,0.026,-4.702,-0.065,-0.994,0.315,Frame_167,
15:14:24.690,0.031,-4.696,-0.042,-1.035,0.303,Frame_167,
15:14:25.190,0.035,-4.692,-0.035,-1.071,0.295,Frame_167,
15:14:25.690,0.038,-4.691,-0.017,-1.120,0.285,Frame_167,
15:14:26.190,0.040,-4.690,-0.002,-1.146,0.283,Frame_167,
15:14:26.690,0.038,-4.690,0.023,-1.187,0.288,Frame_167,
15:14:27.190,0.035,-4.690,0.036,-1.174,0.299,Frame_168,
15:14:27.690,0.027,-4.688,0.065,-1.127,0.296,Frame_168,
15:14:28.190,0.019,-4.685,0.087,-1.120,0.306,Frame_168,
15:14:28.690,0.006,-4.677,0.146,-1.098,0.332,Frame_168,
15:14:29.190,-0.014,-4.660,0.302,-0.975,0.347,Frame_168,
15:14:29.690,-0.053,-4.615,0.409,-0.897,0.384,Frame_168,
15:14:30.190,-0.086,-4.563,0.479,-0.750,0.404,Frame_168,
15:14:30.690,-0.122,-4.492,0.525,-0.608,0.447,Frame_169,
15:14:31.190,-0.153,-4.411,0.555,-0.480,0.476,Frame_169,
15:14:31.690,-0.178,-4.326,0.548,-0.391,0.490,Frame_169,
15:14:32.194,-0.202,-4.219,0.545,-0.247,0.493,Frame_169,
15:14:32.690,-0.218,-4.122,0.545,-0.187,0.502,Frame_169,
15:14:33.193,-0.230,-4.035,0.556,-0.196,0.492,Frame_169,
15:14:33.690,-0.239,-3.946,0.555,-0.145,0.495,Frame_170,
15:14:34.190,-0.245,-3.868,0.545,-0.134,0.464,Frame_170,
15:14:34.690,-0.249,-3.803,0.555,-0.128,0.463,Frame_170,
15:14:35.190,-0.252,-3.736,0.546,-0.110,0.468,Frame_170,
15:14:35.690,-0.255,-3.637,0.543,-0.099,0.448,Frame_170,
15:14:36.190,-0.256,-3.540,0.550,-0.105,0.421,Frame_170,
15:14:36.690,-0.256,-3.450,0.561,-0.138,0.414,Frame_170,
15:14:37.190,-0.256,-3.428,0.562,-0.167,0.384,Frame_171,
15:14:37.690,-0.250,-3.282,0.568,-0.184,0.381,Frame_171,
15:14:38.193,-0.240,-3.170,0.562,-0.196,0.367,Frame_171,
15:14:38.690,-0.233,-3.104,0.556,-0.197,0.370,Frame_171,
15:14:39.190,-0.219,-3.008,0.524,-0.219,0.382,Frame_171,
15:14:39.692,-0.202,-2.916,0.511,-0.201,0.437,Frame_171,
15:14:40.190,-0.187,-2.846,0.509,-0.186,0.457,Frame_172,
15:14:40.690,-0.167,-2.766,0.511,-0.111,0.510,Frame_172,
15:14:41.190,-0.146,-2.689,0.499,-0.095,0.596,Frame_172,
15:14:41.690,-0.125,-2.614,0.484,-0.054,0.623,Frame_172,
15:14:42.190,-0.106,-2.550,0.480,-0.051,0.700,Frame_172,
15:14:42.692,-0.084,-2.477,0.476,-0.027,0.725,Frame_172,
15:14:43.190,-0.059,-2.396,0.464,-0.028,0.718,Frame_173,
15:14:43.690,-0.037,-2.324,0.472,0.003,0.639,Frame_173,
15:14:44.190,-0.014,-2.252,0.481,0.030,0.603,Frame_173,
15:14:44.690,0.011,-2.169,0.484,0.077,0.519,Frame_173,
15:14:45.190,0.027,-2.114,0.489,0.138,0.481,Frame_173,
15:14:45.693,0.048,-2.040,0.494,0.181,0.414,Frame_173,
15:14:46.190,0.064,-1.973,0.492,0.266,0.388,Frame_174,
15:14:46.690,0.083,-1.875,0.500,0.381,0.337,Frame_174,
15:14:47.190,0.092,-1.812,0.566,0.431,0.308,Frame_174,
15:14:47.690,0.099,-1.714,0.528,0.506,0.290,Frame_174,
15:14:48.192,0.098,-1.628,0.535,0.506,0.283,Frame_174,
15:14:48.690,0.089,-1.540,0.587,0.387,0.295,Frame_174,
15:14:49.190,0.077,-1.459,0.587,0.276,0.322,Frame_175,
15:14:49.690,0.050,-1.333,0.587,0.168,0.369,Frame_175,
15:14:50.193,0.025,-1.230,0.589,0.127,0.404,Frame_175,
15:14:50.690,-0.003,-1.128,0.589,0.044,0.515,Frame_175,
15:14:51.193,-0.029,-1.036,0.615,0.034,0.556,Frame_175,
15:14:51.690,-0.060,-0.930,0.600,0.070,0.656,Frame_175,
15:14:52.190,-0.087,-0.839,0.596,0.101,0.759,Frame_176,
15:14:52.690,-0.116,-0.748,0.597,0.064,0.820,Frame_176,
15:14:53.190,-0.150,-0.644,0.609,0.016,0.916,Frame_176,
15:14:53.690,-0.173,-0.576,0.586,0.035,0.981,Frame_176,
15:14:54.190,-0.211,-0.465,0.594,-0.019,1.078,Frame_176,
15:14:54.690,-0.238,-0.385,0.606,-0.005,1.197,Frame_176,
15:14:55.190,-0.268,-0.295,0.597,0.044,1.244,Frame_177,
15:14:55.690,-0.298,-0.204,0.596,0.049,1.216,Frame_177,
15:14:56.190,-0.326,-0.125,0.596,-0.006,1.115,Frame_177,
15:14:56.690,-0.364,-0.012,0.609,0.023,1.081,Frame_177,
15:14:57.190,-0.392,0.068,0.606,0.066,0.986,Frame_177,
15:14:57.690,-0.425,0.158,0.594,0.084,0.922,Frame_177,
15:14:58.194,-0.467,0.270,0.612,0.020,0.860,Frame_178,
15:14:58.690,-0.497,0.350,0.609,0.039,0.810,Frame_178,
15:14:59.190,-0.532,0.441,0.606,0.048,0.789,Frame_178,
15:14:59.690,-0.571,0.542,0.617,0.064,0.741,Frame_178,
15:15:00.190,-0.613,0.645,0.615,0.111,0.713,Frame_178,
15:15:00.690,-0.647,0.724,0.601,0.111,0.709,Frame_178,
15:15:01.190,-0.691,0.823,0.616,0.042,0.724,Frame_179,
15:15:01.690,-0.732,0.912,0.620,0.057,0.749,Frame_179,
15:15:02.190,-0.773,1.002,0.613,0.054,0.774,Frame_179,
15:15:02.690,-0.820,1.100,0.599,0.077,0.782,Frame_179,
15:15:03.190,-0.857,1.174,0.580,0.081,0.836,Frame_179,
15:15:03.690,-0.899,1.257,0.593,0.086,0.864,Frame_179,
15:15:04.190,-0.937,1.331,0.587,0.083,0.928,Frame_179,
15:15:04.690,-0.981,1.414,0.586,0.059,0.885,Frame_180,
15:15:05.190,-1.015,1.474,0.566,0.024,0.815,Frame_180,
15:15:05.690,-1.059,1.554,0.577,0.026,0.722,Frame_180,
15:15:06.190,-1.098,1.625,0.576,0.034,0.624,Frame_180,
15:15:06.690,-1.155,1.725,0.565,0.022,0.576,Frame_180,
15:15:07.190,-1.194,1.794,0.570,-0.011,0.480,Frame_180,
15:15:07.690,-1.240,1.874,0.581,-0.048,0.446,Frame_181,
15:15:08.190,-1.268,1.925,0.575,-0.067,0.373,Frame_181,
15:15:08.690,-1.313,2.007,0.599,-0.121,0.356,Frame_181,
15:15:09.191,-1.357,2.091,0.586,-0.144,0.328,Frame_181,
15:15:09.690,-1.394,2.164,0.589,-0.163,0.313,Frame_181,
15:15:10.190,-1.429,2.239,0.593,-0.187,0.322,Frame_181,
15:15:10.690,-1.471,2.336,0.586,-0.199,0.346,Frame_181,
15:15:11.190,-1.501,2.411,0.582,-0.130,0.354,Frame_182,
15:15:11.690,-1.534,2.498,0.589,-0.061,0.385,Frame_182,
15:15:12.190,-1.563,2.576,0.597,-0.052,0.399,Frame_182,
15:15:12.690,-1.595,2.666,0.602,-0.059,0.401,Frame_182,
15:15:13.190,-1.623,2.746,0.599,-0.021,0.413,Frame_182,
15:15:13.690,-1.654,2.837,0.601,0.010,0.430,Frame_182,
15:15:14.190,-1.682,2.917,0.597,0.056,0.442,Frame_182,
15:15:14.690,-1.714,3.008,0.602,-0.005,0.459,Frame_183,
15:15:15.190,-1.745,3.099,0.599,0.037,0.473,Frame_183,
15:15:15.690,-1.778,3.189,0.608,0.037,0.482,Frame_183,
15:15:16.190,-1.807,3.270,0.608,0.049,0.497,Frame_183,
15:15:16.690,-1.840,3.358,0.577,0.011,0.506,Frame_183,
15:15:17.190,-1.872,3.444,0.568,0.031,0.516,Frame_183,
15:15:17.690,-1.900,3.518,0.545,0.056,0.530,Frame_184,
15:15:18.190,-1.939,3.617,0.533,0.060,0.537,Frame_184,
15:15:18.690,-1.962,3.676,0.535,0.043,0.561,Frame_184,
15:15:19.190,-1.999,3.766,0.532,0.026,0.561,Frame_184,
15:15:19.690,-2.023,3.824,0.516,0.022,0.589,Frame_184,
15:15:20.190,-2.059,3.909,0.495,0.090,0.591,Frame_184,
15:15:20.690,-2.082,3.963,0.472,0.091,0.603,Frame_184,
15:15:21.192,-2.112,4.032,0.469,0.059,0.626,Frame_185,
15:15:21.690,-2.136,4.085,0.489,-0.017,0.639,Frame_185,
15:15:22.190,-2.172,4.164,0.482,-0.039,0.661,Frame_185,
15:15:22.690,-2.196,4.217,0.472,-0.056,0.662,Frame_185,
15:15:23.190,-2.228,4.293,0.444,-0.235,0.687,Frame_185,
15:15:23.690,-2.251,4.352,0.472,-0.277,0.694,Frame_185,
15:15:24.190,-2.277,4.425,0.496,-0.185,0.711,Frame_186,
15:15:24.690,-2.294,4.481,0.479,-0.150,0.729,Frame_186,
15:15:25.192,-2.318,4.563,0.450,-0.119,0.735,Frame_186,
15:15:25.690,-2.334,4.621,0.413,-0.103,0.736,Frame_186,
15:15:26.190,-2.351,4.691,0.386,-0.073,0.733,Frame_186,
15:15:26.690,-2.368,4.763,0.355,-0.147,0.722,Frame_186,
15:15:27.193,-2.382,4.833,0.369,-0.462,0.719,Frame_187,
15:15:27.693,-2.389,4.883,0.353,-0.586,0.722,Frame_187,
15:15:28.190,-2.392,4.940,0.351,-0.700,0.717,Frame_187,
15:15:28.690,-2.388,4.993,0.307,-0.728,0.720,Frame_187,
15:15:29.190,-2.381,5.033,0.257,-0.747,0.721,Frame_187,
15:15:29.690,-2.372,5.065,0.217,-0.747,0.730,Frame_187,
15:15:30.190,-2.360,5.094,-0.006,-0.707,0.715,Frame_187,
15:15:30.690,-2.366,5.084,-0.160,-0.687,0.718,Frame_188,
15:15:31.190,-2.378,5.067,-0.115,-0.807,0.735,Frame_188,
15:15:31.690,-2.385,5.059,-0.040,-0.863,0.722,Frame_188,
15:15:32.190,-2.389,5.055,-0.028,-0.939,0.701,Frame_188,
15:15:32.690,-2.391,5.054,-0.003,-1.065,0.704,Frame_188,
15:15:33.191,-2.390,5.054,0.018,-1.132,0.700,Frame_188,
15:15:33.690,-2.387,5.054,0.028,-1.163,0.700,Frame_188,
15:15:34.190,-2.381,5.055,0.050,-1.202,0.712,Frame_189,
15:15:34.690,-2.371,5.054,0.107,-1.167,0.719,Frame_189,
15:15:35.194,-2.348,5.047,0.251,-1.133,0.733,Frame_189,
15:15:35.690,-2.318,5.034,0.422,-1.036,0.704,Frame_189,
15:15:36.190,-2.254,4.991,0.530,-0.904,0.645,Frame_189,
15:15:36.690,-2.198,4.941,0.550,-0.766,0.562,Frame_189,
15:15:37.190,-2.133,4.867,0.533,-0.666,0.527,Frame_190,
15:15:37.691,-2.088,4.802,0.489,-0.698,0.488,Frame_190,
15:15:38.190,-2.056,4.741,0.504,-0.580,0.440,Frame_190,
15:15:38.690,-2.016,4.645,0.535,-0.399,0.413,Frame_190,
15:15:39.190,-1.993,4.573,0.547,-0.300,0.407,Frame_190,
15:15:39.690,-1.969,4.488,0.560,-0.188,0.397,Frame_190,
15:15:40.190,-1.945,4.391,0.560,-0.168,0.382,Frame_191,
15:15:40.690,-1.921,4.281,0.555,-0.080,0.382,Frame_191,
15:15:41.190,-1.898,4.159,0.573,-0.019,0.377,Frame_191,
15:15:41.690,-1.879,4.059,0.564,-0.012,0.374,Frame_191,
15:15:42.191,-1.859,3.949,0.566,-0.012,0.371,Frame_191,
15:15:42.690,-1.838,3.838,0.565,0.004,0.365,Frame_192,
15:15:43.190,-1.820,3.740,0.550,0.009,0.384,Frame_192,
15:15:43.692,-1.802,3.641,0.552,-0.014,0.383,Frame_192,
15:15:44.190,-1.784,3.545,0.542,-0.003,0.381,Frame_192,
15:15:44.690,-1.764,3.436,0.556,0.015,0.383,Frame_192,
15:15:45.190,-1.745,3.337,0.554,0.008,0.384,Frame_192,
15:15:45.690,-1.730,3.257,0.243,0.058,0.381,Frame_193,
15:15:46.191,-1.721,3.214,0.166,0.045,0.376,Frame_193,
15:15:46.690,-1.715,3.185,0.160,0.026,0.374,Frame_193,
15:15:47.190,-1.708,3.152,0.154,0.006,0.387,Frame_193,
15:15:47.690,-1.701,3.123,0.151,0.003,0.379,Frame_193,
15:15:48.190,-1.695,3.094,0.148,-0.011,0.378,Frame_194,
15:15:48.690,-1.688,3.064,0.150,-0.008,0.378,Frame_194,
15:15:49.190,-1.683,3.039,0.130,-0.009,0.382,Frame_194,
15:15:49.690,-1.677,3.012,0.185,-0.026,0.379,Frame_194,
15:15:50.191,-1.668,2.969,0.392,-0.033,0.378,Frame_194,
15:15:50.693,-1.651,2.886,0.505,-0.031,0.386,Frame_195,
15:15:51.190,-1.631,2.784,0.534,-0.019,0.371,Frame_195,
15:15:51.690,-1.610,2.678,0.544,-0.014,0.373,Frame_195,
15:15:52.190,-1.588,2.560,0.569,0.023,0.362,Frame_195,
15:15:52.690,-1.569,2.459,0.564,0.045,0.372,Frame_195,
15:15:53.190,-1.548,2.360,0.559,0.062,0.386,Frame_196,
15:15:53.690,-1.525,2.249,0.572,0.054,0.375,Frame_196,
15:15:54.190,-1.500,2.138,0.568,0.039,0.375,Frame_196,
15:15:54.690,-1.474,2.027,0.580,0.038,0.379,Frame_196,
15:15:55.190,-1.450,1.925,0.583,0.037,0.373,Frame_196,
15:15:55.691,-1.422,1.814,0.561,0.061,0.416,Frame_197,
15:15:56.190,-1.397,1.715,0.580,0.128,0.480,Frame_197,
15:15:56.690,-1.372,1.626,0.581,0.092,0.485,Frame_197,
15:15:57.190,-1.345,1.538,0.568,0.042,0.588,Frame_197,
15:15:57.690,-1.321,1.460,0.583,0.051,0.666,Frame_197,
15:15:58.190,-1.286,1.349,0.585,-0.015,0.706,Frame_197,
15:15:58.690,-1.262,1.270,0.589,-0.013,0.827,Frame_198,
15:15:59.190,-1.234,1.179,0.607,0.039,0.878,Frame_198,
15:15:59.690,-1.201,1.076,0.605,0.030,0.988,Frame_198,
15:16:00.190,-1.175,0.996,0.596,0.002,1.043,Frame_198,
15:16:00.690,-1.142,0.893,0.600,0.029,1.120,Frame_198,
15:16:01.190,-1.109,0.793,0.575,0.054,1.087,Frame_198,
15:16:01.690,-1.083,0.714,0.594,0.066,1.077,Frame_199,
15:16:02.190,-1.048,0.613,0.597,0.000,1.047,Frame_199,
15:16:02.690,-1.021,0.535,0.599,0.025,1.051,Frame_199,
15:16:03.190,-0.989,0.444,0.588,0.038,1.049,Frame_199,
15:16:03.691,-0.952,0.343,0.603,0.056,1.045,Frame_199,
15:16:04.190,-0.919,0.253,0.596,-0.005,1.040,Frame_199,
15:16:04.690,-0.886,0.163,0.600,-0.016,1.061,Frame_200,
15:16:05.190,-0.853,0.071,0.614,0.025,1.091,Frame_200,
15:16:05.690,-0.819,-0.020,0.609,0.043,1.111,Frame_200,
15:16:06.192,-0.780,-0.123,0.600,0.067,1.156,Frame_200,
15:16:06.690,-0.750,-0.200,0.599,0.070,1.208,Frame_200,
15:16:07.190,-0.714,-0.290,0.600,0.031,1.216,Frame_200,
15:16:07.690,-0.678,-0.379,0.606,0.037,1.313,Frame_201,
15:16:08.190,-0.645,-0.457,0.580,0.030,1.344,Frame_201,
15:16:08.690,-0.600,-0.565,0.575,0.068,1.288,Frame_201,
15:16:09.190,-0.563,-0.648,0.561,0.075,1.170,Frame_201,
15:16:09.690,-0.531,-0.719,0.544,0.082,1.113,Frame_201,
15:16:10.190,-0.495,-0.797,0.539,0.086,1.007,Frame_201,
15:16:10.692,-0.463,-0.863,0.512,0.076,0.964,Frame_201,
15:16:11.190,-0.423,-0.945,0.500,0.073,0.856,Frame_202,
15:16:11.690,-0.391,-1.007,0.498,0.084,0.829,Frame_202,
15:16:12.190,-0.350,-1.086,0.503,0.044,0.729,Frame_202,
15:16:12.690,-0.316,-1.149,0.508,0.037,0.626,Frame_202,
15:16:13.190,-0.277,-1.220,0.513,-0.004,0.594,Frame_202,
15:16:13.690,-0.233,-1.301,0.515,-0.076,0.510,Frame_202,
15:16:14.190,-0.195,-1.373,0.515,-0.160,0.432,Frame_203,
15:16:14.690,-0.159,-1.446,0.493,-0.248,0.399,Frame_203,
15:16:15.190,-0.125,-1.519,0.532,-0.262,0.334,Frame_203,
15:16:15.690,-0.097,-1.588,0.525,-0.326,0.278,Frame_203,
15:16:16.191,-0.069,-1.667,0.516,-0.441,0.280,Frame_203,
15:16:16.690,-0.050,-1.733,0.454,-0.531,0.281,Frame_203,
15:16:17.190,-0.033,-1.824,0.478,-0.528,0.292,Frame_204,
15:16:17.690,-0.026,-1.902,0.504,-0.483,0.290,Frame_204,
15:16:18.190,-0.024,-1.983,0.511,-0.431,0.332,Frame_204,
15:16:18.690,-0.029,-2.066,0.532,-0.366,0.347,Frame_204,
15:16:19.190,-0.037,-2.140,0.528,-0.317,0.385,Frame_204,
15:16:19.690,-0.044,-2.191,0.126,-0.378,0.425,Frame_204,
15:16:20.190,-0.043,-2.184,-0.159,-0.402,0.450,Frame_204,
15:16:20.692,-0.033,-2.147,-0.282,-0.404,0.440,Frame_205,
15:16:21.190,-0.018,-2.104,-0.271,-0.483,0.423,Frame_205,
15:16:21.690,-0.003,-2.068,-0.215,-0.575,0.415,Frame_205,
15:16:22.190,0.010,-2.043,-0.140,-0.627,0.424,Frame_205,
15:16:22.690,0.023,-2.024,-0.140,-0.683,0.428,Frame_205,
15:16:23.190,0.034,-2.011,-0.117,-0.710,0.454,Frame_205,
15:16:23.690,0.048,-1.997,-0.098,-0.681,0.443,Frame_206,
15:16:24.190,0.056,-1.991,-0.073,-0.655,0.467,Frame_206,
15:16:24.690,0.068,-1.983,-0.063,-0.637,0.473,Frame_206,
15:16:25.190,0.075,-1.979,-0.044,-0.614,0.480,Frame_206,
15:16:25.690,0.081,-1.978,-0.038,-0.572,0.499,Frame_206,
15:16:26.190,0.087,-1.976,-0.038,-0.560,0.506,Frame_206,
15:16:26.690,0.092,-1.975,-0.014,-0.540,0.496,Frame_207,
15:16:27.190,0.093,-1.975,0.006,-0.498,0.512,Frame_207,
15:16:27.690,0.092,-1.975,-0.000,-0.515,0.535,Frame_207,
15:16:28.190,0.092,-1.975,0.005,-0.563,0.517,Frame_207,
15:16:28.690,0.091,-1.974,0.009,-0.689,0.511,Frame_207,
15:16:29.191,0.089,-1.974,0.016,-0.757,0.510,Frame_207,
15:16:29.690,0.087,-1.973,-0.094,-0.639,0.525,Frame_207,
15:16:30.190,0.100,-1.980,-0.110,-0.296,0.520,Frame_208,
15:16:30.690,0.114,-1.989,-0.112,0.070,0.527,Frame_208,
15:16:31.190,0.126,-1.996,-0.073,0.336,0.553,Frame_208,
15:16:31.690,0.131,-1.999,-0.027,0.563,0.576,Frame_208,
15:16:32.190,0.135,-2.001,-0.026,0.775,0.553,Frame_208,
15:16:32.691,0.139,-2.002,-0.016,0.879,0.566,Frame_208,
15:16:33.190,0.139,-2.002,0.011,0.959,0.587,Frame_208,
15:16:33.692,0.137,-2.002,0.030,1.025,0.576,Frame_209,
15:16:34.190,0.129,-2.003,0.062,1.058,0.564,Frame_209,
15:16:34.690,0.115,-2.008,0.140,1.061,0.552,Frame_209,
15:16:35.190,0.088,-2.023,0.334,0.951,0.539,Frame_209,
15:16:35.690,0.051,-2.053,0.443,0.870,0.477,Frame_209,
15:16:36.190,-0.001,-2.106,0.552,0.723,0.462,Frame_209,
15:16:36.692,-0.049,-2.166,0.563,0.635,0.450,Frame_210,
15:16:37.190,-0.098,-2.242,0.575,0.469,0.447,Frame_210,
15:16:37.690,-0.142,-2.324,0.587,0.411,0.494,Frame_210,
15:16:38.190,-0.176,-2.398,0.579,0.317,0.521,Frame_210,
15:16:38.690,-0.203,-2.463,0.587,0.272,0.596,Frame_210,
15:16:39.190,-0.238,-2.561,0.580,0.222,0.640,Frame_210,
15:16:39.690,-0.266,-2.649,0.577,0.200,0.739,Frame_211,
15:16:40.190,-0.291,-2.737,0.559,0.186,0.738,Frame_211,
15:16:40.690,-0.310,-2.811,0.539,0.186,0.658,Frame_211,
15:16:41.190,-0.327,-2.885,0.551,0.194,0.610,Frame_211,
15:16:41.690,-0.343,-2.971,0.532,0.192,0.530,Frame_211,
15:16:42.190,-0.356,-3.045,0.535,0.221,0.503,Frame_211,
15:16:42.690,-0.367,-3.129,0.529,0.226,0.446,Frame_211,
15:16:43.190,-0.374,-3.202,0.509,0.319,0.421,Frame_212,
15:16:43.690,-0.379,-3.295,0.515,0.387,0.383,Frame_212,
15:16:44.190,-0.378,-3.367,0.533,0.329,0.363,Frame_212,
15:16:44.691,-0.374,-3.453,0.540,0.307,0.356,Frame_212,
15:16:45.190,-0.367,-3.518,0.562,0.247,0.338,Frame_212,
15:16:45.690,-0.353,-3.618,0.564,0.192,0.363,Frame_212,
15:16:46.190,-0.337,-3.707,0.565,0.155,0.376,Frame_212,
15:16:46.690,-0.320,-3.794,0.545,0.106,0.368,Frame_213,
15:16:47.190,-0.297,-3.900,0.535,0.031,0.373,Frame_213,
15:16:47.690,-0.273,-4.003,0.524,0.002,0.369,Frame_213,
15:16:48.190,-0.254,-4.084,0.504,-0.005,0.372,Frame_213,
15:16:48.693,-0.232,-4.181,0.493,0.015,0.370,Frame_213,
15:16:49.190,-0.214,-4.256,0.466,0.026,0.365,Frame_214,
15:16:49.690,-0.196,-4.335,0.444,0.025,0.365,Frame_214,
15:16:50.190,-0.175,-4.420,0.437,0.012,0.374,Frame_214,
15:16:50.694,-0.157,-4.496,0.422,0.007,0.354,Frame_214,
15:16:51.190,-0.139,-4.566,0.398,0.025,0.364,Frame_214,
15:16:51.691,-0.124,-4.627,0.378,0.073,0.367,Frame_214,
15:16:52.190,-0.107,-4.691,0.347,0.007,0.352,Frame_215,
15:16:52.690,-0.090,-4.756,0.310,0.008,0.353,Frame_215,
15:16:53.190,-0.077,-4.808,0.297,0.027,0.354,Frame_215,
15:16:53.690,-0.064,-4.854,0.284,0.063,0.356,Frame_215,
15:16:54.190,-0.052,-4.897,0.280,0.086,0.352,Frame_215,
15:16:54.691,-0.041,-4.936,0.286,0.128,0.347,Frame_215,
15:16:55.190,-0.027,-4.979,0.264,0.155,0.345,Frame_216,
15:16:55.692,-0.016,-5.013,0.246,0.176,0.339,Frame_216,
15:16:56.190,-0.002,-5.049,0.219,0.229,0.342,Frame_216,
15:16:56.690,0.010,-5.079,0.186,0.254,0.336,Frame_216,
15:16:57.190,0.020,-5.103,0.188,0.271,0.337,Frame_216,
15:16:57.690,0.032,-5.126,0.181,0.261,0.335,Frame_216,
15:16:58.190,0.046,-5.151,0.173,0.279,0.334,Frame_217,
15:16:58.690,0.058,-5.171,0.156,0.270,0.329,Frame_217,
15:16:59.190,0.072,-5.192,0.130,0.333,0.335,Frame_217,
15:16:59.690,0.075,-5.197,-0.099,0.117,0.351,Frame_217,
15:17:00.190,0.062,-5.180,-0.165,-0.040,0.360,Frame_217,
15:17:00.690,0.049,-5.162,-0.203,-0.116,0.357,Frame_217,
15:17:01.190,0.029,-5.135,-0.213,-0.328,0.360,Frame_217,
15:17:01.690,0.013,-5.111,-0.180,-0.498,0.353,Frame_218,
15:17:02.190,0.002,-5.092,-0.144,-0.620,0.346,Frame_218,
15:17:02.690,-0.005,-5.076,-0.031,-0.786,0.348,Frame_218,
15:17:03.190,-0.007,-5.073,-0.013,-0.925,0.332,Frame_218,
15:17:03.691,-0.007,-5.068,-0.029,-1.001,0.341,Frame_218,
15:17:04.190,-0.007,-5.065,-0.012,-1.069,0.326,Frame_218,
15:17:04.692,-0.007,-5.064,0.003,-1.124,0.324,Frame_218,
15:17:05.190,-0.008,-5.065,0.018,-1.146,0.307,Frame_219,
15:17:05.690,-0.009,-5.067,0.030,-1.131,0.308,Frame_219,
15:17:06.190,-0.013,-5.073,0.055,-1.148,0.298,Frame_219,
15:17:06.690,-0.019,-5.078,0.095,-1.096,0.298,Frame_219,
15:17:07.190,-0.031,-5.087,0.138,-1.074,0.316,Frame_219,
15:17:07.690,-0.056,-5.099,0.259,-0.928,0.321,Frame_219,
15:17:08.190,-0.092,-5.110,0.308,-0.852,0.366,Frame_219,
15:17:08.690,-0.158,-5.121,0.371,-0.665,0.433,Frame_220,
15:17:09.190,-0.218,-5.124,0.380,-0.550,0.491,Frame_220,
15:17:09.690,-0.271,-5.121,0.369,-0.501,0.553,Frame_220,
15:17:10.190,-0.331,-5.114,0.373,-0.392,0.585,Frame_220,
15:17:10.693,-0.390,-5.103,0.385,-0.303,0.661,Frame_220,
15:17:11.190,-0.449,-5.089,0.364,-0.206,0.724,Frame_220,
15:17:11.690,-0.512,-5.072,0.362,-0.145,0.712,Frame_221,
15:17:12.192,-0.566,-5.055,0.341,-0.164,0.646,Frame_221,
15:17:12.694,-0.609,-5.041,0.286,-0.180,0.615,Frame_221,
15:17:13.190,-0.656,-5.024,0.262,-0.130,0.574,Frame_221,
15:17:13.690,-0.689,-5.011,0.248,-0.022,0.552,Frame_221,
15:17:14.190,-0.726,-4.996,0.259,0.055,0.503,Frame_221,
15:17:14.690,-0.764,-4.981,0.245,0.050,0.466,Frame_222,
15:17:15.190,-0.800,-4.968,0.233,-0.025,0.460,Frame_222,
15:17:15.692,-0.830,-4.957,0.216,-0.020,0.425,Frame_222,
15:17:16.190,-0.861,-4.944,0.198,0.021,0.407,Frame_222,
15:17:16.690,-0.889,-4.934,0.189,0.027,0.390,Frame_222,
15:17:17.190,-0.915,-4.924,0.199,0.066,0.367,Frame_222,
15:17:17.690,-0.948,-4.912,0.202,0.121,0.346,Frame_223,
15:17:18.190,-0.978,-4.902,0.189,0.148,0.328,Frame_223,
15:17:18.690,-1.007,-4.893,0.190,0.212,0.324,Frame_223,
15:17:19.190,-1.037,-4.884,0.198,0.263,0.320,Frame_223,
15:17:19.690,-1.065,-4.877,0.214,0.310,0.315,Frame_223,
15:17:20.190,-1.069,-4.876,-0.099,-0.136,0.309,Frame_223,
15:17:20.690,-1.057,-4.879,-0.088,-0.317,0.308,Frame_223,
15:17:21.190,-1.047,-4.882,0.015,-0.615,0.308,Frame_224,
15:17:21.690,-1.049,-4.881,0.018,-0.782,0.307,Frame_224,
15:17:22.192,-1.052,-4.879,0.031,-0.920,0.311,Frame_224,
15:17:22.690,-1.056,-4.876,0.050,-0.993,0.299,Frame_224,
15:17:23.190,-1.061,-4.872,0.070,-1.013,0.273,Frame_224,
15:17:23.690,-1.069,-4.861,0.106,-1.005,0.276,Frame_224,
15:17:24.190,-1.081,-4.838,0.195,-1.007,0.280,Frame_225,
15:17:24.690,-1.091,-4.807,0.315,-0.939,0.289,Frame_225,
15:17:25.190,-1.102,-4.737,0.436,-0.764,0.346,Frame_225,
15:17:25.690,-1.102,-4.654,0.506,-0.649,0.420,Frame_225,
15:17:26.190,-1.096,-4.591,0.574,-0.425,0.476,Frame_225,
15:17:26.690,-1.080,-4.488,0.585,-0.358,0.488,Frame_225,
15:17:27.190,-1.062,-4.408,0.595,-0.242,0.469,Frame_226,
15:17:27.690,-1.035,-4.306,0.581,-0.311,0.494,Frame_226,
15:17:28.191,-1.010,-4.228,0.598,-0.209,0.530,Frame_226,
15:17:28.690,-0.978,-4.137,0.597,-0.136,0.599,Frame_226,
15:17:29.190,-0.944,-4.047,0.611,-0.073,0.654,Frame_226,
15:17:29.690,-0.903,-3.944,0.610,-0.062,0.628,Frame_226,
15:17:30.190,-0.870,-3.863,0.283,0.107,0.602,Frame_227,
15:17:30.690,-0.867,-3.854,-0.116,0.172,0.578,Frame_227,
15:17:31.190,-0.876,-3.879,-0.179,0.272,0.591,Frame_227,
15:17:31.690,-0.884,-3.905,-0.144,0.444,0.594,Frame_227,
15:17:32.191,-0.889,-3.924,-0.057,0.626,0.613,Frame_227,
15:17:32.690,-0.890,-3.930,-0.026,0.761,0.626,Frame_227,
15:17:33.190,-0.890,-3.935,-0.021,0.860,0.634,Frame_227,
15:17:33.690,-0.890,-3.936,-0.011,0.905,0.657,Frame_228,
15:17:34.190,-0.890,-3.937,0.002,0.911,0.657,Frame_228,
15:17:34.690,-0.890,-3.936,0.024,0.931,0.652,Frame_228,
15:17:35.191,-0.893,-3.931,0.030,0.950,0.669,Frame_228,
15:17:35.690,-0.897,-3.927,0.043,0.918,0.668,Frame_228,
15:17:36.190,-0.903,-3.921,0.065,0.862,0.647,Frame_228,
15:17:36.691,-0.912,-3.916,0.080,0.838,0.651,Frame_228,
15:17:37.190,-0.926,-3.909,0.137,0.749,0.640,Frame_229,
15:17:37.690,-0.946,-3.902,0.175,0.668,0.626,Frame_229,
15:17:38.190,-0.976,-3.894,0.226,0.560,0.602,Frame_229,
15:17:38.690,-1.015,-3.889,0.219,0.471,0.549,Frame_229,
15:17:39.190,-1.042,-3.887,0.230,0.408,0.520,Frame_229,
15:17:39.690,-1.084,-3.887,0.232,0.326,0.485,Frame_229,
15:17:40.193,-1.121,-3.889,0.246,0.253,0.455,Frame_230,
15:17:40.690,-1.161,-3.892,0.247,0.158,0.437,Frame_230,
15:17:41.190,-1.200,-3.897,0.257,0.115,0.402,Frame_230,
15:17:41.690,-1.243,-3.903,0.288,0.023,0.375,Frame_230,
15:17:42.190,-1.308,-3.912,0.317,-0.077,0.332,Frame_230,
15:17:42.690,-1.366,-3.919,0.328,-0.166,0.341,Frame_231,
15:17:43.190,-1.406,-3.923,0.339,-0.220,0.298,Frame_231,
15:17:43.690,-1.454,-3.927,0.275,-0.168,0.294,Frame_231,
15:17:44.190,-1.486,-3.928,0.251,-0.146,0.297,Frame_231,
15:17:44.690,-1.527,-3.929,0.257,-0.150,0.295,Frame_231,
15:17:45.190,-1.563,-3.930,0.265,-0.188,0.299,Frame_231,
15:17:45.690,-1.603,-3.929,0.230,-0.272,0.288,Frame_231,
15:17:46.190,-1.634,-3.927,0.232,-0.411,0.291,Frame_232,
15:17:46.690,-1.674,-3.922,0.268,-0.493,0.307,Frame_232,
15:17:47.190,-1.720,-3.912,0.329,-0.545,0.308,Frame_232,
15:17:47.692,-1.767,-3.898,0.387,-0.542,0.330,Frame_232,
15:17:48.191,-1.821,-3.878,0.448,-0.511,0.354,Frame_232,
15:17:48.690,-1.888,-3.847,0.471,-0.436,0.383,Frame_232,
15:17:49.190,-1.939,-3.819,0.498,-0.344,0.404,Frame_232,
15:17:49.690,-1.983,-3.793,0.024,-0.750,0.448,Frame_232,
15:17:50.190,-1.985,-3.791,0.036,-0.798,0.455,Frame_233,
15:17:50.690,-1.991,-3.785,0.113,-0.773,0.477,Frame_233,
15:17:51.190,-2.003,-3.770,0.199,-0.739,0.479,Frame_233,
15:17:51.690,-2.019,-3.746,0.155,-0.700,0.496,Frame_233,
15:17:52.190,-2.029,-3.725,0.179,-0.660,0.507,Frame_233,
15:17:52.690,-2.042,-3.689,0.275,-0.537,0.517,Frame_233,
15:17:53.190,-2.054,-3.642,0.380,-0.474,0.527,Frame_234,
15:17:53.690,-2.066,-3.575,0.483,-0.318,0.537,Frame_234,
15:17:54.190,-2.077,-3.477,0.496,-0.195,0.536,Frame_234,
15:17:54.690,-2.083,-3.400,0.473,-0.145,0.519,Frame_234,
15:17:55.190,-2.087,-3.315,0.465,-0.120,0.527,Frame_234,
15:17:55.690,-2.089,-3.250,0.468,-0.095,0.534,Frame_235,
15:17:56.193,-2.091,-3.183,0.478,-0.063,0.520,Frame_235,
15:17:56.690,-2.091,-3.107,0.486,0.001,0.515,Frame_235,
15:17:57.190,-2.092,-3.021,0.466,0.054,0.494,Frame_235,
15:17:57.690,-2.093,-2.946,0.494,0.074,0.489,Frame_235,
15:17:58.190,-2.096,-2.865,0.504,0.113,0.477,Frame_235,
15:17:58.690,-2.100,-2.775,0.503,0.107,0.460,Frame_235,
15:17:59.190,-2.104,-2.704,0.510,0.082,0.470,Frame_236,
15:17:59.690,-2.111,-2.613,0.447,0.297,0.460,Frame_236,
15:18:00.191,-2.120,-2.545,0.280,0.718,0.453,Frame_236,
15:18:00.690,-2.133,-2.495,0.307,0.718,0.446,Frame_236,
15:18:01.190,-2.153,-2.444,0.391,0.612,0.444,Frame_236,
15:18:01.690,-2.183,-2.386,0.451,0.548,0.448,Frame_237,
15:18:02.190,-2.226,-2.318,0.435,0.487,0.473,Frame_237,
15:18:02.690,-2.261,-2.272,0.403,0.413,0.499,Frame_237,
15:18:03.190,-2.312,-2.213,0.390,0.104,0.519,Frame_237,
15:18:03.690,-2.349,-2.171,0.393,-0.047,0.552,Frame_237,
15:18:04.190,-2.390,-2.126,0.369,-0.136,0.575,Frame_237,
15:18:04.690,-2.432,-2.077,0.350,-0.163,0.616,Frame_238,
15:18:05.190,-2.466,-2.035,0.314,-0.175,0.633,Frame_238,
15:18:05.690,-2.494,-1.998,0.372,-0.572,0.678,Frame_238,
15:18:06.190,-2.531,-1.940,0.393,-0.738,0.713,Frame_238,
15:18:06.690,-2.554,-1.891,0.388,-0.845,0.740,Frame_238,
15:18:07.190,-2.575,-1.827,0.338,-0.884,0.793,Frame_238,
15:18:07.690,-2.584,-1.766,0.279,-0.877,0.835,Frame_238,
15:18:08.190,-2.585,-1.731,0.214,-0.853,0.855,Frame_239,
15:18:08.690,-2.581,-1.700,0.154,-0.841,0.858,Frame_239,
15:18:09.190,-2.574,-1.675,0.126,-0.814,0.879,Frame_239,
15:18:09.690,-2.567,-1.659,0.092,-0.773,0.902,Frame_239,
15:18:10.190,-2.562,-1.651,0.019,-0.712,0.898,Frame_239,
15:18:10.690,-2.561,-1.649,0.019,-0.674,0.911,Frame_240,
15:18:11.190,-2.559,-1.646,0.026,-0.664,0.911,Frame_240,
15:18:11.690,-2.554,-1.643,0.029,-0.704,0.924,Frame_240,
15:18:12.190,-2.551,-1.641,0.035,-0.712,0.929,Frame_240,
15:18:12.690,-2.545,-1.638,0.049,-0.701,0.918,Frame_240,
15:18:13.191,-2.538,-1.635,0.053,-0.627,0.922,Frame_240,
15:18:13.690,-2.530,-1.633,0.067,-0.546,0.921,Frame_241,
15:18:14.191,-2.512,-1.630,0.192,-0.283,0.903,Frame_241,
15:18:14.690,-2.481,-1.626,0.226,-0.084,0.878,Frame_241,
15:18:15.190,-2.449,-1.623,0.228,0.115,0.870,Frame_241,
15:18:15.690,-2.408,-1.619,0.243,0.214,0.844,Frame_241,
15:18:16.190,-2.370,-1.614,0.230,0.237,0.804,Frame_241,
15:18:16.692,-2.326,-1.606,0.219,0.248,0.747,Frame_241,
15:18:17.190,-2.283,-1.595,0.230,0.307,0.732,Frame_242,
15:18:17.690,-2.247,-1.585,0.248,0.331,0.711,Frame_242,
15:18:18.190,-2.205,-1.570,0.224,0.375,0.677,Frame_242,
15:18:18.690,-2.181,-1.560,0.265,0.094,0.647,Frame_242,
15:18:19.190,-2.128,-1.536,0.316,-0.027,0.647,Frame_242,
15:18:19.690,-2.082,-1.517,0.304,-0.108,0.629,Frame_242,
15:18:20.190,-2.044,-1.501,0.249,-0.130,0.609,Frame_243,
15:18:20.691,-2.032,-1.496,-0.167,-0.300,0.591,Frame_243,
15:18:21.190,-2.061,-1.505,-0.215,-0.303,0.615,Frame_243,
15:18:21.690,-2.092,-1.514,-0.238,-0.286,0.620,Frame_243,
15:18:22.190,-2.138,-1.524,-0.230,-0.253,0.652,Frame_243,
15:18:22.690,-2.179,-1.531,-0.219,-0.205,0.676,Frame_243,
15:18:23.190,-2.218,-1.537,-0.214,-0.158,0.718,Frame_244,
15:18:23.690,-2.251,-1.540,-0.198,-0.113,0.722,Frame_244,
15:18:24.190,-2.282,-1.543,-0.170,-0.088,0.752,Frame_244,
15:18:24.690,-2.304,-1.545,-0.164,-0.089,0.760,Frame_244,
15:18:25.194,-2.333,-1.547,-0.158,-0.090,0.778,Frame_244,
15:18:25.690,-2.354,-1.548,-0.198,-0.082,0.811,Frame_244,
15:18:26.191,-2.397,-1.549,-0.285,0.030,0.821,Frame_245,
15:18:26.690,-2.438,-1.551,-0.307,-0.028,0.827,Frame_245,
15:18:27.190,-2.489,-1.553,-0.314,-0.116,0.846,Frame_245,
15:18:27.690,-2.538,-1.553,-0.226,-0.307,0.854,Frame_245,
15:18:28.190,-2.565,-1.553,-0.211,-0.453,0.859,Frame_245,
15:18:28.690,-2.604,-1.549,-0.237,-0.530,0.862,Frame_245,
15:18:29.190,-2.640,-1.543,-0.224,-0.594,0.877,Frame_246,
15:18:29.690,-2.676,-1.533,-0.248,-0.632,0.867,Frame_246,
15:18:30.190,-2.708,-1.520,-0.234,-0.644,0.868,Frame_246,
15:18:30.690,-2.741,-1.504,-0.223,-0.608,0.869,Frame_246,
15:18:31.190,-2.761,-1.492,-0.219,-0.588,0.849,Frame_246,
15:18:31.690,-2.788,-1.473,-0.190,-0.554,0.848,Frame_246,
15:18:32.190,-2.807,-1.456,-0.184,-0.518,0.848,Frame_246,
15:18:32.690,-2.827,-1.437,-0.167,-0.494,0.835,Frame_247,
15:18:33.190,-2.844,-1.417,-0.143,-0.494,0.811,Frame_247,
15:18:33.690,-2.858,-1.397,-0.128,-0.520,0.796,Frame_247,
15:18:34.190,-2.866,-1.385,-0.097,-0.539,0.792,Frame_247,
15:18:34.690,-2.872,-1.372,-0.031,-0.555,0.775,Frame_247,
15:18:35.190,-2.873,-1.370,0.011,-0.605,0.774,Frame_247,
15:18:35.690,-2.873,-1.372,0.028,-0.668,0.762,Frame_248,
15:18:36.190,-2.872,-1.378,0.026,-0.682,0.786,Frame_248,
15:18:36.693,-2.872,-1.381,0.025,-0.705,0.769,Frame_248,
15:18:37.190,-2.872,-1.383,0.015,-0.736,0.780,Frame_248,
15:18:37.690,-2.873,-1.387,0.029,-0.846,0.764,Frame_248,
15:18:38.190,-2.874,-1.393,0.062,-0.895,0.771,Frame_248,
15:18:38.690,-2.881,-1.407,0.103,-0.897,0.792,Frame_248,
15:18:39.190,-2.889,-1.418,0.194,-0.860,0.785,Frame_249,
15:18:39.690,-2.914,-1.448,0.264,-0.671,0.828,Frame_249,
15:18:40.190,-2.937,-1.470,0.175,-0.283,0.865,Frame_249,
15:18:40.690,-2.955,-1.486,0.042,0.150,0.893,Frame_249,
15:18:41.190,-2.958,-1.488,0.030,0.413,0.864,Frame_249,
15:18:41.691,-2.962,-1.492,0.056,0.606,0.882,Frame_249,
15:18:42.190,-2.967,-1.498,0.080,0.756,0.886,Frame_250,
15:18:42.690,-2.974,-1.508,0.122,0.780,0.875,Frame_250,
15:18:43.190,-2.984,-1.528,0.178,0.755,0.872,Frame_250,
15:18:43.690,-2.992,-1.545,0.244,0.712,0.869,Frame_250,
15:18:44.190,-3.000,-1.573,0.263,0.654,0.861,Frame_250,
15:18:44.691,-3.011,-1.624,0.305,0.592,0.832,Frame_250,
15:18:45.190,-3.016,-1.661,0.328,0.503,0.765,Frame_250,
15:18:45.690,-3.019,-1.720,0.336,0.357,0.738,Frame_251,
15:18:46.190,-3.018,-1.768,0.329,0.318,0.665,Frame_251,
15:18:46.690,-3.015,-1.820,0.324,0.271,0.642,Frame_251,
15:18:47.190,-3.009,-1.871,0.308,0.194,0.570,Frame_251,
15:18:47.690,-3.002,-1.918,0.289,0.165,0.560,Frame_251,
15:18:48.190,-2.994,-1.969,0.289,0.130,0.509,Frame_251,
15:18:48.690,-2.983,-2.025,0.277,0.068,0.434,Frame_251,
15:18:49.192,-2.972,-2.080,0.299,-0.051,0.420,Frame_252,
15:18:49.690,-2.960,-2.140,0.306,-0.084,0.380,Frame_252,
15:18:50.190,-2.949,-2.196,0.260,-0.142,0.364,Frame_252,
15:18:50.690,-2.944,-2.231,0.245,-0.155,0.334,Frame_252,
15:18:51.190,-2.939,-2.269,0.230,-0.205,0.335,Frame_252,
15:18:51.690,-2.936,-2.297,0.233,-0.239,0.327,Frame_252,
15:18:52.190,-2.933,-2.329,0.217,-0.277,0.314,Frame_253,
15:18:52.690,-2.932,-2.358,0.204,-0.309,0.322,Frame_253,
15:18:53.190,-2.932,-2.391,0.204,-0.345,0.317,Frame_253,
15:18:53.690,-2.934,-2.419,0.204,-0.407,0.314,Frame_253,
15:18:54.190,-2.938,-2.453,0.223,-0.434,0.302,Frame_253,
15:18:54.690,-2.944,-2.484,0.232,-0.490,0.308,Frame_253,
15:18:55.190,-2.951,-2.512,0.259,-0.498,0.294,Frame_254,
15:18:55.690,-2.964,-2.551,0.271,-0.548,0.300,Frame_254,
15:18:56.190,-2.977,-2.583,0.262,-0.612,0.309,Frame_254,
15:18:56.690,-2.997,-2.622,0.306,-0.615,0.320,Frame_254,
15:18:57.191,-3.022,-2.660,0.270,-0.730,0.324,Frame_254,
15:18:57.690,-3.048,-2.693,0.262,-0.755,0.334,Frame_254,
15:18:58.190,-3.076,-2.721,0.306,-0.693,0.327,Frame_254,
15:18:58.690,-3.110,-2.750,0.334,-0.663,0.350,Frame_255,
15:18:59.190,-3.156,-2.780,0.389,-0.505,0.357,Frame_255,
15:18:59.690,-3.206,-2.807,0.435,-0.420,0.378,Frame_255,
15:19:00.190,-3.268,-2.837,0.427,-0.117,0.382,Frame_255,
15:19:00.690,-3.326,-2.862,0.483,0.013,0.406,Frame_255,
15:19:01.190,-3.400,-2.893,0.545,0.071,0.418,Frame_255,
15:19:01.690,-3.459,-2.919,0.549,0.057,0.428,Frame_255,
15:19:02.190,-3.549,-2.960,0.544,0.084,0.436,Frame_256,
15:19:02.690,-3.619,-2.992,0.557,0.082,0.463,Frame_256,
15:19:03.190,-3.700,-3.031,0.556,0.112,0.471,Frame_256,
15:19:03.690,-3.770,-3.066,0.554,0.122,0.492,Frame_256,
15:19:04.192,-3.848,-3.107,0.538,0.128,0.504,Frame_256,
15:19:04.690,-3.905,-3.138,0.535,0.117,0.525,Frame_256,
15:19:05.193,-3.969,-3.174,0.517,0.126,0.537,Frame_256,
15:19:05.690,-4.030,-3.210,0.490,0.183,0.560,Frame_257,
15:19:06.190,-4.096,-3.251,0.485,0.198,0.584,Frame_257,
15:19:06.690,-4.160,-3.294,0.471,0.106,0.603,Frame_257,
15:19:07.190,-4.213,-3.330,0.443,0.080,0.631,Frame_257,
15:19:07.690,-4.255,-3.360,0.421,0.048,0.627,Frame_257,
15:19:08.190,-4.308,-3.398,0.380,0.049,0.580,Frame_257,
15:19:08.690,-4.356,-3.432,0.366,0.058,0.577,Frame_258,
15:19:09.190,-4.391,-3.459,0.377,0.366,0.542,Frame_258,
15:19:09.690,-4.416,-3.479,-0.053,0.463,0.536,Frame_258,
15:19:10.190,-4.402,-3.465,-0.225,0.487,0.542,Frame_258,
15:19:10.690,-4.375,-3.436,-0.274,0.504,0.552,Frame_258,
15:19:11.190,-4.355,-3.410,-0.253,0.637,0.592,Frame_258,
15:19:11.690,-4.336,-3.381,-0.209,0.726,0.628,Frame_258,
15:19:12.190,-4.321,-3.353,-0.125,0.805,0.621,Frame_258,
15:19:12.690,-4.316,-3.339,-0.100,0.862,0.600,Frame_259,
15:19:13.190,-4.312,-3.325,-0.049,0.942,0.581,Frame_259,
15:19:13.690,-4.311,-3.319,-0.033,0.989,0.562,Frame_259,
15:19:14.190,-4.311,-3.315,-0.016,1.035,0.566,Frame_259,
15:19:14.690,-4.312,-3.312,-0.047,1.068,0.562,Frame_259,
15:19:15.190,-4.314,-3.307,-0.020,1.121,0.542,Frame_259,
15:19:15.690,-4.315,-3.305,0.002,1.163,0.553,Frame_260,
15:19:16.190,-4.314,-3.306,0.016,1.181,0.550,Frame_260,
15:19:16.690,-4.310,-3.308,0.039,1.142,0.557,Frame_260,
15:19:17.190,-4.304,-3.312,0.076,1.125,0.561,Frame_260,
15:19:17.693,-4.293,-3.316,0.131,1.066,0.572,Frame_260,
15:19:18.190,-4.275,-3.320,0.198,1.009,0.585,Frame_260,
15:19:18.690,-4.241,-3.324,0.317,0.931,0.613,Frame_260,
15:19:19.190,-4.194,-3.322,0.382,0.782,0.632,Frame_260,
15:19:19.690,-4.141,-3.314,0.319,0.614,0.616,Frame_261,
15:19:20.190,-4.117,-3.309,-0.064,0.662,0.609,Frame_261,
15:19:20.690,-4.136,-3.316,-0.212,0.564,0.602,Frame_261,
15:19:21.190,-4.165,-3.330,-0.298,0.351,0.598,Frame_261,
15:19:21.690,-4.211,-3.355,-0.278,0.275,0.575,Frame_261,
15:19:22.190,-4.243,-3.373,-0.240,0.213,0.575,Frame_261,
15:19:22.690,-4.279,-3.397,-0.232,0.184,0.556,Frame_262,
15:19:23.190,-4.301,-3.412,-0.217,0.148,0.542,Frame_262,
15:19:23.690,-4.332,-3.434,-0.204,0.145,0.526,Frame_262,
15:19:24.190,-4.357,-3.453,-0.192,0.157,0.506,Frame_262,
15:19:24.690,-4.376,-3.468,-0.148,0.313,0.502,Frame_262,
15:19:25.190,-4.393,-3.483,-0.129,0.510,0.483,Frame_262,
15:19:25.690,-4.406,-3.497,-0.141,0.683,0.481,Frame_263,
15:19:26.190,-4.421,-3.515,-0.147,0.781,0.449,Frame_263,
15:19:26.690,-4.432,-3.532,-0.136,0.850,0.425,Frame_263,
15:19:27.190,-4.440,-3.551,-0.127,0.916,0.413,Frame_263,
15:19:27.690,-4.446,-3.568,-0.063,0.964,0.382,Frame_263,
15:19:28.191,-4.447,-3.580,-0.047,1.002,0.363,Frame_263,
15:19:28.690,-4.447,-3.587,-0.033,1.050,0.356,Frame_264,
15:19:29.190,-4.446,-3.592,-0.018,1.117,0.348,Frame_264,
15:19:29.690,-4.445,-3.595,-0.015,1.217,0.341,Frame_264,
15:19:30.190,-4.445,-3.595,-0.001,1.302,0.345,Frame_264,
15:19:30.690,-4.445,-3.595,0.027,1.333,0.347,Frame_264,
15:19:31.190,-4.448,-3.593,0.036,1.338,0.354,Frame_264,
15:19:31.690,-4.450,-3.592,0.041,1.343,0.358,Frame_264,
15:19:32.190,-4.456,-3.589,0.064,1.287,0.360,Frame_264,
15:19:32.690,-4.468,-3.587,0.126,1.242,0.380,Frame_265,
15:19:33.190,-4.492,-3.586,0.201,1.162,0.405,Frame_265,
15:19:33.690,-4.515,-3.589,0.229,1.086,0.411,Frame_265,
15:19:34.190,-4.566,-3.606,0.332,1.023,0.428,Frame_265,
15:19:34.690,-4.608,-3.629,0.380,0.972,0.431,Frame_265,
15:19:35.190,-4.659,-3.666,0.401,0.858,0.424,Frame_265,
15:19:35.690,-4.695,-3.701,0.431,0.822,0.405,Frame_265,
15:19:36.190,-4.733,-3.745,0.405,0.797,0.392,Frame_266,
15:19:36.690,-4.765,-3.792,0.427,0.715,0.383,Frame_266,
15:19:37.190,-4.793,-3.846,0.474,0.628,0.336,Frame_266,
15:19:37.690,-4.824,-3.920,0.511,0.490,0.330,Frame_266,
15:19:38.190,-4.843,-3.978,0.507,0.476,0.316,Frame_266,
15:19:38.690,-4.862,-4.047,0.496,0.449,0.305,Frame_266,
15:19:39.190,-4.875,-4.115,0.503,0.497,0.315,Frame_266,
15:19:39.690,-4.885,-4.194,0.499,0.465,0.332,Frame_267,
15:19:40.190,-4.889,-4.264,0.511,0.428,0.337,Frame_267,
15:19:40.690,-4.889,-4.326,0.531,0.383,0.354,Frame_267,
15:19:41.190,-4.885,-4.414,0.559,0.373,0.385,Frame_267,
15:19:41.690,-4.878,-4.480,0.554,0.309,0.397,Frame_267,
15:19:42.190,-4.865,-4.567,0.554,0.264,0.418,Frame_267,
15:19:42.690,-4.851,-4.643,0.562,0.200,0.418,Frame_267,
15:19:43.193,-4.829,-4.742,0.563,0.134,0.434,Frame_268,
15:19:43.690,-4.810,-4.818,0.557,0.032,0.434,Frame_268,
15:19:44.193,-4.785,-4.916,0.560,0.012,0.436,Frame_268,
15:19:44.690,-4.760,-5.013,0.558,-0.005,0.442,Frame_268,
15:19:45.190,-4.741,-5.088,0.553,0.001,0.445,Frame_268,
15:19:45.690,-4.716,-5.186,0.565,0.000,0.444,Frame_268,
15:19:46.190,-4.696,-5.262,0.554,-0.017,0.441,Frame_269,
15:19:46.690,-4.675,-5.348,0.547,-0.002,0.446,Frame_269,
15:19:47.190,-4.648,-5.452,0.529,0.018,0.450,Frame_269,
15:19:47.690,-4.627,-5.534,0.524,0.014,0.446,Frame_269,
15:19:48.190,-4.609,-5.604,0.501,-0.023,0.445,Frame_269,
15:19:48.690,-4.585,-5.699,0.475,-0.032,0.445,Frame_269,
15:19:49.190,-4.567,-5.770,0.445,-0.041,0.445,Frame_270,
15:19:49.690,-4.555,-5.819,0.033,-0.193,0.443,Frame_270,
15:19:50.190,-4.557,-5.805,-0.200,-0.192,0.452,Frame_270,
15:19:50.690,-4.562,-5.780,-0.252,-0.118,0.449,Frame_270,
15:19:51.190,-4.568,-5.743,-0.276,-0.061,0.434,Frame_270,
15:19:51.690,-4.573,-5.711,-0.254,-0.080,0.426,Frame_270,
15:19:52.190,-4.578,-5.681,-0.237,-0.115,0.432,Frame_270,
15:19:52.690,-4.583,-5.643,-0.250,-0.053,0.423,Frame_271,
15:19:53.190,-4.587,-5.613,-0.260,0.021,0.418,Frame_271,
15:19:53.690,-4.590,-5.582,-0.244,0.014,0.426,Frame_271,
15:19:54.190,-4.594,-5.554,-0.207,-0.055,0.408,Frame_271,
15:19:54.690,-4.598,-5.522,-0.198,-0.212,0.402,Frame_271,
15:19:55.193,-4.600,-5.497,-0.188,-0.383,0.409,Frame_271,
15:19:55.690,-4.601,-5.472,-0.185,-0.525,0.395,Frame_271,
15:19:56.190,-4.601,-5.444,-0.157,-0.670,0.386,Frame_272,
15:19:56.690,-4.599,-5.429,-0.137,-0.795,0.367,Frame_272,
15:19:57.190,-4.595,-5.410,-0.125,-0.843,0.350,Frame_272,
15:19:57.690,-4.590,-5.395,-0.098,-0.894,0.346,Frame_272,
15:19:58.190,-4.585,-5.385,-0.071,-0.930,0.332,Frame_272,
15:19:58.690,-4.580,-5.377,-0.063,-0.988,0.317,Frame_272,
15:19:59.190,-4.575,-5.371,-0.065,-1.044,0.312,Frame_272,
15:19:59.690,-4.571,-5.368,-0.038,-1.072,0.305,Frame_272,
15:20:00.190,-4.566,-5.365,-0.023,-1.072,0.289,Frame_273,
15:20:00.690,-4.564,-5.363,-0.020,-1.115,0.287,Frame_273,
15:20:01.190,-4.563,-5.363,-0.003,-1.126,0.286,Frame_273,
15:20:01.691,-4.563,-5.363,0.019,-1.137,0.287,Frame_273,
15:20:02.190,-4.566,-5.363,0.040,-1.159,0.285,Frame_273,
15:20:02.690,-4.571,-5.362,0.047,-1.178,0.300,Frame_273,
15:20:03.190,-4.582,-5.357,0.098,-1.118,0.314,Frame_273,
15:20:03.690,-4.598,-5.347,0.181,-1.087,0.341,Frame_274,
15:20:04.190,-4.617,-5.331,0.287,-1.026,0.348,Frame_274,
15:20:04.690,-4.648,-5.297,0.422,-0.888,0.357,Frame_274,
15:20:05.190,-4.688,-5.239,0.463,-0.786,0.416,Frame_274,
15:20:05.690,-4.716,-5.187,0.508,-0.610,0.427,Frame_274,
15:20:06.190,-4.745,-5.121,0.521,-0.524,0.472,Frame_274,
15:20:06.693,-4.770,-5.052,0.529,-0.458,0.481,Frame_274,
15:20:07.190,-4.792,-4.971,0.513,-0.353,0.488,Frame_275,
15:20:07.690,-4.810,-4.890,0.526,-0.352,0.496,Frame_275,
15:20:08.190,-4.825,-4.796,0.544,-0.285,0.481,Frame_275,
15:20:08.690,-4.832,-4.731,0.554,-0.203,0.497,Frame_275,
15:20:09.193,-4.839,-4.632,0.535,-0.162,0.465,Frame_275,
15:20:09.690,-4.843,-4.568,0.531,-0.150,0.459,Frame_275,
15:20:10.190,-4.845,-4.484,0.523,-0.190,0.453,Frame_276,
15:20:10.691,-4.845,-4.412,0.508,-0.240,0.437,Frame_276,
15:20:11.190,-4.842,-4.330,0.517,-0.320,0.407,Frame_276,
15:20:11.692,-4.836,-4.257,0.535,-0.329,0.398,Frame_276,
15:20:12.190,-4.825,-4.173,0.529,-0.405,0.367,Frame_276,
15:20:12.690,-4.811,-4.101,0.518,-0.472,0.340,Frame_276,
15:20:13.190,-4.796,-4.042,0.506,-0.536,0.317,Frame_276,
15:20:13.690,-4.767,-3.958,0.485,-0.621,0.293,Frame_277,
15:20:14.190,-4.742,-3.904,0.504,-0.612,0.284,Frame_277,
15:20:14.690,-4.703,-3.832,0.529,-0.589,0.279,Frame_277,
15:20:15.190,-4.667,-3.780,0.550,-0.560,0.294,Frame_277,
15:20:15.690,-4.612,-3.710,0.576,-0.489,0.324,Frame_277,
15:20:16.192,-4.556,-3.649,0.597,-0.420,0.323,Frame_277,
15:20:16.690,-4.486,-3.583,0.609,-0.375,0.389,Frame_277,
15:20:17.190,-4.421,-3.527,0.603,-0.265,0.433,Frame_278,
15:20:17.690,-4.356,-3.476,0.587,-0.195,0.486,Frame_278,
15:20:18.190,-4.282,-3.421,0.532,-0.282,0.509,Frame_278,
15:20:18.690,-4.220,-3.380,0.532,-0.303,0.557,Frame_278,
15:20:19.190,-4.147,-3.335,0.552,-0.105,0.576,Frame_278,
15:20:19.690,-4.082,-3.296,0.516,0.004,0.605,Frame_278,
15:20:20.190,-4.013,-3.256,0.474,0.034,0.624,Frame_278,
15:20:20.691,-3.949,-3.219,0.441,0.032,0.622,Frame_279,
15:20:21.190,-3.897,-3.188,0.424,-0.040,0.623,Frame_279,
15:20:21.692,-3.839,-3.154,0.412,-0.093,0.586,Frame_279,
15:20:22.190,-3.793,-3.128,0.268,-0.135,0.573,Frame_279,
15:20:22.693,-3.760,-3.110,0.190,-0.161,0.565,Frame_279,
15:20:23.192,-3.740,-3.099,0.142,-0.084,0.543,Frame_279,
15:20:23.690,-3.714,-3.086,0.147,0.107,0.544,Frame_280,
15:20:24.190,-3.697,-3.077,0.167,0.108,0.537,Frame_280,
15:20:24.690,-3.670,-3.062,0.168,0.089,0.530,Frame_280,
15:20:25.190,-3.646,-3.049,0.178,0.074,0.528,Frame_280,
15:20:25.690,-3.627,-3.038,0.144,0.123,0.520,Frame_280,
15:20:26.192,-3.608,-3.027,0.151,0.083,0.514,Frame_280,
15:20:26.690,-3.590,-3.016,0.135,0.015,0.514,Frame_280,
15:20:27.190,-3.571,-3.004,0.155,-0.021,0.501,Frame_281,
15:20:27.690,-3.553,-2.992,0.140,-0.053,0.489,Frame_281,
15:20:28.190,-3.533,-2.980,0.109,-0.041,0.487,Frame_281,
15:20:28.690,-3.517,-2.971,0.149,-0.096,0.489,Frame_281,
15:20:29.190,-3.497,-2.959,0.132,-0.082,0.474,Frame_281,
15:20:29.691,-3.482,-2.951,0.148,-0.030,0.469,Frame_281,
15:20:30.190,-3.460,-2.938,0.137,-0.017,0.457,Frame_282,
15:20:30.690,-3.447,-2.931,0.136,-0.048,0.461,Frame_282,
15:20:31.190,-3.430,-2.922,0.137,-0.058,0.445,Frame_282,
15:20:31.690,-3.412,-2.912,0.109,0.026,0.454,Frame_282,
15:20:32.190,-3.396,-2.904,0.106,0.093,0.449,Frame_282,
15:20:32.690,-3.384,-2.897,0.108,0.133,0.436,Frame_282,
15:20:33.190,-3.368,-2.888,0.112,0.126,0.434,Frame_282,
15:20:33.690,-3.351,-2.877,0.112,0.105,0.430,Frame_283,
15:20:34.190,-3.336,-2.868,0.113,0.090,0.428,Frame_283,
15:20:34.690,-3.325,-2.861,0.115,0.079,0.421,Frame_283,
15:20:35.190,-3.309,-2.850,0.109,0.061,0.412,Frame_283,
15:20:35.690,-3.297,-2.841,0.102,0.051,0.413,Frame_283,
15:20:36.192,-3.281,-2.831,0.108,0.046,0.412,Frame_283,
15:20:36.691,-3.270,-2.822,0.100,0.030,0.404,Frame_283,
15:20:37.190,-3.256,-2.813,0.103,0.020,0.387,Frame_284,
15:20:37.690,-3.243,-2.803,0.097,0.015,0.385,Frame_284,
15:20:38.190,-3.232,-2.795,0.099,-0.005,0.382,Frame_284,
15:20:38.690,-3.219,-2.786,0.099,0.002,0.375,Frame_284,
15:20:39.191,-3.207,-2.777,0.102,0.002,0.362,Frame_284,
15:20:39.690,-3.194,-2.767,0.163,-0.028,0.372,Frame_284,
15:20:40.192,-3.171,-2.751,0.371,0.078,0.367,Frame_285,
15:20:40.690,-3.127,-2.718,0.476,0.172,0.344,Frame_285,
15:20:41.190,-3.065,-2.670,0.533,0.248,0.317,Frame_285,
15:20:41.690,-2.997,-2.613,0.570,0.302,0.305,Frame_285,
15:20:42.190,-2.930,-2.550,0.582,0.288,0.283,Frame_285,
15:20:42.690,-2.874,-2.493,0.565,0.265,0.295,Frame_285,
15:20:43.190,-2.806,-2.419,0.559,0.283,0.331,Frame_286,
15:20:43.690,-2.749,-2.349,0.564,0.146,0.404,Frame_286,
15:20:44.190,-2.693,-2.278,0.541,0.055,0.428,Frame_286,
15:20:44.690,-2.641,-2.210,0.508,0.119,0.514,Frame_286,
15:20:45.190,-2.600,-2.154,0.500,0.156,0.558,Frame_286,
15:20:45.690,-2.553,-2.088,0.514,0.139,0.630,Frame_286,
15:20:46.190,-2.513,-2.028,0.512,0.095,0.716,Frame_286,
15:20:46.690,-2.458,-1.943,0.491,0.070,0.743,Frame_287,
15:20:47.190,-2.427,-1.894,0.479,0.081,0.763,Frame_287,
15:20:47.690,-2.383,-1.822,0.451,0.128,0.695,Frame_287,
15:20:48.192,-2.347,-1.761,0.419,0.102,0.667,Frame_287,
15:20:48.690,-2.315,-1.704,0.394,0.058,0.638,Frame_287,
15:20:49.190,-2.282,-1.644,0.358,-0.047,0.631,Frame_287,
15:20:49.690,-2.258,-1.601,0.340,-0.038,0.620,Frame_288,
15:20:50.190,-2.229,-1.550,0.306,-0.033,0.615,Frame_288,
15:20:50.690,-2.205,-1.509,0.291,-0.034,0.622,Frame_288,
15:20:51.190,-2.181,-1.469,0.279,-0.051,0.620,Frame_288,
15:20:51.690,-2.158,-1.430,0.302,-0.210,0.628,Frame_288,
15:20:52.190,-2.127,-1.381,0.343,-0.363,0.630,Frame_288,
15:20:52.690,-2.094,-1.335,0.359,-0.418,0.665,Frame_289,
15:20:53.190,-2.058,-1.292,0.347,-0.442,0.683,Frame_289,
15:20:53.690,-2.021,-1.253,0.316,-0.424,0.696,Frame_289,
15:20:54.190,-1.990,-1.225,0.282,-0.395,0.704,Frame_289,
15:20:54.690,-1.956,-1.197,0.247,-0.369,0.705,Frame_289,
15:20:55.190,-1.927,-1.176,0.195,-0.346,0.699,Frame_289,
15:20:55.690,-1.900,-1.159,0.153,-0.321,0.695,Frame_290,
15:20:56.190,-1.887,-1.152,-0.050,-0.114,0.700,Frame_290,
15:20:56.690,-1.907,-1.162,-0.160,-0.172,0.702,Frame_290,
15:20:57.190,-1.927,-1.172,-0.214,-0.214,0.688,Frame_290,
15:20:57.690,-1.963,-1.189,-0.272,-0.305,0.672,Frame_290,
15:20:58.190,-2.001,-1.204,-0.235,-0.446,0.658,Frame_290,
15:20:58.690,-2.033,-1.214,-0.190,-0.592,0.658,Frame_290,
15:20:59.191,-2.063,-1.221,-0.143,-0.685,0.647,Frame_291,
15:20:59.690,-2.082,-1.223,-0.080,-0.810,0.623,Frame_291,
15:21:00.190,-2.091,-1.223,-0.034,-0.910,0.601,Frame_291,
15:21:00.690,-2.095,-1.222,-0.018,-0.989,0.601,Frame_291,
15:21:01.190,-2.097,-1.221,-0.011,-1.055,0.591,Frame_291,
15:21:01.690,-2.099,-1.221,-0.007,-1.114,0.585,Frame_291,
15:21:02.190,-2.099,-1.220,0.005,-1.146,0.590,Frame_291,
15:21:02.690,-2.099,-1.220,-0.009,-1.170,0.581,Frame_292,
15:21:03.191,-2.099,-1.220,0.013,-1.190,0.577,Frame_292,
15:21:03.690,-2.096,-1.226,0.077,-1.161,0.583,Frame_292,
15:21:04.190,-2.094,-1.232,0.149,-1.134,0.585,Frame_292,
15:21:04.690,-2.090,-1.267,0.298,-1.015,0.612,Frame_292,
15:21:05.190,-2.093,-1.315,0.409,-0.951,0.677,Frame_292,
15:21:05.690,-2.106,-1.376,0.531,-0.727,0.690,Frame_293,
15:21:06.190,-2.137,-1.468,0.561,-0.598,0.655,Frame_293,
15:21:06.690,-2.164,-1.531,0.575,-0.461,0.578,Frame_293,
15:21:07.190,-2.213,-1.624,0.587,-0.333,0.563,Frame_293,
15:21:07.690,-2.261,-1.705,0.586,-0.224,0.534,Frame_293,
15:21:08.190,-2.312,-1.782,0.576,-0.166,0.558,Frame_293,
15:21:08.690,-2.365,-1.858,0.574,-0.112,0.561,Frame_293,
15:21:09.190,-2.412,-1.924,0.576,-0.060,0.586,Frame_294,
15:21:09.690,-2.459,-1.987,0.152,0.053,0.649,Frame_294,
15:21:10.190,-2.462,-1.991,0.015,-0.443,0.675,Frame_294,
