Timestamp_Sistema,Posizione_X,Posizione_Y,Velocita_Lineare,Velocita_Angolare,Ostacolo_Piu_Vicino_Lidar(m),Stato_Telecamera,Eventi_Chiavi,Esplorazione_Completata(%)
09:31:14.257,0.000,0.000,0.000,0.000,0.000,N/A,,0.00
09:31:14.757,0.000,0.000,0.000,0.000,0.000,N/A,,0.00
09:31:15.257,0.000,0.000,0.000,0.000,0.000,N/A,,0.00
09:31:15.757,0.000,0.000,0.000,0.000,0.000,N/A,,0.00
09:31:16.257,0.000,0.000,0.000,0.000,0.000,N/A,,0.00
09:31:16.757,0.000,0.000,0.000,0.000,0.000,N/A,,0.00
09:31:17.257,0.000,-0.000,0.000,0.000,1.201,Frame_0,,0.00
09:31:17.757,0.000,-0.000,0.000,0.000,1.193,Frame_0,,0.00
09:31:18.257,0.000,-0.000,0.000,0.000,1.200,Frame_0,,0.00
09:31:18.757,0.000,-0.000,0.000,0.000,1.182,Frame_1,,0.00
09:31:19.257,0.000,0.000,0.000,0.000,1.191,Frame_1,,0.00
09:31:19.757,0.000,0.000,0.000,0.000,1.197,Frame_1,,0.00
09:31:20.257,0.000,0.000,0.000,0.000,1.192,Frame_1,,0.00
09:31:20.758,0.000,0.000,0.000,0.000,1.170,Frame_2,,0.00
09:31:21.257,0.000,0.000,0.000,0.000,1.203,Frame_2,,0.00
09:31:21.758,0.000,0.000,0.000,0.000,1.202,Frame_2,,0.00
09:31:22.257,0.000,0.000,0.000,0.000,1.215,Frame_3,,0.00
09:31:22.757,0.000,0.000,0.000,0.000,1.188,Frame_3,,0.00
09:31:23.257,0.000,0.000,0.000,0.000,1.197,Frame_3,,0.00
09:31:23.757,0.000,0.000,0.000,0.000,1.191,Frame_3,,0.00
09:31:24.257,0.000,0.000,0.000,0.000,1.182,Frame_4,,1.06
09:31:24.757,0.000,0.000,0.000,0.000,1.202,Frame_4,,1.06
09:31:25.257,0.000,0.000,0.000,0.000,1.198,Frame_4,,1.06
09:31:25.757,0.000,0.000,0.000,0.000,1.187,Frame_5,,1.06
09:31:26.257,0.000,0.000,0.000,0.000,1.201,Frame_5,,1.06
09:31:26.757,0.000,0.000,0.000,0.000,1.206,Frame_5,,1.06
09:31:27.257,0.000,0.000,0.000,0.000,1.206,Frame_5,,1.06
09:31:27.757,0.000,0.000,0.000,0.000,1.201,Frame_6,,1.06
09:31:28.257,0.000,0.000,0.000,0.000,1.176,Frame_6,,1.06
09:31:28.757,0.000,0.000,0.000,0.000,1.204,Frame_6,,1.06
09:31:29.257,-0.027,-0.000,-0.151,0.144,1.204,Frame_6,,1.06
09:31:29.757,-0.074,-0.003,-0.170,0.278,1.238,Frame_7,,1.06
09:31:30.257,-0.103,-0.006,-0.120,0.346,1.272,Frame_7,,1.06
09:31:30.757,-0.124,-0.010,-0.079,0.405,1.299,Frame_7,,1.06
09:31:31.257,-0.138,-0.013,-0.054,0.491,1.310,Frame_7,,1.06
09:31:31.757,-0.144,-0.015,0.005,0.569,1.338,Frame_8,,1.06
09:31:32.257,-0.141,-0.014,0.040,0.621,1.340,Frame_8,,1.06
09:31:32.757,-0.132,-0.008,0.079,0.675,1.321,Frame_8,,1.06
09:31:33.257,-0.120,0.002,0.050,0.739,1.310,Frame_8,,1.06
09:31:33.757,-0.112,0.012,0.095,0.817,1.290,Frame_8,,1.06
09:31:34.257,-0.100,0.031,0.161,0.811,1.283,Frame_8,,1.06
09:31:34.761,-0.083,0.068,0.277,0.753,1.236,Frame_9,,1.06
09:31:35.257,-0.068,0.123,0.376,0.627,1.186,Frame_9,,1.06
09:31:35.757,-0.056,0.194,0.440,0.520,1.126,Frame_9,,1.06
09:31:36.257,-0.051,0.284,0.452,0.380,1.091,Frame_9,,1.06
09:31:36.757,-0.054,0.404,0.474,0.237,1.005,Frame_10,,1.06
09:31:37.257,-0.061,0.488,0.271,0.510,0.952,Frame_10,,1.06
09:31:37.757,-0.069,0.531,0.221,0.695,0.921,Frame_10,,1.06
09:31:38.257,-0.080,0.569,0.284,0.634,0.908,Frame_10,,1.06
09:31:38.757,-0.102,0.620,0.343,0.553,0.905,Frame_10,,1.06
09:31:39.257,-0.133,0.675,0.329,0.356,0.902,Frame_10,,2.57
09:31:39.757,-0.154,0.707,0.031,-0.113,0.909,Frame_11,,2.57
09:31:40.257,-0.154,0.708,0.015,-0.304,0.910,Frame_11,,2.57
09:31:40.757,-0.157,0.713,0.081,-0.428,0.922,Frame_11,,2.57
09:31:41.257,-0.163,0.725,0.024,-0.549,0.926,Frame_11,,2.57
09:31:41.758,-0.164,0.730,0.040,-0.676,0.924,Frame_11,,2.57
09:31:42.258,-0.166,0.739,0.064,-0.806,0.938,Frame_12,,2.57
09:31:42.757,-0.167,0.757,0.100,-0.828,0.943,Frame_12,,2.57
09:31:43.257,-0.164,0.781,0.195,-0.773,0.941,Frame_12,,2.57
09:31:43.757,-0.152,0.825,0.299,-0.713,0.939,Frame_12,,2.57
09:31:44.257,-0.124,0.888,0.420,-0.575,0.924,Frame_12,,2.57
09:31:44.757,-0.078,0.966,0.467,-0.445,0.892,Frame_13,,2.57
09:31:45.257,-0.035,1.028,0.486,-0.281,0.834,Frame_13,,2.57
09:31:45.758,0.012,1.088,0.464,-0.178,0.804,Frame_13,,2.57
09:31:46.257,0.063,1.150,0.417,-0.105,0.742,Frame_13,,2.57
09:31:46.757,0.109,1.204,0.371,-0.057,0.698,Frame_13,,2.57
09:31:47.257,0.153,1.253,0.361,-0.315,0.659,Frame_13,,2.57
09:31:47.757,0.193,1.295,0.348,-0.403,0.616,Frame_14,,2.57
09:31:48.257,0.240,1.336,0.335,-0.432,0.587,Frame_14,,2.57
09:31:48.757,0.286,1.371,0.297,-0.443,0.554,Frame_14,,2.57
09:31:49.257,0.322,1.395,0.243,-0.445,0.525,Frame_14,,3.49
09:31:49.757,0.327,1.399,-0.149,-0.466,0.531,Frame_14,,3.49
09:31:50.257,0.303,1.388,-0.113,-0.608,0.523,Frame_14,,3.49
09:31:50.757,0.289,1.383,-0.034,-0.741,0.540,Frame_15,,3.49
09:31:51.257,0.284,1.383,-0.013,-0.852,0.555,Frame_15,,3.49
09:31:51.760,0.283,1.382,0.007,-0.976,0.579,Frame_15,,3.49
09:31:52.257,0.285,1.382,0.023,-1.048,0.577,Frame_15,,3.49
09:31:52.757,0.290,1.380,0.040,-1.046,0.556,Frame_15,,3.49
09:31:53.257,0.298,1.375,0.089,-1.068,0.565,Frame_16,,3.49
09:31:53.757,0.313,1.362,0.142,-1.043,0.545,Frame_16,,3.49
09:31:54.257,0.333,1.336,0.285,-0.937,0.504,Frame_16,,3.49
09:31:54.757,0.362,1.283,0.407,-0.778,0.485,Frame_16,,3.49
09:31:55.260,0.387,1.219,0.468,-0.671,0.420,Frame_16,,3.49
09:31:55.758,0.410,1.133,0.526,-0.481,0.340,Frame_16,,3.49
09:31:56.257,0.424,1.048,0.557,-0.336,0.306,Frame_17,,3.49
09:31:56.757,0.436,0.948,0.558,-0.208,0.298,Frame_17,,3.49
09:31:57.257,0.444,0.835,0.568,-0.129,0.287,Frame_17,,3.49
09:31:57.757,0.449,0.709,0.572,-0.051,0.290,Frame_17,,3.49
09:31:58.257,0.453,0.587,0.545,-0.011,0.347,Frame_17,,3.49
09:31:58.757,0.456,0.457,0.535,0.024,0.424,Frame_18,,3.49
09:31:59.257,0.460,0.339,0.526,0.072,0.487,Frame_18,,3.96
09:31:59.757,0.465,0.235,0.528,0.066,0.590,Frame_18,,3.96
09:32:00.257,0.471,0.129,0.531,0.054,0.672,Frame_18,,3.96
09:32:00.757,0.479,0.022,0.520,0.049,0.777,Frame_18,,3.96
09:32:01.257,0.487,-0.081,0.515,0.063,0.874,Frame_19,,3.96
09:32:01.757,0.495,-0.158,0.424,0.298,0.960,Frame_19,,3.96
09:32:02.257,0.504,-0.224,0.400,0.382,1.034,Frame_19,,3.96
09:32:02.757,0.518,-0.296,0.454,0.218,1.023,Frame_19,,3.96
09:32:03.257,0.542,-0.386,0.486,0.164,1.013,Frame_19,,3.96
09:32:03.760,0.563,-0.460,0.465,0.119,0.993,Frame_20,,3.96
09:32:04.257,0.584,-0.528,0.425,0.084,0.985,Frame_20,,4.29
09:32:04.757,0.607,-0.598,0.378,0.070,0.953,Frame_20,,4.29
09:32:05.257,0.625,-0.651,0.326,0.064,0.940,Frame_20,,4.29
09:32:05.757,0.643,-0.702,0.341,0.303,0.916,Frame_20,,4.29
09:32:06.257,0.670,-0.767,0.355,0.507,0.914,Frame_20,,4.29
09:32:06.757,0.696,-0.816,0.328,0.577,0.885,Frame_21,,4.29
09:32:07.257,0.719,-0.851,0.282,0.612,0.857,Frame_21,,4.29
09:32:07.757,0.748,-0.889,0.240,0.630,0.848,Frame_21,,4.29
09:32:08.257,0.775,-0.917,0.191,0.616,0.824,Frame_21,,4.29
09:32:08.757,0.791,-0.930,0.148,0.582,0.817,Frame_21,,4.29
09:32:09.257,0.810,-0.944,0.106,0.566,0.799,Frame_21,,4.66
09:32:09.758,0.823,-0.951,0.076,0.526,0.790,Frame_21,,4.66
09:32:10.257,0.815,-0.948,-0.152,0.537,0.770,Frame_22,,4.66
09:32:10.757,0.790,-0.939,-0.073,0.675,0.799,Frame_22,,4.66
09:32:11.257,0.780,-0.937,-0.020,0.825,0.830,Frame_22,,4.66
09:32:11.757,0.777,-0.936,-0.004,0.961,0.833,Frame_22,,4.66
09:32:12.257,0.778,-0.936,0.018,0.968,0.847,Frame_22,,4.66
09:32:12.757,0.782,-0.935,0.042,1.036,0.838,Frame_23,,4.66
09:32:13.257,0.787,-0.933,0.040,1.156,0.835,Frame_23,,4.66
09:32:13.757,0.792,-0.929,0.054,1.163,0.827,Frame_23,,4.66
09:32:14.258,0.801,-0.920,0.101,1.138,0.808,Frame_23,,4.66
09:32:14.757,0.812,-0.903,0.197,1.075,0.794,Frame_23,,4.66
09:32:15.257,0.829,-0.862,0.320,0.943,0.769,Frame_23,,4.66
09:32:15.757,0.844,-0.797,0.428,0.837,0.732,Frame_24,,4.66
09:32:16.257,0.850,-0.722,0.529,0.652,0.708,Frame_24,,4.66
09:32:16.757,0.848,-0.623,0.551,0.478,0.706,Frame_24,,4.66
09:32:17.257,0.836,-0.523,0.571,0.328,0.697,Frame_24,,4.66
09:32:17.757,0.819,-0.424,0.547,0.283,0.711,Frame_24,,4.66
09:32:18.257,0.803,-0.355,0.344,-0.250,0.722,Frame_24,,4.66
09:32:18.757,0.792,-0.301,0.294,-0.515,0.727,Frame_25,,4.66
09:32:19.257,0.787,-0.259,0.311,-0.652,0.738,Frame_25,,4.80
09:32:19.757,0.786,-0.208,0.372,-0.596,0.747,Frame_25,,4.80
09:32:20.257,0.791,-0.138,0.129,0.102,0.765,Frame_25,,4.80
09:32:20.757,0.794,-0.112,0.180,0.417,0.765,Frame_25,,4.80
09:32:21.257,0.795,-0.080,0.236,0.563,0.764,Frame_25,,4.80
09:32:21.757,0.792,-0.026,0.316,0.574,0.761,Frame_26,,4.80
09:32:22.257,0.782,0.033,0.162,0.425,0.754,Frame_26,,4.80
09:32:22.757,0.779,0.047,0.070,-0.146,0.751,Frame_26,,4.80
09:32:23.257,0.776,0.063,0.095,-0.486,0.764,Frame_26,,4.80
09:32:23.757,0.773,0.080,0.131,-0.606,0.770,Frame_26,,4.80
09:32:24.257,0.772,0.105,0.138,-0.656,0.762,Frame_26,,4.80
09:32:24.757,0.774,0.130,0.148,-0.671,0.777,Frame_27,,4.80
09:32:25.257,0.780,0.159,0.212,-0.575,0.753,Frame_27,,4.80
09:32:25.757,0.791,0.194,0.235,-0.486,0.710,Frame_27,,4.80
09:32:26.257,0.805,0.230,0.249,-0.404,0.690,Frame_27,,4.80
09:32:26.757,0.822,0.265,0.233,-0.355,0.625,Frame_27,,4.80
09:32:27.259,0.841,0.299,0.252,-0.293,0.578,Frame_27,,4.80
09:32:27.757,0.861,0.332,0.232,-0.234,0.570,Frame_28,,4.80
09:32:28.260,0.887,0.370,0.243,-0.159,0.531,Frame_28,,4.80
09:32:28.759,0.912,0.405,0.305,-0.113,0.480,Frame_28,,4.80
09:32:29.257,0.947,0.453,0.324,-0.112,0.438,Frame_28,,4.91
09:32:29.757,0.971,0.484,0.125,-0.119,0.409,Frame_28,,4.91
09:32:30.257,0.978,0.493,-0.047,0.237,0.387,Frame_29,,4.91
09:32:30.757,0.969,0.480,-0.117,0.484,0.392,Frame_29,,4.91
09:32:31.257,0.958,0.462,-0.142,0.555,0.417,Frame_29,,4.91
09:32:31.757,0.945,0.437,-0.178,0.561,0.431,Frame_29,,4.91
09:32:32.258,0.933,0.406,-0.214,0.527,0.461,Frame_29,,4.91
09:32:32.757,0.922,0.366,-0.236,0.474,0.504,Frame_29,,4.91
09:32:33.257,0.916,0.332,-0.249,0.414,0.531,Frame_30,,4.91
09:32:33.758,0.910,0.287,-0.263,0.252,0.587,Frame_30,,4.91
09:32:34.257,0.906,0.237,-0.233,0.092,0.631,Frame_30,,4.91
09:32:34.757,0.903,0.187,-0.223,0.005,0.648,Frame_30,,4.91
09:32:35.257,0.900,0.137,-0.226,-0.061,0.656,Frame_30,,4.91
09:32:35.757,0.896,0.087,-0.220,-0.054,0.654,Frame_31,,4.91
09:32:36.258,0.893,0.044,-0.208,-0.056,0.650,Frame_31,,4.91
09:32:36.758,0.890,0.009,-0.223,-0.012,0.659,Frame_31,,4.91
09:32:37.257,0.886,-0.030,-0.227,-0.006,0.656,Frame_31,,4.91
09:32:37.757,0.882,-0.070,-0.220,-0.021,0.665,Frame_31,,4.91
09:32:38.257,0.879,-0.101,-0.215,0.005,0.669,Frame_31,,4.91
09:32:38.757,0.876,-0.135,-0.214,0.017,0.662,Frame_32,,4.91
09:32:39.257,0.872,-0.173,-0.210,0.054,0.658,Frame_32,,4.96
09:32:39.757,0.869,-0.210,-0.199,0.163,0.677,Frame_32,,4.96
09:32:40.257,0.867,-0.251,-0.214,0.192,0.669,Frame_32,,4.96
09:32:40.757,0.866,-0.302,-0.204,0.185,0.658,Frame_32,,4.96
09:32:41.260,0.867,-0.342,-0.190,0.131,0.669,Frame_33,,4.96
09:32:41.757,0.868,-0.372,-0.184,0.104,0.668,Frame_33,,4.96
09:32:42.257,0.871,-0.404,-0.170,0.101,0.656,Frame_33,,4.96
09:32:42.757,0.873,-0.432,-0.178,0.075,0.658,Frame_33,,4.96
09:32:43.257,0.875,-0.456,-0.172,0.036,0.657,Frame_33,,4.96
09:32:43.757,0.878,-0.486,-0.160,0.030,0.640,Frame_33,,4.96
09:32:44.257,0.881,-0.508,-0.157,0.013,0.640,Frame_34,,4.96
09:32:44.757,0.884,-0.536,-0.161,0.017,0.641,Frame_34,,4.96
09:32:45.257,0.886,-0.558,-0.160,0.002,0.640,Frame_34,,4.96
09:32:45.757,0.889,-0.583,-0.162,0.010,0.639,Frame_34,,4.96
09:32:46.259,0.891,-0.605,-0.165,0.012,0.629,Frame_34,,4.96
09:32:46.757,0.894,-0.630,-0.177,0.054,0.621,Frame_34,,4.96
09:32:47.257,0.899,-0.666,-0.198,0.114,0.622,Frame_35,,4.96
09:32:47.757,0.902,-0.693,-0.200,0.100,0.619,Frame_35,,4.96
09:32:48.257,0.907,-0.723,-0.169,0.102,0.609,Frame_35,,4.96
09:32:48.757,0.911,-0.750,-0.171,0.131,0.600,Frame_35,,4.96
09:32:49.257,0.915,-0.773,-0.200,0.197,0.595,Frame_35,,4.96
09:32:49.757,0.924,-0.811,-0.224,0.285,0.590,Frame_35,,4.96
09:32:50.257,0.930,-0.837,-0.220,0.348,0.561,Frame_35,,4.96
09:32:50.757,0.943,-0.878,-0.224,0.493,0.568,Frame_36,,4.96
09:32:51.257,0.953,-0.904,-0.245,0.570,0.545,Frame_36,,4.96
09:32:51.757,0.971,-0.939,-0.197,0.687,0.529,Frame_36,,4.96
09:32:52.257,0.987,-0.964,-0.149,0.724,0.487,Frame_36,,4.96
09:32:52.757,1.000,-0.979,-0.133,0.709,0.489,Frame_36,,4.96
09:32:53.257,1.016,-0.996,-0.142,0.663,0.450,Frame_36,,4.96
09:32:53.757,1.031,-1.007,-0.121,0.641,0.448,Frame_37,,4.96
09:32:54.257,1.044,-1.016,-0.113,0.628,0.419,Frame_37,,5.19
09:32:54.757,1.058,-1.024,-0.073,0.634,0.396,Frame_37,,5.19
09:32:55.257,1.066,-1.027,-0.022,0.646,0.385,Frame_37,,5.19
09:32:55.757,1.067,-1.028,0.011,0.684,0.371,Frame_37,,5.19
09:32:56.257,1.063,-1.027,0.053,0.685,0.379,Frame_37,,5.19
09:32:56.760,1.056,-1.026,0.014,0.737,0.385,Frame_38,,5.19
09:32:57.257,1.053,-1.027,0.013,0.774,0.386,Frame_38,,5.19
09:32:57.757,1.051,-1.027,0.028,0.832,0.387,Frame_38,,5.19
09:32:58.258,1.045,-1.029,0.052,0.912,0.389,Frame_38,,5.19
09:32:58.757,1.036,-1.034,0.095,0.930,0.407,Frame_38,,5.19
09:32:59.257,1.015,-1.049,0.280,0.264,0.430,Frame_38,,5.19
09:32:59.757,0.984,-1.075,0.376,0.010,0.444,Frame_38,,5.19
09:33:00.258,0.934,-1.117,0.444,-0.087,0.482,Frame_39,,5.19
09:33:00.757,0.890,-1.152,0.488,-0.091,0.540,Frame_39,,5.19
09:33:01.257,0.819,-1.208,0.520,-0.063,0.570,Frame_39,,5.19
09:33:01.757,0.769,-1.246,0.517,-0.033,0.605,Frame_39,,5.19
09:33:02.259,0.703,-1.296,0.519,0.010,0.686,Frame_39,,5.19
09:33:02.757,0.645,-1.340,0.527,0.052,0.722,Frame_39,,5.19
09:33:03.260,0.578,-1.392,0.538,-0.101,0.796,Frame_40,,5.19
09:33:03.757,0.498,-1.452,0.568,-0.100,0.719,Frame_40,,5.19
09:33:04.257,0.434,-1.498,0.558,-0.114,0.680,Frame_40,,5.54
09:33:04.757,0.379,-1.536,0.559,-0.071,0.574,Frame_40,,5.54
09:33:05.257,0.306,-1.586,0.538,-0.116,0.534,Frame_40,,5.54
09:33:05.758,0.243,-1.628,0.532,-0.175,0.492,Frame_40,,5.54
09:33:06.257,0.189,-1.662,0.522,0.073,0.412,Frame_40,,5.54
09:33:06.760,0.119,-1.707,0.540,0.149,0.384,Frame_41,,5.54
09:33:07.257,0.056,-1.749,0.555,0.114,0.316,Frame_41,,5.54
09:33:07.757,-0.018,-1.801,0.573,0.028,0.306,Frame_41,,5.54
09:33:08.257,-0.083,-1.847,0.569,0.032,0.288,Frame_41,,5.54
09:33:08.757,-0.158,-1.900,0.596,0.081,0.298,Frame_41,,5.54
09:33:09.257,-0.225,-1.949,0.598,0.133,0.336,Frame_41,,6.44
09:33:09.757,-0.301,-2.007,0.594,0.173,0.380,Frame_41,,6.44
09:33:10.260,-0.367,-2.060,0.610,0.110,0.453,Frame_42,,6.44
09:33:10.757,-0.441,-2.121,0.579,0.026,0.504,Frame_42,,6.44
09:33:11.257,-0.493,-2.165,0.557,-0.003,0.575,Frame_42,,6.44
09:33:11.757,-0.556,-2.220,0.492,0.446,0.613,Frame_42,,6.44
09:33:12.257,-0.605,-2.268,0.533,0.526,0.693,Frame_42,,6.44
09:33:12.760,-0.656,-2.325,0.566,0.501,0.736,Frame_42,,6.44
09:33:13.257,-0.712,-2.399,0.608,0.415,0.769,Frame_42,,6.44
09:33:13.757,-0.758,-2.470,0.592,0.360,0.795,Frame_43,,6.44
09:33:14.257,-0.801,-2.543,0.610,0.291,0.778,Frame_43,,6.44
09:33:14.757,-0.848,-2.629,0.620,0.216,0.746,Frame_43,,6.44
09:33:15.257,-0.886,-2.707,0.620,0.206,0.708,Frame_43,,6.44
09:33:15.760,-0.922,-2.786,0.609,0.164,0.707,Frame_43,,6.44
09:33:16.259,-0.959,-2.875,0.602,0.106,0.678,Frame_43,,6.44
09:33:16.757,-0.990,-2.952,0.576,0.011,0.683,Frame_43,,6.44
09:33:17.257,-1.024,-3.037,0.571,-0.024,0.676,Frame_44,,6.44
09:33:17.757,-1.061,-3.128,0.505,-0.064,0.692,Frame_44,,6.44
09:33:18.257,-1.084,-3.183,0.486,-0.088,0.719,Frame_44,,6.44
09:33:18.757,-1.113,-3.250,0.253,-0.508,0.742,Frame_44,,6.44
09:33:19.257,-1.125,-3.273,0.214,-0.708,0.739,Frame_44,,7.23
09:33:19.757,-1.149,-3.310,0.330,-0.676,0.737,Frame_44,,7.23
09:33:20.257,-1.176,-3.344,0.421,-0.623,0.724,Frame_45,,7.23
09:33:20.757,-1.224,-3.394,0.445,-0.576,0.748,Frame_45,,7.23
09:33:21.257,-1.271,-3.436,0.465,-0.500,0.742,Frame_45,,7.23
09:33:21.757,-1.324,-3.475,0.459,-0.448,0.738,Frame_45,,7.23
09:33:22.257,-1.383,-3.515,0.434,-0.348,0.721,Frame_45,,7.23
09:33:22.757,-1.427,-3.541,0.416,-0.161,0.717,Frame_45,,7.23
09:33:23.258,-1.493,-3.576,0.419,-0.021,0.725,Frame_45,,7.23
09:33:23.757,-1.537,-3.600,0.419,0.036,0.701,Frame_45,,7.23
09:33:24.257,-1.609,-3.640,0.405,0.066,0.666,Frame_46,,8.26
09:33:24.757,-1.644,-3.659,0.389,0.163,0.616,Frame_46,,8.26
09:33:25.257,-1.703,-3.693,0.384,0.154,0.561,Frame_46,,8.26
09:33:25.758,-1.757,-3.727,0.394,0.087,0.491,Frame_46,,8.26
09:33:26.257,-1.802,-3.756,0.369,0.038,0.448,Frame_46,,8.26
09:33:26.757,-1.844,-3.783,0.351,0.195,0.385,Frame_46,,8.26
09:33:27.257,-1.890,-3.815,0.341,0.472,0.371,Frame_47,,8.26
09:33:27.757,-1.926,-3.844,0.320,0.685,0.325,Frame_47,,8.26
09:33:28.260,-1.962,-3.879,0.298,0.894,0.298,Frame_47,,8.26
09:33:28.757,-1.987,-3.911,0.261,1.011,0.282,Frame_47,,8.26
09:33:29.258,-2.007,-3.945,0.212,1.036,0.263,Frame_47,,9.37
09:33:29.757,-2.016,-3.969,0.191,1.057,0.280,Frame_47,,9.37
09:33:30.257,-2.023,-4.000,0.163,1.057,0.286,Frame_48,,9.37
09:33:30.758,-2.024,-4.022,0.132,1.061,0.301,Frame_48,,9.37
09:33:31.257,-2.022,-4.039,0.080,1.046,0.301,Frame_48,,9.37
09:33:31.757,-2.020,-4.048,0.050,1.017,0.299,Frame_48,,9.37
09:33:32.257,-2.018,-4.051,0.007,0.987,0.308,Frame_48,,9.37
09:33:32.757,-2.020,-4.049,-0.034,0.918,0.305,Frame_48,,9.37
09:33:33.257,-2.024,-4.045,-0.073,0.855,0.299,Frame_48,,9.37
09:33:33.757,-2.032,-4.037,-0.094,0.784,0.308,Frame_49,,9.37
09:33:34.257,-2.045,-4.027,-0.125,0.724,0.290,Frame_49,,9.37
09:33:34.757,-2.062,-4.017,-0.144,0.617,0.281,Frame_49,,9.37
09:33:35.259,-2.083,-4.007,-0.152,0.531,0.266,Frame_49,,9.37
09:33:35.757,-2.103,-3.999,0.024,0.244,0.264,Frame_49,"Chiave 1 raccolta! [X: -2.097, Y: -4.001]",9.37
09:33:36.257,-2.114,-3.995,0.080,0.442,0.264,Frame_49,,9.37
09:33:36.757,-2.107,-3.997,0.091,0.761,0.259,Frame_49,,9.37
09:33:37.260,-2.082,-4.000,0.152,0.832,0.262,Frame_49,,9.37
09:33:37.759,-2.061,-3.999,0.244,0.864,0.274,Frame_50,,9.37
09:33:38.257,-2.026,-3.994,0.267,0.910,0.286,Frame_50,,9.37
09:33:38.757,-1.982,-3.982,0.387,0.844,0.303,Frame_50,,9.37
09:33:39.257,-1.930,-3.960,0.481,0.722,0.323,Frame_50,,9.37
09:33:39.757,-1.861,-3.921,0.542,0.645,0.339,Frame_50,,9.37
09:33:40.257,-1.796,-3.876,0.582,0.555,0.368,Frame_50,,9.37
09:33:40.757,-1.723,-3.815,0.616,0.450,0.401,Frame_51,,9.37
09:33:41.257,-1.661,-3.755,0.634,0.375,0.459,Frame_51,,9.37
09:33:41.757,-1.593,-3.682,0.603,0.315,0.489,Frame_51,,9.37
09:33:42.257,-1.539,-3.619,0.598,0.209,0.582,Frame_51,,9.37
09:33:42.757,-1.480,-3.544,0.584,0.127,0.600,Frame_51,,9.37
09:33:43.257,-1.431,-3.480,0.571,0.163,0.687,Frame_51,,9.37
09:33:43.757,-1.378,-3.407,0.564,0.134,0.680,Frame_51,,9.37
09:33:44.257,-1.333,-3.342,0.558,0.116,0.638,Frame_52,,10.26
09:33:44.757,-1.283,-3.268,0.558,0.087,0.629,Frame_52,,10.26
09:33:45.257,-1.234,-3.193,0.558,0.056,0.609,Frame_52,,10.26
09:33:45.757,-1.192,-3.127,0.555,0.015,0.609,Frame_52,,10.26
09:33:46.257,-1.138,-3.042,0.550,-0.016,0.629,Frame_52,,10.26
09:33:46.757,-1.096,-2.976,0.568,-0.044,0.633,Frame_52,,10.26
09:33:47.257,-1.047,-2.901,0.539,-0.074,0.681,Frame_53,,10.26
09:33:47.757,-1.002,-2.832,0.510,-0.138,0.718,Frame_53,,10.26
09:33:48.257,-0.956,-2.766,0.497,-0.164,0.738,Frame_53,,10.26
09:33:48.757,-0.916,-2.711,0.480,-0.173,0.724,Frame_53,,10.26
09:33:49.257,-0.868,-2.650,0.487,-0.255,0.724,Frame_53,,10.53
09:33:49.757,-0.811,-2.582,0.500,-0.283,0.720,Frame_53,,10.53
09:33:50.257,-0.763,-2.529,0.514,-0.228,0.715,Frame_54,,10.53
09:33:50.757,-0.705,-2.470,0.516,-0.203,0.717,Frame_54,,10.53
09:33:51.257,-0.647,-2.415,0.488,-0.172,0.731,Frame_54,,10.53
09:33:51.757,-0.590,-2.363,0.488,-0.125,0.732,Frame_54,,10.53
09:33:52.257,-0.539,-2.319,0.468,-0.082,0.760,Frame_54,,10.53
09:33:52.757,-0.483,-2.272,0.451,-0.043,0.791,Frame_54,,10.53
09:33:53.257,-0.435,-2.231,0.446,-0.017,0.774,Frame_54,,10.53
09:33:53.757,-0.380,-2.186,0.420,-0.031,0.738,Frame_55,,10.53
09:33:54.257,-0.329,-2.143,0.417,0.024,0.675,Frame_55,,10.75
09:33:54.757,-0.283,-2.105,0.432,0.052,0.638,Frame_55,,10.75
09:33:55.257,-0.230,-2.061,0.436,0.100,0.584,Frame_55,,10.75
09:33:55.757,-0.183,-2.020,0.456,0.154,0.552,Frame_55,,10.75
09:33:56.257,-0.128,-1.970,0.472,0.210,0.486,Frame_55,,10.75
09:33:56.757,-0.074,-1.918,0.466,0.274,0.460,Frame_56,,10.75
09:33:57.257,-0.041,-1.884,0.481,0.285,0.390,Frame_56,,10.75
09:33:57.757,0.013,-1.823,0.511,0.358,0.371,Frame_56,,10.75
09:33:58.257,0.057,-1.769,0.489,0.400,0.322,Frame_56,,10.75
09:33:58.757,0.107,-1.698,0.500,0.449,0.308,Frame_56,,10.75
09:33:59.257,0.148,-1.630,0.494,0.447,0.289,Frame_56,,10.75
09:33:59.757,0.184,-1.559,0.484,0.464,0.278,Frame_56,,10.75
09:34:00.257,0.214,-1.488,0.475,0.476,0.306,Frame_57,,10.75
09:34:00.757,0.238,-1.414,0.504,0.425,0.325,Frame_57,,10.75
09:34:01.259,0.260,-1.333,0.545,0.357,0.345,Frame_57,,10.75
09:34:01.757,0.279,-1.236,0.556,0.190,0.388,Frame_57,,10.75
09:34:02.257,0.290,-1.170,0.574,0.126,0.419,Frame_57,,10.75
09:34:02.758,0.308,-1.047,0.559,0.092,0.523,Frame_57,,10.75
09:34:03.257,0.323,-0.926,0.546,0.051,0.601,Frame_58,,10.75
09:34:03.757,0.334,-0.828,0.557,0.039,0.691,Frame_58,,10.75
09:34:04.257,0.344,-0.728,0.560,0.021,0.747,Frame_58,,10.92
09:34:04.757,0.355,-0.617,0.555,0.005,0.824,Frame_58,,10.92
09:34:05.257,0.366,-0.505,0.566,-0.007,0.949,Frame_58,,10.92
09:34:05.759,0.377,-0.393,0.567,-0.000,1.043,Frame_59,,10.92
09:34:06.257,0.388,-0.281,0.552,-0.011,1.145,Frame_59,,10.92
09:34:06.757,0.398,-0.184,0.547,-0.020,1.183,Frame_59,,10.92
09:34:07.257,0.409,-0.076,0.543,-0.023,1.191,Frame_59,,10.92
09:34:07.757,0.421,0.032,0.533,-0.022,1.099,Frame_59,,10.92
09:34:08.260,0.433,0.137,0.511,-0.036,0.993,Frame_59,,10.92
09:34:08.757,0.445,0.237,0.499,-0.032,0.896,Frame_60,,10.92
09:34:09.257,0.459,0.344,0.484,-0.040,0.819,Frame_60,,10.94
09:34:09.757,0.471,0.436,0.449,-0.018,0.714,Frame_60,,10.94
09:34:10.257,0.483,0.522,0.412,-0.036,0.659,Frame_60,,10.94
09:34:10.761,0.495,0.599,0.359,-0.031,0.592,Frame_61,,10.94
09:34:11.257,0.506,0.667,0.324,-0.117,0.540,Frame_61,,10.94
09:34:11.757,0.517,0.728,0.391,-0.334,0.506,Frame_61,,10.94
09:34:12.260,0.531,0.790,0.392,-0.485,0.447,Frame_61,,10.94
09:34:12.757,0.547,0.843,0.293,-0.467,0.446,Frame_61,,10.94
09:34:13.257,0.563,0.884,0.241,-0.380,0.411,Frame_61,,10.94
09:34:13.760,0.579,0.916,0.193,-0.356,0.384,Frame_62,,10.94
09:34:14.257,0.595,0.946,0.164,-0.347,0.376,Frame_62,,10.96
09:34:14.757,0.609,0.968,0.133,-0.343,0.366,Frame_62,,10.96
09:34:15.257,0.621,0.985,0.114,-0.414,0.359,Frame_62,,10.96
09:34:15.757,0.632,0.998,0.092,-0.547,0.356,Frame_62,,10.96
09:34:16.257,0.640,1.006,0.063,-0.625,0.353,Frame_62,,10.96
09:34:16.757,0.645,1.010,0.041,-0.645,0.343,Frame_63,,10.96
09:34:17.257,0.649,1.013,0.013,-0.623,0.336,Frame_63,,10.96
09:34:17.757,0.650,1.013,-0.001,-0.583,0.334,Frame_63,,10.96
09:34:18.257,0.649,1.013,-0.003,-0.539,0.340,Frame_63,,10.96
09:34:18.757,0.648,1.013,-0.002,-0.483,0.346,Frame_63,,10.96
09:34:19.258,0.646,1.012,-0.017,-0.425,0.350,Frame_63,,10.96
09:34:19.757,0.644,1.012,-0.005,-0.375,0.347,Frame_64,,10.96
09:34:20.257,0.643,1.012,-0.109,0.087,0.353,Frame_64,"Chiave 2 raccolta! [X: 0.644, Y: 1.012]",10.96
09:34:20.757,0.623,1.009,-0.079,0.223,0.365,Frame_64,,10.96
09:34:21.257,0.613,1.007,-0.067,0.323,0.385,Frame_64,,10.96
09:34:21.757,0.603,1.005,-0.051,0.362,0.392,Frame_64,,10.96
09:34:22.257,0.595,1.003,-0.052,0.426,0.405,Frame_64,,10.96
09:34:22.757,0.588,1.000,-0.047,0.493,0.408,Frame_65,,10.96
09:34:23.257,0.583,0.998,0.006,0.669,0.418,Frame_65,,10.96
09:34:23.757,0.585,0.999,0.022,0.796,0.413,Frame_65,,10.96
09:34:24.257,0.589,1.002,0.040,0.849,0.403,Frame_65,,10.96
09:34:24.757,0.594,1.007,0.075,0.838,0.394,Frame_65,,10.96
09:34:25.257,0.605,1.022,0.179,0.793,0.375,Frame_65,,10.96
09:34:25.757,0.620,1.047,0.289,0.700,0.361,Frame_65,,10.96
09:34:26.258,0.642,1.097,0.435,0.503,0.328,Frame_66,,10.96
09:34:26.757,0.668,1.169,0.411,0.298,0.310,Frame_66,,10.96
09:34:27.257,0.685,1.225,0.427,0.099,0.283,Frame_66,,10.96
09:34:27.757,0.703,1.290,0.407,-0.080,0.291,Frame_66,,10.96
09:34:28.257,0.721,1.350,0.377,-0.157,0.271,Frame_66,,10.96
09:34:28.757,0.739,1.409,0.397,-0.118,0.266,Frame_66,,10.96
09:34:29.259,0.757,1.463,0.402,-0.124,0.312,Frame_67,,11.24
09:34:29.757,0.780,1.525,0.425,-0.107,0.336,Frame_67,,11.24
09:34:30.257,0.801,1.580,0.427,-0.119,0.379,Frame_67,,11.24
09:34:30.757,0.818,1.624,0.042,-0.286,0.404,Frame_67,,11.24
09:34:31.258,0.813,1.612,-0.200,-0.189,0.425,Frame_67,,11.24
09:34:31.757,0.799,1.585,-0.243,-0.128,0.408,Frame_67,,11.24
09:34:32.257,0.787,1.559,-0.236,-0.092,0.398,Frame_67,,11.24
09:34:32.757,0.770,1.527,-0.221,-0.084,0.381,Frame_68,,11.24
09:34:33.257,0.756,1.499,-0.216,-0.078,0.359,Frame_68,,11.24
09:34:33.757,0.739,1.469,-0.214,-0.071,0.346,Frame_68,,11.24
09:34:34.259,0.723,1.440,-0.212,-0.075,0.353,Frame_68,,11.24
09:34:34.757,0.703,1.404,-0.247,-0.140,0.332,Frame_68,,11.24
09:34:35.257,0.682,1.371,-0.255,-0.199,0.345,Frame_68,,11.24
09:34:35.757,0.658,1.334,-0.289,-0.325,0.350,Frame_69,,11.24
09:34:36.257,0.629,1.294,-0.253,-0.472,0.338,Frame_69,,11.24
09:34:36.757,0.608,1.269,-0.210,-0.568,0.390,Frame_69,,11.24
09:34:37.257,0.586,1.248,-0.168,-0.676,0.409,Frame_69,,11.24
09:34:37.757,0.568,1.232,-0.077,-0.782,0.426,Frame_69,,11.24
09:34:38.257,0.560,1.228,-0.049,-0.854,0.436,Frame_69,,11.24
09:34:38.757,0.552,1.224,-0.059,-0.950,0.459,Frame_69,,11.24
09:34:39.257,0.545,1.222,-0.040,-1.034,0.456,Frame_70,,11.24
09:34:39.757,0.540,1.222,-0.030,-1.065,0.470,Frame_70,,11.24
09:34:40.257,0.537,1.222,-0.008,-1.105,0.471,Frame_70,,11.24
09:34:40.757,0.537,1.222,0.011,-1.120,0.464,Frame_70,,11.24
09:34:41.257,0.540,1.220,0.030,-1.144,0.459,Frame_70,,11.24
09:34:41.757,0.544,1.218,0.048,-1.130,0.469,Frame_70,,11.24
09:34:42.257,0.550,1.211,0.098,-1.121,0.451,Frame_71,,11.24
09:34:42.759,0.564,1.194,0.204,-1.044,0.432,Frame_71,,11.24
09:34:43.257,0.580,1.165,0.312,-0.987,0.404,Frame_71,,11.24
09:34:43.757,0.599,1.112,0.435,-0.816,0.379,Frame_71,,11.24
09:34:44.257,0.616,1.039,0.516,-0.649,0.336,Frame_71,,11.24
09:34:44.760,0.626,0.944,0.548,-0.501,0.308,Frame_71,,11.24
09:34:45.257,0.628,0.854,0.581,-0.377,0.291,Frame_72,,11.24
09:34:45.758,0.625,0.762,0.564,-0.299,0.276,Frame_72,,11.24
09:34:46.259,0.615,0.649,0.575,-0.169,0.312,Frame_72,,11.24
09:34:46.757,0.601,0.536,0.568,-0.086,0.385,Frame_72,,11.24
09:34:47.257,0.591,0.458,0.544,0.080,0.430,Frame_72,,11.24
09:34:47.757,0.577,0.350,0.546,0.099,0.518,Frame_72,,11.24
09:34:48.257,0.565,0.241,0.555,-0.032,0.628,Frame_73,,11.24
09:34:48.757,0.552,0.132,0.552,-0.047,0.730,Frame_73,,11.24
09:34:49.257,0.540,0.033,0.557,-0.021,0.826,Frame_73,,11.30
09:34:49.757,0.527,-0.067,0.552,0.007,0.927,Frame_73,,11.30
09:34:50.257,0.515,-0.166,0.553,0.029,1.040,Frame_73,,11.30
09:34:50.757,0.501,-0.276,0.559,0.027,1.094,Frame_74,,11.30
09:34:51.257,0.487,-0.400,0.567,0.012,1.104,Frame_74,,11.30
09:34:51.758,0.475,-0.500,0.551,-0.007,1.093,Frame_74,,11.30
09:34:52.257,0.461,-0.620,0.546,-0.004,1.072,Frame_74,,11.30
09:34:52.757,0.450,-0.717,0.546,-0.050,0.982,Frame_74,,11.30
09:34:53.257,0.436,-0.825,0.540,-0.052,0.896,Frame_75,,11.30
09:34:53.757,0.424,-0.911,0.557,-0.088,0.834,Frame_75,,11.30
09:34:54.257,0.411,-0.999,0.555,-0.110,0.756,Frame_75,,11.32
09:34:54.757,0.398,-1.075,0.557,-0.128,0.710,Frame_75,,11.32
09:34:55.257,0.382,-1.162,0.547,-0.189,0.607,Frame_75,,11.32
09:34:55.757,0.363,-1.248,0.544,-0.237,0.584,Frame_75,,11.32
09:34:56.257,0.338,-1.342,0.533,-0.310,0.506,Frame_76,,11.32
09:34:56.757,0.312,-1.425,0.551,-0.365,0.444,Frame_76,,11.32
09:34:57.257,0.285,-1.497,0.550,-0.414,0.413,Frame_76,,11.32
09:34:57.757,0.249,-1.577,0.549,-0.436,0.360,Frame_76,,11.32
09:34:58.257,0.213,-1.646,0.566,-0.368,0.348,Frame_76,,11.32
09:34:58.757,0.172,-1.715,0.589,-0.302,0.318,Frame_76,,11.32
09:34:59.257,0.119,-1.793,0.581,-0.334,0.301,Frame_76,,11.46
09:34:59.757,0.072,-1.858,0.557,-0.365,0.320,Frame_76,,11.46
09:35:00.259,0.015,-1.927,0.565,-0.357,0.329,Frame_77,,11.46
09:35:00.757,-0.047,-1.994,0.575,-0.343,0.390,Frame_77,,11.46
09:35:01.257,-0.106,-2.051,0.606,-0.270,0.406,Frame_77,,11.46
09:35:01.757,-0.151,-2.092,0.605,-0.203,0.457,Frame_77,,11.46
09:35:02.257,-0.234,-2.163,0.608,-0.151,0.535,Frame_77,,11.46
09:35:02.757,-0.291,-2.210,0.610,-0.115,0.578,Frame_77,,11.46
09:35:03.257,-0.367,-2.270,0.601,-0.067,0.657,Frame_78,,11.46
09:35:03.757,-0.433,-2.321,0.594,0.001,0.738,Frame_78,,11.46
09:35:04.257,-0.516,-2.385,0.564,0.040,0.781,Frame_78,,11.48
09:35:04.757,-0.569,-2.426,0.546,0.067,0.749,Frame_78,,11.48
09:35:05.257,-0.637,-2.480,0.529,0.090,0.755,Frame_78,,11.48
09:35:05.757,-0.693,-2.526,0.502,0.136,0.729,Frame_78,,11.48
09:35:06.257,-0.739,-2.564,0.487,0.125,0.726,Frame_78,,11.48
09:35:06.757,-0.805,-2.623,0.486,0.085,0.747,Frame_79,,11.48
09:35:07.257,-0.848,-2.661,0.467,0.061,0.733,Frame_79,,11.48
09:35:07.758,-0.902,-2.711,0.443,0.025,0.747,Frame_79,,11.48
09:35:08.257,-0.947,-2.752,0.430,0.026,0.766,Frame_79,,11.48
09:35:08.757,-0.998,-2.800,0.431,0.047,0.748,Frame_79,,11.48
09:35:09.257,-1.041,-2.840,0.409,0.030,0.712,Frame_79,,11.48
09:35:09.757,-1.088,-2.885,0.384,-0.004,0.665,Frame_80,,11.48
09:35:10.257,-1.127,-2.922,0.371,-0.037,0.644,Frame_80,,11.48
09:35:10.757,-1.170,-2.962,0.360,-0.079,0.586,Frame_80,,11.48
09:35:11.257,-1.208,-2.997,0.360,-0.121,0.562,Frame_80,,11.48
09:35:11.757,-1.251,-3.035,0.364,-0.151,0.518,Frame_80,,11.48
09:35:12.257,-1.290,-3.068,0.359,-0.192,0.471,Frame_80,,11.48
09:35:12.757,-1.336,-3.105,0.377,-0.236,0.457,Frame_80,,11.48
09:35:13.257,-1.378,-3.137,0.384,-0.318,0.406,Frame_81,,11.48
09:35:13.757,-1.428,-3.170,0.373,-0.366,0.388,Frame_81,,11.48
09:35:14.257,-1.467,-3.194,0.399,-0.416,0.374,Frame_81,,11.49
09:35:14.760,-1.523,-3.223,0.375,-0.468,0.344,Frame_81,,11.49
09:35:15.257,-1.571,-3.244,0.374,-0.492,0.331,Frame_81,,11.49
09:35:15.757,-1.626,-3.264,0.350,-0.504,0.320,Frame_81,,11.49
09:35:16.257,-1.671,-3.276,0.313,-0.529,0.305,Frame_81,,11.49
09:35:16.757,-1.720,-3.285,0.297,-0.537,0.315,Frame_82,,11.49
09:35:17.257,-1.762,-3.290,0.300,-0.513,0.310,Frame_82,,11.49
09:35:17.757,-1.807,-3.291,0.242,-0.546,0.309,Frame_82,,11.49
09:35:18.257,-1.846,-3.289,0.236,-0.479,0.324,Frame_82,,11.49
09:35:18.759,-1.882,-3.284,0.236,-0.440,0.324,Frame_82,,11.49
09:35:19.257,-1.913,-3.277,0.222,-0.435,0.331,Frame_82,,11.81
09:35:19.757,-1.947,-3.268,0.228,-0.480,0.314,Frame_83,,11.81
09:35:20.257,-1.978,-3.257,0.255,-0.563,0.335,Frame_83,,11.81
09:35:20.757,-2.016,-3.240,0.225,-0.575,0.334,Frame_83,,11.81
09:35:21.257,-2.021,-3.237,-0.169,-0.531,0.353,Frame_83,,11.81
09:35:21.757,-1.992,-3.257,-0.245,-0.558,0.359,Frame_83,,11.81
09:35:22.257,-1.967,-3.277,-0.176,-0.600,0.356,Frame_83,,11.81
09:35:22.757,-1.949,-3.293,-0.155,-0.665,0.378,Frame_83,,11.81
09:35:23.257,-1.932,-3.312,-0.156,-0.640,0.383,Frame_84,,11.81
09:35:23.757,-1.920,-3.329,-0.109,-0.651,0.386,Frame_84,,11.81
09:35:24.257,-1.912,-3.342,-0.090,-0.723,0.360,Frame_84,,11.81
09:35:24.757,-1.906,-3.355,-0.066,-0.753,0.341,Frame_84,,11.81
09:35:25.257,-1.904,-3.362,-0.049,-0.786,0.346,Frame_84,,11.81
09:35:25.757,-1.903,-3.369,-0.044,-0.856,0.335,Frame_84,,11.81
09:35:26.257,-1.902,-3.375,-0.025,-0.879,0.314,Frame_84,,11.81
09:35:26.757,-1.903,-3.379,-0.004,-0.894,0.314,Frame_85,,11.81
09:35:27.257,-1.903,-3.379,0.004,-0.895,0.313,Frame_85,,11.81
09:35:27.759,-1.903,-3.380,0.007,-0.888,0.305,Frame_85,,11.81
09:35:28.257,-1.902,-3.378,0.012,-0.875,0.315,Frame_85,,11.81
09:35:28.757,-1.897,-3.372,0.098,-0.780,0.312,Frame_85,,11.81
09:35:29.257,-1.884,-3.359,0.213,-0.755,0.331,Frame_85,,11.81
09:35:29.757,-1.859,-3.338,0.290,-0.722,0.359,Frame_86,,11.81
09:35:30.257,-1.815,-3.309,0.427,-0.518,0.377,Frame_86,,11.81
09:35:30.757,-1.759,-3.277,0.513,-0.300,0.343,Frame_86,,11.81
09:35:31.257,-1.681,-3.238,0.620,-0.101,0.289,Frame_86,,11.81
09:35:31.757,-1.603,-3.201,0.631,0.032,0.268,Frame_86,,11.81
09:35:32.257,-1.505,-3.154,0.609,0.176,0.246,Frame_86,,11.81
09:35:32.757,-1.432,-3.116,0.580,0.269,0.240,Frame_86,,11.81
09:35:33.257,-1.352,-3.071,0.576,0.355,0.282,Frame_87,,11.81
09:35:33.757,-1.293,-3.034,0.586,0.332,0.319,Frame_87,,11.81
09:35:34.257,-1.205,-2.972,0.612,0.239,0.393,Frame_87,,11.88
09:35:34.757,-1.137,-2.920,0.617,0.181,0.487,Frame_87,,11.88
09:35:35.257,-1.051,-2.850,0.605,0.077,0.530,Frame_87,,11.88
09:35:35.757,-0.986,-2.795,0.608,0.046,0.608,Frame_87,,11.88
09:35:36.258,-0.912,-2.733,0.591,0.067,0.658,Frame_88,,11.88
09:35:36.757,-0.851,-2.680,0.563,0.054,0.748,Frame_88,,11.88
09:35:37.257,-0.784,-2.621,0.545,0.008,0.777,Frame_88,,11.88
09:35:37.757,-0.728,-2.572,0.526,-0.031,0.757,Frame_88,,11.88
09:35:38.260,-0.666,-2.518,0.504,0.010,0.748,Frame_88,,11.88
09:35:38.757,-0.621,-2.478,0.498,0.025,0.739,Frame_88,,11.88
09:35:39.257,-0.554,-2.419,0.483,0.028,0.754,Frame_88,,11.88
09:35:39.757,-0.504,-2.375,0.463,0.004,0.760,Frame_89,,11.88
09:35:40.257,-0.450,-2.327,0.442,-0.074,0.780,Frame_89,,11.88
09:35:40.757,-0.403,-2.286,0.439,-0.057,0.791,Frame_89,,11.88
09:35:41.257,-0.350,-2.241,0.434,-0.052,0.759,Frame_89,,11.88
09:35:41.759,-0.299,-2.197,0.420,-0.025,0.697,Frame_89,,11.88
09:35:42.257,-0.253,-2.159,0.427,0.010,0.660,Frame_89,,11.88
09:35:42.757,-0.208,-2.121,0.420,0.030,0.603,Frame_89,,11.88
09:35:43.257,-0.156,-2.077,0.438,0.103,0.576,Frame_90,,11.88
09:35:43.757,-0.109,-2.036,0.450,0.164,0.512,Frame_90,,11.88
09:35:44.257,-0.055,-1.987,0.476,0.233,0.492,Frame_90,,11.88
09:35:44.757,-0.007,-1.940,0.475,0.279,0.425,Frame_90,,11.88
09:35:45.257,0.044,-1.886,0.467,0.367,0.389,Frame_90,,11.88
09:35:45.757,0.087,-1.835,0.480,0.403,0.351,Frame_90,,11.88
09:35:46.257,0.133,-1.773,0.498,0.431,0.315,Frame_91,,11.88
09:35:46.759,0.186,-1.690,0.486,0.460,0.278,Frame_91,,11.88
09:35:47.257,0.218,-1.630,0.482,0.467,0.267,Frame_91,,11.88
09:35:47.757,0.250,-1.559,0.487,0.466,0.280,Frame_91,,11.88
09:35:48.257,0.276,-1.486,0.483,0.460,0.302,Frame_91,,11.88
09:35:48.758,0.296,-1.418,0.517,0.409,0.311,Frame_91,,11.88
09:35:49.257,0.314,-1.334,0.554,0.352,0.341,Frame_92,,11.89
09:35:49.757,0.328,-1.246,0.565,0.206,0.391,Frame_92,,11.89
09:35:50.257,0.342,-1.135,0.558,0.112,0.431,Frame_92,,11.89
09:35:50.758,0.352,-1.035,0.558,0.057,0.513,Frame_92,,11.89
09:35:51.257,0.361,-0.925,0.560,0.035,0.581,Frame_92,,11.89
09:35:51.757,0.370,-0.813,0.561,0.020,0.670,Frame_92,,11.89
09:35:52.257,0.379,-0.701,0.566,-0.007,0.761,Frame_93,,11.89
09:35:52.757,0.387,-0.589,0.558,-0.009,0.869,Frame_93,,11.89
09:35:53.257,0.395,-0.489,0.545,-0.004,0.974,Frame_93,,11.89
09:35:53.757,0.404,-0.379,0.549,-0.019,1.062,Frame_93,,11.89
09:35:54.257,0.413,-0.270,0.545,-0.022,1.191,Frame_93,,11.90
09:35:54.757,0.422,-0.170,0.570,-0.007,1.224,Frame_94,,11.90
09:35:55.257,0.431,-0.069,0.554,-0.033,1.149,Frame_94,,11.90
09:35:55.757,0.441,0.041,0.544,-0.018,1.052,Frame_94,,11.90
09:35:56.257,0.451,0.148,0.545,-0.031,0.956,Frame_94,,11.90
09:35:56.757,0.460,0.235,0.532,-0.027,0.894,Frame_94,,11.90
09:35:57.257,0.471,0.340,0.542,-0.028,0.818,Frame_95,,11.90
09:35:57.757,0.483,0.446,0.524,-0.046,0.719,Frame_95,,11.90
09:35:58.257,0.496,0.550,0.527,-0.062,0.644,Frame_95,,11.90
09:35:58.757,0.512,0.667,0.540,-0.092,0.550,Frame_95,,11.90
09:35:59.259,0.523,0.741,0.524,-0.116,0.491,Frame_95,,11.90
09:35:59.757,0.535,0.813,0.513,-0.126,0.465,Frame_95,,11.90
09:36:00.257,0.552,0.903,0.501,-0.140,0.428,Frame_96,,11.90
09:36:00.757,0.566,0.970,0.472,-0.154,0.416,Frame_96,,11.90
09:36:01.257,0.585,1.051,0.453,-0.175,0.389,Frame_96,,11.90
09:36:01.757,0.602,1.112,0.467,-0.171,0.376,Frame_96,,11.90
09:36:02.258,0.623,1.183,0.454,-0.174,0.368,Frame_96,,11.90
09:36:02.757,0.645,1.251,0.417,-0.238,0.354,Frame_96,,11.90
09:36:03.257,0.664,1.303,0.369,-0.291,0.360,Frame_97,,11.90
09:36:03.757,0.691,1.369,0.358,-0.266,0.352,Frame_97,,11.90
09:36:04.257,0.715,1.420,0.429,-0.166,0.351,Frame_97,,11.95
09:36:04.757,0.746,1.482,0.428,-0.173,0.367,Frame_97,,11.95
09:36:05.257,0.773,1.533,0.399,-0.146,0.394,Frame_97,,11.95
09:36:05.757,0.804,1.586,0.360,-0.125,0.415,Frame_97,,11.95
09:36:06.257,0.829,1.631,0.373,-0.030,0.434,Frame_97,,11.95
09:36:06.757,0.860,1.682,0.363,-0.000,0.480,Frame_98,,11.95
09:36:07.257,0.881,1.718,0.355,0.013,0.500,Frame_98,,11.95
09:36:07.757,0.912,1.771,0.327,0.037,0.544,Frame_98,,11.95
09:36:08.257,0.932,1.804,0.323,0.046,0.582,Frame_98,,11.95
09:36:08.757,0.957,1.849,0.320,0.039,0.610,Frame_98,,11.95
09:36:09.257,0.979,1.888,0.315,-0.005,0.675,Frame_98,,12.20
09:36:09.757,1.002,1.928,0.332,-0.312,0.699,Frame_99,,12.20
09:36:10.257,1.026,1.967,0.320,-0.474,0.718,Frame_99,,12.20
09:36:10.757,1.056,2.008,0.301,-0.534,0.785,Frame_99,,12.20
09:36:11.257,1.082,2.038,0.262,-0.314,0.786,Frame_99,,12.20
09:36:11.757,1.107,2.066,0.206,-0.413,0.762,Frame_99,,12.20
09:36:12.257,1.127,2.085,0.190,-0.515,0.759,Frame_99,,12.20
09:36:12.757,1.146,2.100,0.152,-0.552,0.727,Frame_99,,12.20
09:36:13.257,1.162,2.111,0.124,-0.566,0.718,Frame_100,,12.20
09:36:13.757,1.175,2.119,0.083,-0.562,0.713,Frame_100,,12.20
09:36:14.257,1.186,2.124,0.067,-0.541,0.698,Frame_100,,12.20
09:36:14.757,1.192,2.127,0.036,-0.501,0.700,Frame_100,,12.20
09:36:15.257,1.196,2.128,0.004,-0.464,0.698,Frame_100,,12.20
09:36:15.757,1.195,2.128,-0.015,-0.420,0.690,Frame_100,,12.20
09:36:16.260,1.191,2.127,-0.033,-0.367,0.689,Frame_100,,12.20
09:36:16.757,1.187,2.127,-0.047,-0.302,0.704,Frame_101,,12.20
09:36:17.257,1.178,2.126,-0.054,-0.267,0.702,Frame_101,,12.20
09:36:17.757,1.171,2.126,-0.051,-0.207,0.710,Frame_101,,12.20
09:36:18.257,1.163,2.126,-0.055,-0.174,0.730,Frame_101,,12.20
09:36:18.759,1.152,2.126,-0.057,-0.114,0.726,Frame_101,,12.20
09:36:19.257,1.142,2.127,-0.054,-0.071,0.739,Frame_101,,12.20
09:36:19.757,1.132,2.128,-0.053,-0.052,0.746,Frame_102,,12.20
09:36:20.257,1.120,2.129,-0.049,-0.034,0.757,Frame_102,,12.20
09:36:20.757,1.113,2.130,-0.046,-0.018,0.757,Frame_102,,12.20
09:36:21.257,1.102,2.131,-0.076,0.088,0.759,Frame_102,,12.20
09:36:21.757,1.085,2.132,-0.101,0.266,0.743,Frame_102,,12.20
09:36:22.257,1.069,2.132,-0.072,0.368,0.729,Frame_102,,12.20
09:36:22.757,1.060,2.132,-0.043,0.463,0.704,Frame_103,,12.20
09:36:23.257,1.057,2.132,-0.001,0.529,0.720,Frame_103,,12.20
09:36:23.757,1.060,2.132,0.050,0.612,0.723,Frame_103,,12.20
09:36:24.257,1.071,2.135,0.082,0.688,0.713,Frame_103,,12.20
09:36:24.757,1.079,2.139,0.059,0.711,0.717,Frame_103,,12.20
09:36:25.257,1.084,2.141,0.016,0.761,0.748,Frame_103,,12.20
09:36:25.757,1.086,2.143,0.034,0.791,0.752,Frame_104,,12.20
09:36:26.257,1.089,2.145,0.035,0.838,0.765,Frame_104,,12.20
09:36:26.757,1.094,2.150,0.060,0.889,0.762,Frame_104,,12.20
09:36:27.257,1.099,2.157,0.097,0.902,0.773,Frame_104,,12.20
09:36:27.759,1.107,2.172,0.146,0.884,0.756,Frame_104,,12.20
09:36:28.257,1.117,2.198,0.228,0.825,0.739,Frame_104,,12.20
09:36:28.757,1.126,2.232,0.267,0.756,0.730,Frame_104,,12.20
09:36:29.257,1.132,2.278,0.327,0.647,0.721,Frame_105,,12.20
09:36:29.757,1.133,2.338,0.346,0.559,0.708,Frame_105,,12.20
09:36:30.257,1.129,2.394,0.360,0.454,0.707,Frame_105,,12.20
09:36:30.757,1.122,2.442,0.325,0.373,0.721,Frame_105,,12.20
09:36:31.257,1.113,2.486,0.315,0.316,0.736,Frame_105,,12.20
09:36:31.757,1.102,2.528,0.304,0.277,0.738,Frame_105,,12.20
09:36:32.257,1.091,2.568,0.278,0.239,0.729,Frame_105,,12.20
09:36:32.757,1.077,2.611,0.275,0.066,0.709,Frame_106,,12.20
09:36:33.257,1.066,2.642,0.276,-0.167,0.693,Frame_106,,12.20
09:36:33.757,1.054,2.680,0.316,-0.533,0.684,Frame_106,,12.20
09:36:34.257,1.041,2.733,0.373,-0.774,0.660,Frame_106,,12.20
09:36:34.757,1.034,2.786,0.397,-0.860,0.641,Frame_106,,12.20
09:36:35.257,1.035,2.849,0.374,-0.911,0.616,Frame_106,,12.20
09:36:35.757,1.043,2.906,0.353,-0.924,0.592,Frame_107,,12.20
09:36:36.257,1.056,2.950,0.301,-0.884,0.602,Frame_107,,12.20
09:36:36.757,1.075,2.992,0.258,-0.871,0.605,Frame_107,,12.20
09:36:37.258,1.092,3.021,0.207,-0.834,0.603,Frame_107,,12.20
09:36:37.757,1.109,3.042,0.170,-0.792,0.616,Frame_107,,12.20
09:36:38.257,1.126,3.060,0.132,-0.753,0.621,Frame_107,,12.20
09:36:38.757,1.137,3.069,0.098,-0.699,0.637,Frame_107,,12.20
09:36:39.257,1.148,3.076,0.078,-0.652,0.636,Frame_108,,12.53
09:36:39.757,1.157,3.080,0.054,-0.588,0.648,Frame_108,,12.53
09:36:40.257,1.162,3.083,0.028,-0.555,0.650,Frame_108,,12.53
09:36:40.757,1.164,3.084,0.001,-0.399,0.651,Frame_108,,12.53
09:36:41.257,1.164,3.083,-0.017,-0.213,0.636,Frame_108,,12.53
09:36:41.757,1.160,3.083,-0.015,0.025,0.632,Frame_108,,12.53
09:36:42.257,1.160,3.083,0.020,0.211,0.637,Frame_108,,12.53
09:36:42.757,1.164,3.084,0.029,0.500,0.654,Frame_109,,12.53
09:36:43.257,1.167,3.085,0.036,0.658,0.643,Frame_109,,12.53
09:36:43.758,1.172,3.087,0.039,0.755,0.655,Frame_109,,12.53
09:36:44.257,1.178,3.090,0.051,0.779,0.665,Frame_109,,12.53
09:36:44.757,1.185,3.095,0.057,0.771,0.680,Frame_109,,12.53
09:36:45.257,1.190,3.100,0.059,0.719,0.671,Frame_109,,12.53
09:36:45.757,1.196,3.107,0.132,0.631,0.685,Frame_109,,12.53
09:36:46.257,1.209,3.124,0.249,0.592,0.710,Frame_109,,12.53
09:36:46.757,1.230,3.159,0.384,0.530,0.720,Frame_110,,12.53
09:36:47.257,1.256,3.209,0.431,0.465,0.718,Frame_110,,12.53
09:36:47.757,1.284,3.271,0.435,0.418,0.707,Frame_110,,12.53
09:36:48.257,1.305,3.329,0.433,0.363,0.668,Frame_110,,12.53
09:36:48.757,1.325,3.395,0.428,0.273,0.657,Frame_110,,12.53
09:36:49.257,1.340,3.450,0.384,0.224,0.644,Frame_110,,12.81
09:36:49.757,1.353,3.508,0.320,0.220,0.642,Frame_111,,12.81
09:36:50.257,1.358,3.536,0.086,0.510,0.617,Frame_111,,12.81
09:36:50.757,1.359,3.545,0.045,0.605,0.618,Frame_111,,12.81
09:36:51.257,1.359,3.561,0.236,0.495,0.630,Frame_111,,12.81
09:36:51.757,1.357,3.596,0.334,0.446,0.627,Frame_111,,12.81
09:36:52.257,1.350,3.650,0.351,0.392,0.627,Frame_111,,12.81
09:36:52.757,1.341,3.699,0.375,0.339,0.631,Frame_111,,12.81
09:36:53.257,1.327,3.757,0.360,0.301,0.652,Frame_112,,12.81
09:36:53.757,1.311,3.811,0.348,0.220,0.660,Frame_112,,12.81
09:36:54.257,1.301,3.843,0.314,0.084,0.694,Frame_112,,13.17
09:36:54.757,1.285,3.890,0.304,0.010,0.704,Frame_112,,13.17
09:36:55.257,1.272,3.929,0.286,-0.030,0.704,Frame_112,,13.17
09:36:55.757,1.258,3.972,0.266,-0.119,0.730,Frame_112,,13.17
09:36:56.257,1.248,4.003,0.306,-0.578,0.730,Frame_112,,13.17
09:36:56.758,1.237,4.046,0.349,-0.757,0.698,Frame_113,,13.17
09:36:57.257,1.230,4.105,0.382,-0.888,0.681,Frame_113,,13.17
09:36:57.757,1.230,4.158,0.381,-0.907,0.658,Frame_113,,13.17
09:36:58.257,1.239,4.217,0.354,-0.908,0.642,Frame_113,,13.17
09:36:58.757,1.251,4.263,0.320,-0.891,0.643,Frame_113,,13.17
09:36:59.257,1.271,4.308,0.273,-0.849,0.643,Frame_113,,13.17
09:36:59.757,1.284,4.330,0.227,-0.814,0.633,Frame_113,,13.17
09:37:00.257,1.306,4.360,0.190,-0.780,0.653,Frame_114,,13.17
09:37:00.757,1.320,4.375,0.141,-0.730,0.660,Frame_114,,13.17
09:37:01.257,1.333,4.387,0.054,-0.434,0.671,Frame_114,,13.17
09:37:01.757,1.336,4.389,-0.010,-0.203,0.670,Frame_114,,13.17
09:37:02.257,1.335,4.388,0.104,-0.115,0.670,Frame_114,,13.17
09:37:02.758,1.343,4.394,0.042,0.210,0.676,Frame_114,,13.17
09:37:03.257,1.348,4.397,0.088,0.464,0.688,Frame_114,,13.17
09:37:03.757,1.362,4.409,0.129,0.602,0.699,Frame_115,,13.17
09:37:04.257,1.375,4.421,0.191,0.647,0.700,Frame_115,,13.17
09:37:04.757,1.395,4.444,0.272,0.645,0.727,Frame_115,,13.17
09:37:05.257,1.424,4.483,0.349,0.592,0.742,Frame_115,,13.17
09:37:05.757,1.446,4.521,0.380,0.486,0.779,Frame_115,,13.17
09:37:06.257,1.470,4.567,0.339,0.550,0.793,Frame_115,,13.17
09:37:06.758,1.488,4.609,0.334,0.615,0.816,Frame_115,,13.17
09:37:07.258,1.506,4.663,0.390,0.548,0.832,Frame_116,,13.17
09:37:07.757,1.517,4.708,0.376,0.465,0.849,Frame_116,,13.17
09:37:08.257,1.528,4.774,0.360,0.400,0.857,Frame_116,,13.17
09:37:08.757,1.533,4.831,0.349,0.329,0.869,Frame_116,,13.17
09:37:09.257,1.536,4.886,0.332,0.102,0.868,Frame_116,,13.83
09:37:09.758,1.537,4.933,0.332,-0.249,0.863,Frame_116,,13.83
09:37:10.257,1.540,4.986,0.267,-0.524,0.852,Frame_117,,13.83
09:37:10.761,1.540,4.989,-0.106,-0.584,0.849,Frame_117,,13.83
09:37:11.257,1.536,4.971,-0.127,-0.707,0.850,Frame_117,,13.83
09:37:11.757,1.531,4.955,-0.031,-0.794,0.833,Frame_117,,13.83
09:37:12.257,1.529,4.950,-0.016,-0.944,0.832,Frame_117,,13.83
09:37:12.757,1.527,4.948,-0.020,-1.002,0.823,Frame_117,,13.83
09:37:13.257,1.525,4.946,-0.009,-1.034,0.807,Frame_117,,13.83
09:37:13.757,1.525,4.945,-0.000,-1.098,0.802,Frame_118,,13.83
09:37:14.257,1.526,4.946,0.019,-1.128,0.803,Frame_118,,14.83
09:37:14.757,1.530,4.947,0.048,-1.130,0.802,Frame_118,,14.83
09:37:15.257,1.536,4.949,0.071,-1.124,0.800,Frame_118,,14.83
09:37:15.757,1.549,4.950,0.128,-1.087,0.808,Frame_118,,14.83
09:37:16.257,1.575,4.948,0.233,-0.949,0.811,Frame_118,,14.83
09:37:16.757,1.616,4.939,0.310,-0.865,0.861,Frame_118,,14.83
09:37:17.257,1.660,4.923,0.382,-0.771,0.800,Frame_119,,14.83
09:37:17.757,1.728,4.888,0.481,-0.628,0.796,Frame_119,,14.83
09:37:18.257,1.795,4.844,0.532,-0.556,0.739,Frame_119,,14.83
09:37:18.757,1.853,4.799,0.500,-0.441,0.723,Frame_119,,14.83
09:37:19.260,1.904,4.754,0.483,-0.386,0.724,Frame_119,,14.83
09:37:19.757,1.959,4.699,0.505,-0.175,0.749,Frame_119,,14.83
09:37:20.257,2.014,4.640,0.492,-0.106,0.750,Frame_119,,14.83
09:37:20.757,2.059,4.591,0.455,-0.256,0.778,Frame_120,,14.83
09:37:21.257,2.100,4.543,0.444,-0.244,0.768,Frame_120,,14.83
09:37:21.757,2.138,4.495,0.419,0.121,0.732,Frame_120,,14.83
09:37:22.257,2.170,4.455,0.451,0.263,0.693,Frame_120,,14.83
09:37:22.757,2.200,4.420,0.453,0.326,0.667,Frame_120,,14.83
09:37:23.258,2.248,4.367,0.441,0.331,0.618,Frame_120,,14.83
09:37:23.757,2.292,4.324,0.438,0.319,0.584,Frame_120,,14.83
09:37:24.257,2.337,4.283,0.423,0.282,0.549,Frame_121,,15.80
09:37:24.757,2.388,4.241,0.394,0.219,0.544,Frame_121,,15.80
09:37:25.257,2.417,4.219,0.362,0.154,0.524,Frame_121,,15.80
09:37:25.757,2.463,4.184,0.362,0.254,0.522,Frame_121,,15.80
09:37:26.257,2.505,4.155,0.363,0.289,0.531,Frame_121,,15.80
09:37:26.759,2.554,4.124,0.345,0.289,0.535,Frame_121,,15.80
09:37:27.257,2.594,4.101,0.308,0.284,0.525,Frame_121,,15.80
09:37:27.757,2.625,4.085,0.276,0.276,0.558,Frame_122,,15.80
09:37:28.257,2.663,4.067,0.240,0.267,0.588,Frame_122,,15.80
09:37:28.757,2.666,4.065,-0.067,-0.131,0.580,Frame_122,,15.80
09:37:29.257,2.658,4.069,0.015,-0.443,0.596,Frame_122,,16.75
09:37:29.757,2.660,4.068,0.030,-0.616,0.590,Frame_122,,16.75
09:37:30.257,2.665,4.065,0.051,-0.826,0.616,Frame_122,,16.75
09:37:30.757,2.672,4.059,0.080,-0.888,0.605,Frame_122,,16.75
09:37:31.257,2.682,4.048,0.142,-0.897,0.617,Frame_123,,16.75
09:37:31.757,2.693,4.033,0.237,-0.889,0.640,Frame_123,,16.75
09:37:32.257,2.711,3.999,0.346,-0.836,0.652,Frame_123,,16.75
09:37:32.757,2.735,3.941,0.437,-0.715,0.678,Frame_123,,16.75
09:37:33.257,2.755,3.869,0.490,-0.594,0.696,Frame_123,,16.75
09:37:33.757,2.766,3.810,0.507,-0.487,0.699,Frame_123,,16.75
09:37:34.257,2.776,3.718,0.539,-0.378,0.720,Frame_123,,16.75
09:37:34.758,2.780,3.641,0.556,-0.267,0.729,Frame_124,,16.75
09:37:35.257,2.781,3.553,0.554,-0.166,0.733,Frame_124,,16.75
09:37:35.757,2.779,3.476,0.535,-0.298,0.761,Frame_124,,16.75
09:37:36.257,2.773,3.393,0.505,-0.229,0.779,Frame_124,,16.75
09:37:36.757,2.765,3.312,0.508,-0.140,0.797,Frame_124,,16.75
09:37:37.257,2.754,3.232,0.509,-0.046,0.815,Frame_124,,16.75
09:37:37.759,2.741,3.142,0.496,0.037,0.765,Frame_125,,16.75
09:37:38.261,2.733,3.084,0.487,0.075,0.743,Frame_125,,16.75
09:37:38.757,2.722,2.999,0.457,0.088,0.723,Frame_125,,16.75
09:37:39.257,2.716,2.945,0.436,0.069,0.700,Frame_125,,17.86
09:37:39.757,2.708,2.879,0.400,0.075,0.681,Frame_125,,17.86
09:37:40.257,2.702,2.811,0.357,0.073,0.667,Frame_125,,17.86
09:37:40.757,2.698,2.760,0.316,0.280,0.664,Frame_125,,17.86
09:37:41.257,2.697,2.743,-0.103,0.368,0.657,Frame_126,,17.86
09:37:41.758,2.696,2.770,-0.251,0.231,0.668,Frame_126,,17.86
09:37:42.258,2.695,2.807,-0.273,0.171,0.674,Frame_126,,17.86
09:37:42.757,2.692,2.851,-0.275,0.133,0.690,Frame_126,,17.86
09:37:43.257,2.688,2.901,-0.277,0.061,0.701,Frame_126,,17.86
09:37:43.757,2.684,2.934,-0.281,0.074,0.700,Frame_126,,17.86
09:37:44.257,2.679,2.984,-0.264,0.084,0.727,Frame_126,,18.27
09:37:44.757,2.675,3.016,-0.275,0.090,0.745,Frame_127,,18.27
09:37:45.257,2.668,3.064,-0.274,0.026,0.761,Frame_127,,18.27
09:37:45.757,2.664,3.098,-0.302,0.012,0.753,Frame_127,,18.27
09:37:46.257,2.657,3.144,-0.281,0.057,0.732,Frame_127,,18.27
09:37:46.758,2.650,3.192,-0.262,0.077,0.709,Frame_127,,18.27
09:37:47.257,2.643,3.235,-0.286,0.014,0.690,Frame_127,,18.27
09:37:47.757,2.636,3.275,-0.303,-0.001,0.676,Frame_128,,18.27
09:37:48.257,2.628,3.321,-0.283,0.006,0.672,Frame_128,,18.27
09:37:48.757,2.621,3.366,-0.291,0.009,0.651,Frame_128,,18.27
09:37:49.257,2.614,3.406,-0.271,0.069,0.632,Frame_128,,18.27
09:37:49.757,2.608,3.442,-0.251,0.098,0.605,Frame_128,,18.27
09:37:50.257,2.600,3.482,-0.270,0.044,0.606,Frame_128,,18.27
09:37:50.757,2.593,3.514,-0.278,0.001,0.597,Frame_128,,18.27
09:37:51.259,2.584,3.559,-0.286,0.048,0.559,Frame_129,,18.27
09:37:51.757,2.575,3.602,-0.272,0.070,0.533,Frame_129,,18.27
09:37:52.257,2.566,3.644,-0.263,0.068,0.532,Frame_129,,18.27
09:37:52.757,2.558,3.679,-0.265,0.091,0.510,Frame_129,,18.27
09:37:53.257,2.547,3.720,-0.280,0.035,0.499,Frame_129,,18.27
09:37:53.758,2.537,3.759,-0.294,0.006,0.476,Frame_129,,18.27
09:37:54.257,2.526,3.805,-0.288,-0.005,0.466,Frame_130,,18.39
09:37:54.760,2.513,3.855,-0.299,-0.013,0.451,Frame_130,,18.39
09:37:55.257,2.502,3.896,-0.287,0.043,0.448,Frame_130,,18.39
09:37:55.757,2.491,3.941,-0.283,0.090,0.441,Frame_130,,18.39
09:37:56.257,2.479,3.984,-0.278,0.103,0.461,Frame_130,,18.39
09:37:56.757,2.467,4.026,-0.269,0.082,0.446,Frame_130,,18.39
09:37:57.257,2.455,4.066,-0.250,0.043,0.470,Frame_131,,18.39
09:37:57.757,2.444,4.101,-0.269,0.037,0.459,Frame_131,,18.39
09:37:58.258,2.430,4.143,-0.281,0.048,0.476,Frame_131,,18.39
09:37:58.757,2.417,4.185,-0.268,0.091,0.515,Frame_131,,18.39
09:37:59.257,2.401,4.229,-0.242,0.070,0.525,Frame_131,,18.39
09:37:59.757,2.392,4.256,-0.246,-0.023,0.548,Frame_131,,18.39
09:38:00.257,2.374,4.305,-0.270,-0.095,0.567,Frame_131,,18.39
09:38:00.757,2.363,4.340,-0.247,-0.080,0.590,Frame_132,,18.39
09:38:01.257,2.351,4.374,-0.263,-0.054,0.612,Frame_132,,18.39
09:38:01.759,2.337,4.419,-0.263,0.017,0.648,Frame_132,,18.39
09:38:02.257,2.326,4.454,-0.264,0.046,0.658,Frame_132,,18.39
09:38:02.757,2.314,4.492,-0.227,0.030,0.700,Frame_132,,18.39
09:38:03.257,2.304,4.522,-0.233,0.030,0.730,Frame_132,,18.39
09:38:03.757,2.292,4.559,-0.196,0.072,0.768,Frame_132,,18.39
09:38:04.257,2.283,4.586,-0.204,0.068,0.795,Frame_133,,18.84
09:38:04.759,2.272,4.615,-0.205,0.059,0.779,Frame_133,,18.84
09:38:05.257,2.260,4.648,-0.233,0.039,0.748,Frame_133,,18.84
09:38:05.757,2.248,4.681,-0.309,0.009,0.724,Frame_133,,18.84
09:38:06.259,2.230,4.728,-0.327,0.024,0.668,Frame_133,,18.84
09:38:06.757,2.213,4.772,-0.337,0.003,0.648,Frame_133,,18.84
09:38:07.257,2.193,4.822,-0.316,0.019,0.595,Frame_134,,18.84
09:38:07.757,2.176,4.868,-0.292,0.067,0.545,Frame_134,,18.84
09:38:08.259,2.157,4.914,-0.263,0.093,0.513,Frame_134,,18.84
09:38:08.757,2.143,4.949,-0.266,0.054,0.490,Frame_134,,18.84
09:38:09.259,2.126,4.987,-0.262,0.053,0.455,Frame_134,,18.84
09:38:09.757,2.114,5.014,-0.232,0.066,0.443,Frame_134,,18.84
09:38:10.257,2.097,5.052,-0.214,0.088,0.436,Frame_135,,18.84
09:38:10.758,2.083,5.083,0.005,0.066,0.393,Frame_135,,18.84
09:38:11.257,2.076,5.097,0.110,-0.192,0.387,Frame_135,,18.84
09:38:11.758,2.079,5.091,0.074,-0.603,0.397,Frame_135,,18.84
09:38:12.257,2.083,5.078,0.130,-0.767,0.382,Frame_135,,18.84
09:38:12.757,2.088,5.056,0.222,-0.825,0.382,Frame_135,,18.84
09:38:13.257,2.091,5.019,0.346,-0.781,0.408,Frame_135,,18.84
09:38:13.757,2.090,4.952,0.429,-0.715,0.449,Frame_136,,18.84
09:38:14.257,2.083,4.899,0.482,-0.636,0.492,Frame_136,,18.84
09:38:14.757,2.060,4.801,0.531,-0.492,0.578,Frame_136,,18.84
09:38:15.257,2.033,4.720,0.541,-0.418,0.678,Frame_136,,18.84
09:38:15.757,2.004,4.649,0.560,-0.309,0.736,Frame_136,,18.84
09:38:16.257,1.972,4.578,0.560,-0.275,0.758,Frame_136,,18.84
09:38:16.760,1.931,4.499,0.562,-0.180,0.700,Frame_136,,18.84
09:38:17.257,1.887,4.420,0.562,-0.176,0.602,Frame_137,,18.84
09:38:17.757,1.847,4.351,0.582,-0.104,0.549,Frame_137,,18.84
09:38:18.257,1.798,4.271,0.587,-0.058,0.445,Frame_137,,18.84
09:38:18.758,1.748,4.190,0.602,0.042,0.375,Frame_137,,18.84
09:38:19.257,1.705,4.121,0.568,0.140,0.328,Frame_137,,19.19
09:38:19.757,1.653,4.031,0.588,0.149,0.303,Frame_137,,19.19
09:38:20.257,1.607,3.948,0.589,0.116,0.290,Frame_138,,19.19
09:38:20.760,1.573,3.886,0.587,0.128,0.296,Frame_138,,19.19
09:38:21.257,1.526,3.792,0.588,0.148,0.309,Frame_138,,19.19
09:38:21.757,1.496,3.728,0.594,0.123,0.349,Frame_138,,19.19
09:38:22.257,1.451,3.631,0.584,0.117,0.350,Frame_138,,19.19
09:38:22.760,1.414,3.544,0.607,0.090,0.374,Frame_138,,19.19
09:38:23.257,1.381,3.465,0.599,0.034,0.384,Frame_138,,19.19
09:38:23.757,1.340,3.365,0.606,-0.017,0.399,Frame_139,,19.19
09:38:24.257,1.308,3.287,0.611,-0.065,0.429,Frame_139,,19.20
09:38:24.757,1.270,3.197,0.608,-0.074,0.426,Frame_139,,19.20
09:38:25.257,1.237,3.119,0.612,-0.018,0.444,Frame_139,,19.20
09:38:25.757,1.193,3.018,0.627,-0.040,0.461,Frame_139,,19.20
09:38:26.257,1.163,2.951,0.615,-0.054,0.478,Frame_139,,19.20
09:38:26.757,1.117,2.851,0.610,-0.078,0.492,Frame_140,,19.20
09:38:27.257,1.070,2.751,0.621,-0.048,0.516,Frame_140,,19.20
09:38:27.757,1.038,2.684,0.606,-0.056,0.518,Frame_140,,19.20
09:38:28.257,0.991,2.587,0.591,-0.081,0.546,Frame_140,,19.20
09:38:28.757,0.954,2.514,0.582,-0.110,0.573,Frame_140,,19.20
09:38:29.257,0.906,2.423,0.562,-0.150,0.584,Frame_140,,19.21
09:38:29.757,0.869,2.356,0.542,-0.157,0.609,Frame_141,,19.21
09:38:30.257,0.826,2.283,0.512,-0.185,0.626,Frame_141,,19.21
09:38:30.757,0.788,2.223,0.503,-0.198,0.645,Frame_141,,19.21
09:38:31.257,0.744,2.156,0.503,-0.198,0.668,Frame_141,,19.21
09:38:31.759,0.697,2.091,0.483,-0.198,0.685,Frame_141,,19.21
09:38:32.257,0.650,2.029,0.506,-0.124,0.708,Frame_141,,19.21
09:38:32.757,0.598,1.964,0.528,-0.063,0.730,Frame_142,,19.21
09:38:33.257,0.544,1.897,0.562,-0.005,0.622,Frame_142,,19.21
09:38:33.758,0.486,1.826,0.561,0.058,0.578,Frame_142,,19.21
09:38:34.257,0.431,1.758,0.540,0.070,0.501,Frame_142,,19.25
09:38:34.757,0.384,1.697,0.552,0.132,0.459,Frame_142,,19.25
09:38:35.257,0.338,1.636,0.539,0.177,0.370,Frame_142,,19.25
09:38:35.757,0.287,1.565,0.555,0.224,0.352,Frame_142,,19.25
09:38:36.257,0.238,1.491,0.549,0.270,0.305,Frame_143,,19.25
09:38:36.757,0.199,1.425,0.551,0.280,0.286,Frame_143,,19.25
09:38:37.257,0.152,1.339,0.546,0.303,0.278,Frame_143,,19.25
09:38:37.757,0.115,1.262,0.537,0.316,0.305,Frame_143,,19.25
09:38:38.257,0.082,1.184,0.531,0.302,0.317,Frame_143,,19.25
09:38:38.757,0.052,1.103,0.549,0.211,0.325,Frame_143,,19.25
09:38:39.257,0.028,1.029,0.562,0.159,0.329,Frame_144,,19.24
09:38:39.757,-0.004,0.921,0.549,0.133,0.365,Frame_144,,19.24
09:38:40.257,-0.032,0.814,0.567,0.093,0.404,Frame_144,,19.24
09:38:40.757,-0.060,0.703,0.566,0.068,0.474,Frame_144,,19.24
09:38:41.257,-0.080,0.615,0.580,0.040,0.563,Frame_144,,19.24
09:38:41.757,-0.103,0.514,0.578,0.001,0.651,Frame_144,,19.24
09:38:42.257,-0.131,0.389,0.576,-0.005,0.744,Frame_145,,19.24
09:38:42.757,-0.157,0.278,0.565,-0.021,0.862,Frame_145,,19.24
09:38:43.257,-0.177,0.191,0.565,-0.041,0.954,Frame_145,,19.24
09:38:43.760,-0.203,0.082,0.564,-0.043,1.017,Frame_145,,19.24
09:38:44.258,-0.230,-0.030,0.573,-0.049,1.114,Frame_145,,19.24
09:38:44.757,-0.259,-0.140,0.573,-0.035,1.109,Frame_146,,19.24
09:38:45.257,-0.288,-0.251,0.573,-0.047,1.116,Frame_146,,19.24
09:38:45.757,-0.315,-0.349,0.555,-0.017,1.110,Frame_146,,19.24
09:38:46.258,-0.345,-0.457,0.569,-0.045,1.006,Frame_146,,19.24
09:38:46.757,-0.377,-0.567,0.571,-0.055,0.905,Frame_146,,19.24
09:38:47.257,-0.410,-0.677,0.563,-0.083,0.811,Frame_147,,19.24
09:38:47.757,-0.433,-0.752,0.573,-0.113,0.707,Frame_147,,19.24
09:38:48.260,-0.462,-0.839,0.574,-0.144,0.675,Frame_147,,19.24
09:38:48.758,-0.493,-0.924,0.566,-0.228,0.576,Frame_147,,19.24
09:38:49.257,-0.523,-0.998,0.562,-0.276,0.530,Frame_147,,19.25
09:38:49.757,-0.559,-1.080,0.566,-0.310,0.471,Frame_147,,19.25
09:38:50.259,-0.594,-1.150,0.563,-0.334,0.437,Frame_148,,19.25
09:38:50.757,-0.632,-1.217,0.326,-0.323,0.380,Frame_148,,19.25
09:38:51.257,-0.641,-1.232,-0.105,-0.387,0.372,Frame_148,,19.25
09:38:51.757,-0.629,-1.215,-0.222,-0.301,0.380,Frame_148,,19.25
09:38:52.257,-0.607,-1.186,-0.238,-0.208,0.390,Frame_148,,19.25
09:38:52.757,-0.586,-1.160,-0.219,-0.088,0.418,Frame_148,,19.25
09:38:53.257,-0.563,-1.133,-0.239,-0.005,0.438,Frame_148,,19.25
09:38:53.757,-0.541,-1.107,-0.247,0.057,0.448,Frame_149,,19.25
09:38:54.257,-0.515,-1.076,-0.253,0.111,0.491,Frame_149,,19.25
09:38:54.757,-0.492,-1.048,-0.274,0.076,0.517,Frame_149,,19.25
09:38:55.257,-0.465,-1.014,-0.268,0.041,0.547,Frame_149,,19.25
09:38:55.757,-0.439,-0.980,-0.272,0.046,0.604,Frame_149,,19.25
09:38:56.257,-0.412,-0.945,-0.282,0.082,0.614,Frame_149,,19.25
09:38:56.757,-0.381,-0.903,-0.289,0.051,0.661,Frame_149,,19.25
09:38:57.257,-0.353,-0.865,-0.297,0.026,0.703,Frame_150,,19.25
09:38:57.759,-0.326,-0.828,-0.271,-0.002,0.726,Frame_150,,19.25
09:38:58.259,-0.297,-0.787,-0.275,-0.032,0.771,Frame_150,,19.25
09:38:58.757,-0.277,-0.760,-0.278,0.002,0.804,Frame_150,,19.25
09:38:59.257,-0.251,-0.725,-0.271,0.017,0.850,Frame_150,,19.25
09:38:59.757,-0.227,-0.693,-0.298,0.057,0.879,Frame_150,,19.25
09:39:00.257,-0.196,-0.650,-0.290,0.058,0.912,Frame_151,,19.25
09:39:00.757,-0.173,-0.616,-0.295,0.020,0.892,Frame_151,,19.25
09:39:01.257,-0.143,-0.573,-0.273,-0.038,0.888,Frame_151,,19.25
09:39:01.757,-0.118,-0.538,-0.281,-0.055,0.867,Frame_151,,19.25
09:39:02.257,-0.091,-0.501,-0.289,0.009,0.853,Frame_151,,19.25
09:39:02.757,-0.064,-0.462,-0.306,0.033,0.843,Frame_151,,19.25
09:39:03.257,-0.040,-0.428,-0.299,0.039,0.825,Frame_151,,19.25
09:39:03.757,-0.012,-0.389,-0.307,0.001,0.793,Frame_152,,19.25
09:39:04.257,0.018,-0.346,-0.284,0.001,0.787,Frame_152,,19.25
09:39:04.757,0.040,-0.314,-0.280,-0.046,0.767,Frame_152,,19.25
09:39:05.257,0.064,-0.280,-0.296,0.011,0.756,Frame_152,,19.25
09:39:05.757,0.092,-0.241,-0.322,0.061,0.749,Frame_152,,19.25
09:39:06.260,0.125,-0.192,-0.335,0.054,0.724,Frame_152,,19.25
09:39:06.757,0.149,-0.158,-0.351,0.026,0.709,Frame_153,,19.25
09:39:07.257,0.187,-0.100,-0.337,-0.013,0.674,Frame_153,,19.25
09:39:07.757,0.206,-0.072,-0.330,-0.048,0.674,Frame_153,,19.25
09:39:08.257,0.239,-0.024,-0.303,-0.062,0.647,Frame_153,,19.25
09:39:08.757,0.266,0.015,-0.288,-0.075,0.634,Frame_153,,19.25
09:39:09.257,0.294,0.055,-0.313,0.022,0.610,Frame_153,,19.25
09:39:09.762,0.320,0.091,-0.318,0.069,0.594,Frame_154,,19.25
09:39:10.257,0.349,0.133,-0.304,0.050,0.579,Frame_154,,19.25
09:39:10.757,0.376,0.172,-0.291,0.013,0.561,Frame_154,,19.25
09:39:11.257,0.401,0.210,-0.267,-0.024,0.535,Frame_154,,19.25
09:39:11.757,0.425,0.244,-0.263,-0.049,0.536,Frame_154,,19.25
09:39:12.257,0.445,0.274,-0.263,-0.030,0.512,Frame_154,,19.25
09:39:12.757,0.472,0.313,-0.241,0.012,0.505,Frame_155,,19.25
09:39:13.258,0.489,0.336,-0.239,0.070,0.497,Frame_155,,19.25
09:39:13.757,0.512,0.370,-0.220,0.134,0.476,Frame_155,,19.25
09:39:14.257,0.531,0.399,-0.208,0.082,0.454,Frame_155,,19.25
09:39:14.757,0.547,0.424,-0.213,0.026,0.459,Frame_155,,19.25
09:39:15.257,0.567,0.456,-0.204,-0.086,0.438,Frame_155,,19.25
09:39:15.757,0.582,0.480,-0.186,-0.261,0.440,Frame_155,,19.25
09:39:16.257,0.598,0.503,-0.165,-0.455,0.421,Frame_156,,19.25
09:39:16.757,0.614,0.522,-0.154,-0.632,0.399,Frame_156,,19.25
09:39:17.257,0.631,0.539,-0.140,-0.742,0.391,Frame_156,,19.25
09:39:17.757,0.645,0.550,-0.117,-0.828,0.357,Frame_156,,19.25
09:39:18.260,0.660,0.559,-0.091,-0.851,0.363,Frame_156,,19.25
09:39:18.757,0.673,0.565,-0.104,-0.871,0.330,Frame_156,,19.25
09:39:19.257,0.686,0.570,-0.067,-0.848,0.325,Frame_156,,19.25
09:39:19.757,0.696,0.571,-0.049,-0.893,0.308,Frame_157,,19.25
09:39:20.257,0.703,0.571,-0.038,-0.992,0.306,Frame_157,,19.25
09:39:20.760,0.709,0.570,-0.027,-1.042,0.291,Frame_157,,19.25
09:39:21.257,0.712,0.569,0.001,-1.109,0.283,Frame_157,,19.25
09:39:21.757,0.712,0.570,0.017,-1.128,0.290,Frame_157,,19.25
09:39:22.257,0.709,0.572,0.031,-1.102,0.296,Frame_158,,19.25
09:39:22.757,0.706,0.575,0.053,-1.094,0.303,Frame_158,,19.25
09:39:23.257,0.702,0.581,0.061,-1.106,0.320,Frame_158,,19.25
09:39:23.757,0.697,0.593,0.100,-1.068,0.334,Frame_158,,19.25
09:39:24.257,0.692,0.611,0.221,-0.968,0.357,Frame_158,,19.25
09:39:24.757,0.687,0.651,0.370,-0.842,0.370,Frame_158,,19.25
09:39:25.259,0.689,0.722,0.442,-0.738,0.401,Frame_158,,19.25
09:39:25.757,0.696,0.778,0.484,-0.536,0.415,Frame_159,,19.25
09:39:26.257,0.718,0.879,0.603,-0.450,0.336,Frame_159,,19.25
09:39:26.757,0.740,0.952,0.000,0.000,0.272,Frame_159,,19.25
09:39:27.257,0.741,0.955,0.281,-0.202,0.272,Frame_159,,19.25
09:39:27.757,0.749,0.978,0.373,-0.175,0.260,Frame_159,,19.25
09:39:28.257,0.764,1.017,0.490,-0.086,0.264,Frame_159,,19.25
09:39:28.757,0.790,1.085,0.539,0.027,0.258,Frame_160,,19.25
09:39:29.257,0.822,1.166,0.551,0.145,0.271,Frame_160,,19.25
09:39:29.757,0.852,1.250,0.572,0.170,0.281,Frame_160,,19.25
09:39:30.257,0.878,1.327,0.570,0.177,0.303,Frame_160,,19.25
09:39:30.757,0.905,1.414,0.576,0.153,0.326,Frame_160,,19.25
09:39:31.257,0.926,1.491,0.564,0.117,0.374,Frame_160,,19.25
09:39:31.757,0.954,1.600,0.561,0.094,0.366,Frame_160,,19.25
09:39:32.257,0.975,1.688,0.568,0.073,0.367,Frame_161,,19.25
09:39:32.757,1.000,1.799,0.566,0.023,0.366,Frame_161,,19.25
09:39:33.257,1.024,1.910,0.581,0.057,0.365,Frame_161,,19.25
09:39:33.757,1.043,2.000,0.557,0.142,0.359,Frame_161,,19.25
09:39:34.257,1.060,2.098,0.560,0.126,0.358,Frame_161,,19.25
09:39:34.757,1.074,2.187,0.565,-0.021,0.361,Frame_162,,19.25
09:39:35.257,1.085,2.254,0.566,-0.098,0.374,Frame_162,,19.25
09:39:35.758,1.102,2.355,0.554,-0.028,0.363,Frame_162,,19.25
09:39:36.257,1.119,2.453,0.572,0.017,0.384,Frame_162,,19.25
09:39:36.757,1.135,2.541,0.552,-0.021,0.392,Frame_162,,19.25
09:39:37.257,1.154,2.649,0.548,-0.014,0.397,Frame_162,,19.25
09:39:37.757,1.170,2.736,0.545,-0.012,0.397,Frame_163,,19.25
09:39:38.259,1.189,2.843,0.541,-0.017,0.390,Frame_163,,19.25
09:39:38.757,1.207,2.938,0.539,-0.018,0.396,Frame_163,,19.25
09:39:39.258,1.223,3.023,0.538,-0.006,0.407,Frame_163,,19.25
09:39:39.757,1.241,3.117,0.530,-0.083,0.406,Frame_163,,19.25
09:39:40.257,1.261,3.213,0.564,-0.159,0.409,Frame_163,,19.25
09:39:40.759,1.287,3.324,0.576,-0.154,0.409,Frame_164,,19.25
09:39:41.257,1.316,3.435,0.574,-0.146,0.413,Frame_164,,19.25
09:39:41.757,1.333,3.490,0.584,-0.146,0.404,Frame_164,,19.25
09:39:42.257,1.361,3.580,0.580,-0.116,0.398,Frame_164,,19.25
09:39:42.757,1.386,3.656,0.568,-0.142,0.392,Frame_164,,19.25
09:39:43.257,1.420,3.751,0.571,-0.174,0.392,Frame_164,,19.25
09:39:43.757,1.449,3.826,0.579,-0.195,0.388,Frame_165,,19.25
09:39:44.257,1.486,3.911,0.571,-0.290,0.360,Frame_165,,19.25
09:39:44.757,1.520,3.983,0.577,-0.315,0.358,Frame_165,,19.25
09:39:45.258,1.558,4.054,0.574,-0.325,0.336,Frame_165,,19.25
09:39:45.759,1.599,4.124,0.586,-0.336,0.331,Frame_165,,19.25
09:39:46.257,1.644,4.193,0.593,-0.323,0.328,Frame_165,,19.25
09:39:46.760,1.699,4.269,0.595,-0.321,0.325,Frame_165,,19.25
09:39:47.257,1.751,4.334,0.594,-0.270,0.369,Frame_166,,19.25
09:39:47.758,1.806,4.397,0.600,-0.242,0.396,Frame_166,,19.25
09:39:48.257,1.864,4.460,0.619,-0.139,0.482,Frame_166,,19.25
09:39:48.757,1.934,4.532,0.622,-0.114,0.522,Frame_166,,19.25
09:39:49.257,1.986,4.585,0.620,0.075,0.571,Frame_166,,19.29
09:39:49.759,2.056,4.656,0.633,0.090,0.648,Frame_166,,19.29
09:39:50.260,2.117,4.720,0.625,0.061,0.720,Frame_166,,19.29
09:39:50.757,2.177,4.784,0.633,0.028,0.738,Frame_167,,19.29
09:39:51.258,2.243,4.857,0.598,0.173,0.701,Frame_167,,19.29
09:39:51.757,2.298,4.920,0.608,0.189,0.605,Frame_167,,19.29
09:39:52.257,2.361,4.995,0.602,0.173,0.546,Frame_167,,19.29
09:39:52.757,2.411,5.060,0.581,0.155,0.474,Frame_167,,19.29
09:39:53.257,2.467,5.133,0.561,0.122,0.434,Frame_167,,19.29
09:39:53.757,2.506,5.188,0.566,0.113,0.368,Frame_167,,19.29
09:39:54.257,2.565,5.272,0.574,0.124,0.335,Frame_168,,19.60
09:39:54.757,2.603,5.330,0.580,0.109,0.319,Frame_168,,19.60
09:39:55.257,2.653,5.407,0.558,0.110,0.332,Frame_168,,19.60
09:39:55.757,2.694,5.473,0.572,0.106,0.336,Frame_168,,19.60
09:39:56.257,2.742,5.552,0.575,0.091,0.358,Frame_168,,19.60
09:39:56.758,2.783,5.622,0.571,0.049,0.380,Frame_168,,19.60
09:39:57.257,2.827,5.701,0.553,0.051,0.411,Frame_169,,19.60
09:39:57.757,2.865,5.767,0.540,0.017,0.435,Frame_169,,19.60
09:39:58.257,2.907,5.842,0.534,-0.015,0.453,Frame_169,,19.60
09:39:58.757,2.943,5.906,0.515,-0.039,0.490,Frame_169,,19.60
09:39:59.257,2.983,5.976,0.487,-0.070,0.509,Frame_169,,19.85
09:39:59.757,3.011,6.025,0.451,-0.092,0.514,Frame_169,,19.85
09:40:00.257,3.047,6.085,0.326,-0.172,0.547,Frame_169,,19.85
09:40:00.757,3.057,6.101,-0.103,-0.298,0.551,Frame_170,,19.85
09:40:01.257,3.044,6.083,-0.176,-0.356,0.558,Frame_170,,19.85
09:40:01.757,3.027,6.060,-0.230,-0.463,0.546,Frame_170,,19.85
09:40:02.257,3.005,6.036,-0.226,-0.578,0.513,Frame_170,,19.85
09:40:02.757,2.981,6.012,-0.204,-0.710,0.511,Frame_170,,19.85
09:40:03.257,2.965,6.000,-0.179,-0.761,0.473,Frame_170,,19.85
09:40:03.757,2.942,5.985,-0.163,-0.826,0.453,Frame_170,,19.85
09:40:04.258,2.926,5.977,-0.056,-0.910,0.444,Frame_171,,19.85
09:40:04.757,2.918,5.974,-0.044,-0.980,0.433,Frame_171,,19.85
09:40:05.257,2.913,5.973,-0.030,-1.040,0.432,Frame_171,,19.85
09:40:05.757,2.909,5.973,-0.012,-1.086,0.420,Frame_171,,19.85
09:40:06.257,2.908,5.973,-0.008,-1.155,0.405,Frame_171,,19.85
09:40:06.757,2.906,5.974,-0.024,-1.161,0.401,Frame_171,,19.85
09:40:07.257,2.903,5.975,-0.002,-1.238,0.415,Frame_171,,19.85
09:40:07.757,2.904,5.974,0.015,-1.216,0.419,Frame_172,,19.85
09:40:08.258,2.907,5.971,0.040,-1.231,0.417,Frame_172,,19.85
09:40:08.757,2.911,5.965,0.076,-1.242,0.429,Frame_172,,19.85
09:40:09.257,2.917,5.952,0.163,-1.174,0.456,Frame_172,,19.85
09:40:09.757,2.925,5.926,0.285,-1.106,0.470,Frame_172,,19.85
09:40:10.257,2.931,5.873,0.417,-0.995,0.499,Frame_172,,19.85
09:40:10.757,2.929,5.809,0.500,-0.881,0.533,Frame_172,,19.85
09:40:11.257,2.915,5.726,0.561,-0.739,0.545,Frame_173,,19.85
09:40:11.757,2.885,5.627,0.608,-0.549,0.544,Frame_173,,19.85
09:40:12.257,2.858,5.559,0.600,-0.455,0.535,Frame_173,,19.85
09:40:12.757,2.806,5.452,0.608,-0.370,0.535,Frame_173,,19.85
09:40:13.257,2.765,5.379,0.586,-0.440,0.516,Frame_173,,19.85
09:40:13.757,2.713,5.300,0.595,-0.384,0.498,Frame_173,,19.85
09:40:14.257,2.662,5.233,0.606,-0.345,0.460,Frame_173,,19.89
09:40:14.757,2.601,5.159,0.590,-0.260,0.462,Frame_174,,19.89
09:40:15.257,2.554,5.105,0.598,-0.199,0.455,Frame_174,,19.89
09:40:15.757,2.480,5.028,0.590,-0.165,0.453,Frame_174,,19.89
09:40:16.258,2.431,4.978,0.582,-0.150,0.488,Frame_174,,19.89
09:40:16.758,2.356,4.907,0.564,-0.113,0.518,Frame_174,,19.89
09:40:17.258,2.298,4.853,0.566,-0.090,0.568,Frame_174,,19.89
09:40:17.757,2.239,4.800,0.567,-0.067,0.604,Frame_175,,19.89
09:40:18.257,2.180,4.748,0.564,-0.036,0.641,Frame_175,,19.89
09:40:18.758,2.112,4.689,0.564,-0.023,0.716,Frame_175,,19.89
09:40:19.257,2.052,4.636,0.578,-0.008,0.760,Frame_175,,19.90
09:40:19.757,1.984,4.577,0.564,0.031,0.747,Frame_175,,19.90
09:40:20.257,1.924,4.525,0.561,0.090,0.686,Frame_175,,19.90
09:40:20.757,1.857,4.465,0.572,0.119,0.599,Frame_175,,19.90
09:40:21.257,1.808,4.419,0.557,0.177,0.553,Frame_176,,19.90
09:40:21.757,1.752,4.365,0.559,0.194,0.472,Frame_176,,19.90
09:40:22.257,1.689,4.300,0.573,0.221,0.439,Frame_176,,19.90
09:40:22.757,1.635,4.242,0.575,0.261,0.381,Frame_176,,19.90
09:40:23.257,1.577,4.172,0.555,0.348,0.361,Frame_176,,19.90
09:40:23.757,1.530,4.110,0.560,0.361,0.335,Frame_176,,19.90
09:40:24.257,1.480,4.036,0.568,0.334,0.318,Frame_176,,19.91
09:40:24.757,1.438,3.966,0.598,0.286,0.340,Frame_177,,19.91
09:40:25.257,1.392,3.882,0.596,0.235,0.358,Frame_177,,19.91
09:40:25.757,1.354,3.806,0.612,0.154,0.383,Frame_177,,19.91
09:40:26.257,1.313,3.719,0.597,0.079,0.402,Frame_177,,19.91
09:40:26.764,1.273,3.630,0.610,0.052,0.422,Frame_177,,19.91
09:40:27.257,1.238,3.552,0.607,0.019,0.437,Frame_177,,19.91
09:40:27.757,1.204,3.473,0.597,-0.004,0.463,Frame_177,,19.91
09:40:28.257,1.161,3.376,0.594,0.041,0.469,Frame_178,,19.91
09:40:28.757,1.123,3.287,0.618,0.005,0.499,Frame_178,,19.91
09:40:29.258,1.089,3.207,0.627,-0.009,0.505,Frame_178,,19.91
09:40:29.757,1.050,3.115,0.622,-0.029,0.523,Frame_178,,19.91
09:40:30.257,1.010,3.025,0.615,-0.068,0.549,Frame_178,,19.91
09:40:30.757,0.970,2.934,0.622,-0.081,0.559,Frame_178,,19.91
09:40:31.257,0.934,2.856,0.613,-0.082,0.576,Frame_179,,19.91
09:40:31.757,0.893,2.769,0.591,-0.073,0.591,Frame_179,,19.91
09:40:32.257,0.856,2.694,0.605,-0.046,0.620,Frame_179,,19.91
09:40:32.757,0.813,2.608,0.592,-0.050,0.634,Frame_179,,19.91
09:40:33.257,0.776,2.534,0.583,-0.079,0.660,Frame_179,,19.91
09:40:33.757,0.733,2.452,0.573,-0.098,0.661,Frame_179,,19.91
09:40:34.257,0.695,2.382,0.569,-0.100,0.707,Frame_179,,19.91
09:40:34.757,0.650,2.302,0.577,-0.106,0.719,Frame_180,,19.91
09:40:35.257,0.610,2.233,0.559,-0.097,0.758,Frame_180,,19.91
09:40:35.758,0.563,2.156,0.572,-0.085,0.770,Frame_180,,19.91
09:40:36.257,0.522,2.088,0.558,-0.063,0.797,Frame_180,,19.91
09:40:36.757,0.474,2.013,0.566,-0.026,0.769,Frame_180,,19.91
09:40:37.257,0.425,1.936,0.565,-0.009,0.670,Frame_180,,19.91
09:40:37.757,0.383,1.871,0.537,0.013,0.621,Frame_181,,19.91
09:40:38.257,0.337,1.798,0.557,0.046,0.537,Frame_181,,19.91
09:40:38.757,0.295,1.732,0.552,0.075,0.487,Frame_181,,19.91
09:40:39.257,0.249,1.656,0.547,0.115,0.406,Frame_181,,19.91
09:40:39.759,0.209,1.589,0.560,0.166,0.381,Frame_181,,19.91
09:40:40.257,0.160,1.501,0.563,0.184,0.321,Frame_181,,19.91
09:40:40.757,0.124,1.432,0.560,0.199,0.306,Frame_181,,19.91
09:40:41.257,0.086,1.352,0.552,0.244,0.301,Frame_182,,19.91
09:40:41.757,0.055,1.281,0.554,0.262,0.305,Frame_182,,19.91
09:40:42.257,0.023,1.199,0.551,0.251,0.333,Frame_182,,19.91
09:40:42.757,-0.003,1.125,0.556,0.216,0.329,Frame_182,,19.91
09:40:43.257,-0.029,1.041,0.553,0.153,0.347,Frame_182,,19.91
09:40:43.757,-0.051,0.965,0.576,0.039,0.372,Frame_182,,19.91
09:40:44.257,-0.078,0.865,0.570,0.003,0.390,Frame_183,,19.94
09:40:44.757,-0.108,0.756,0.565,0.030,0.465,Frame_183,,19.94
09:40:45.260,-0.135,0.658,0.561,0.022,0.545,Frame_183,,19.94
09:40:45.757,-0.161,0.559,0.572,0.027,0.617,Frame_183,,19.94
09:40:46.257,-0.187,0.460,0.563,0.029,0.711,Frame_183,,19.94
09:40:46.757,-0.212,0.362,0.570,0.015,0.801,Frame_183,,19.94
09:40:47.257,-0.228,0.295,0.574,0.024,0.916,Frame_184,,19.94
09:40:47.757,-0.264,0.151,0.579,0.008,0.973,Frame_184,,19.94
09:40:48.257,-0.292,0.039,0.580,0.005,1.081,Frame_184,,19.94
09:40:48.757,-0.321,-0.082,0.553,-0.008,1.161,Frame_184,,19.94
09:40:49.260,-0.345,-0.180,0.554,-0.016,1.159,Frame_184,,19.94
09:40:49.757,-0.371,-0.288,0.564,-0.024,1.137,Frame_185,,19.94
09:40:50.257,-0.395,-0.386,0.548,-0.037,1.044,Frame_185,,19.94
09:40:50.757,-0.420,-0.483,0.560,-0.021,0.923,Frame_185,,19.94
09:40:51.258,-0.445,-0.580,0.549,-0.026,0.833,Frame_185,,19.94
09:40:51.757,-0.473,-0.686,0.552,-0.066,0.748,Frame_185,,19.94
09:40:52.258,-0.502,-0.793,0.566,-0.114,0.644,Frame_186,,19.94
09:40:52.757,-0.528,-0.878,0.554,-0.160,0.614,Frame_186,,19.94
09:40:53.257,-0.552,-0.952,0.552,-0.214,0.522,Frame_186,,19.94
09:40:53.757,-0.581,-1.034,0.549,-0.273,0.489,Frame_186,,19.94
09:40:54.258,-0.610,-1.105,0.541,-0.328,0.430,Frame_186,,20.01
09:40:54.760,-0.647,-1.185,0.542,-0.378,0.384,Frame_186,,20.01
09:40:55.257,-0.683,-1.252,0.548,-0.400,0.350,Frame_186,,20.01
09:40:55.757,-0.728,-1.326,0.550,-0.446,0.324,Frame_187,,20.01
09:40:56.257,-0.774,-1.391,0.557,-0.466,0.306,Frame_187,,20.01
09:40:56.757,-0.823,-1.452,0.572,-0.426,0.289,Frame_187,,20.01
09:40:57.259,-0.878,-1.512,0.596,-0.407,0.322,Frame_187,,20.01
09:40:57.758,-0.938,-1.571,0.604,-0.357,0.324,Frame_187,,20.01
09:40:58.257,-1.002,-1.628,0.630,-0.162,0.352,Frame_187,,20.01
09:40:58.757,-1.078,-1.693,0.610,-0.169,0.413,Frame_188,,20.01
09:40:59.257,-1.155,-1.754,0.610,-0.176,0.459,Frame_188,,20.01
09:40:59.757,-1.224,-1.806,0.615,-0.165,0.552,Frame_188,,20.01
09:41:00.257,-1.293,-1.856,0.613,-0.149,0.601,Frame_188,,20.01
09:41:00.757,-1.364,-1.905,0.620,-0.093,0.686,Frame_188,,20.01
09:41:01.257,-1.435,-1.952,0.613,-0.038,0.729,Frame_188,,20.01
09:41:01.757,-1.507,-2.000,0.607,-0.037,0.771,Frame_188,,20.01
09:41:02.257,-1.587,-2.052,0.588,-0.022,0.719,Frame_189,,20.01
09:41:02.757,-1.645,-2.090,0.559,-0.021,0.705,Frame_189,,20.01
09:41:03.258,-1.711,-2.132,0.543,-0.040,0.688,Frame_189,,20.01
09:41:03.757,-1.783,-2.177,0.509,-0.013,0.667,Frame_189,,20.01
09:41:04.257,-1.841,-2.214,0.483,-0.008,0.667,Frame_189,,20.02
09:41:04.757,-1.905,-2.254,0.452,0.005,0.684,Frame_189,,20.02
09:41:05.257,-1.951,-2.283,0.450,-0.017,0.681,Frame_189,,20.02
09:41:05.757,-2.018,-2.325,0.443,-0.026,0.696,Frame_190,,20.02
09:41:06.257,-2.067,-2.355,0.400,-0.016,0.739,Frame_190,,20.02
09:41:06.759,-2.121,-2.389,0.380,-0.026,0.750,Frame_190,,20.02
09:41:07.257,-2.166,-2.416,0.362,-0.028,0.684,Frame_190,,20.02
09:41:07.757,-2.215,-2.446,0.341,-0.047,0.667,Frame_190,,20.02
09:41:08.257,-2.255,-2.470,0.324,-0.037,0.617,Frame_190,,20.02
09:41:08.757,-2.300,-2.496,0.313,-0.047,0.593,Frame_190,,20.02
09:41:09.257,-2.332,-2.514,0.309,-0.063,0.545,Frame_191,,20.02
09:41:09.757,-2.370,-2.536,0.318,-0.083,0.536,Frame_191,,20.02
09:41:10.257,-2.414,-2.560,0.315,-0.120,0.512,Frame_191,,20.02
09:41:10.757,-2.452,-2.580,0.305,-0.138,0.464,Frame_191,,20.02
09:41:11.257,-2.489,-2.599,0.293,-0.177,0.452,Frame_191,,20.02
09:41:11.757,-2.532,-2.619,0.295,-0.245,0.421,Frame_191,,20.02
09:41:12.257,-2.571,-2.635,0.310,-0.290,0.399,Frame_191,,20.02
09:41:12.757,-2.617,-2.652,0.306,-0.338,0.370,Frame_192,,20.02
09:41:13.257,-2.657,-2.665,0.307,-0.382,0.372,Frame_192,,20.02
09:41:13.757,-2.699,-2.676,0.309,-0.414,0.360,Frame_192,,20.02
09:41:14.258,-2.742,-2.685,0.311,-0.452,0.344,Frame_192,,20.06
09:41:14.757,-2.786,-2.691,0.328,-0.499,0.329,Frame_192,,20.06
09:41:15.261,-2.839,-2.694,0.346,-0.590,0.324,Frame_192,,20.06
09:41:15.758,-2.881,-2.693,0.345,-0.635,0.303,Frame_192,,20.06
09:41:16.257,-2.945,-2.686,0.374,-0.644,0.319,Frame_193,,20.06
09:41:16.757,-2.996,-2.675,0.384,-0.687,0.334,Frame_193,,20.06
09:41:17.257,-3.062,-2.652,0.400,-0.669,0.330,Frame_193,,20.06
09:41:17.757,-3.113,-2.629,0.408,-0.689,0.335,Frame_193,,20.06
09:41:18.257,-3.156,-2.603,0.437,-0.679,0.347,Frame_193,,20.06
09:41:18.757,-3.207,-2.568,0.477,-0.642,0.347,Frame_193,,20.06
09:41:19.257,-3.267,-2.516,0.530,-0.563,0.357,Frame_194,,20.13
09:41:19.758,-3.321,-2.461,0.559,-0.446,0.379,Frame_194,,20.13
09:41:20.257,-3.379,-2.393,0.542,-0.350,0.417,Frame_194,,20.13
09:41:20.757,-3.424,-2.333,0.544,-0.253,0.454,Frame_194,,20.13
09:41:21.257,-3.456,-2.289,0.557,-0.129,0.471,Frame_194,,20.13
09:41:21.757,-3.494,-2.234,0.579,0.052,0.501,Frame_194,,20.13
09:41:22.257,-3.549,-2.156,0.602,0.106,0.572,Frame_194,,20.13
09:41:22.757,-3.590,-2.097,0.590,0.083,0.609,Frame_194,,20.13
09:41:23.257,-3.625,-2.050,0.588,0.097,0.649,Frame_195,,20.13
09:41:23.761,-3.667,-1.993,0.569,0.098,0.686,Frame_195,,20.13
09:41:24.257,-3.715,-1.930,0.563,0.089,0.676,Frame_195,,20.36
09:41:24.760,-3.764,-1.868,0.568,0.076,0.646,Frame_195,,20.36
09:41:25.257,-3.806,-1.816,0.550,0.071,0.597,Frame_195,,20.36
09:41:25.757,-3.861,-1.748,0.545,0.100,0.514,Frame_195,,20.36
09:41:26.257,-3.903,-1.699,0.527,0.098,0.466,Frame_195,,20.36
09:41:26.757,-3.951,-1.643,0.529,0.098,0.431,Frame_195,,20.36
09:41:27.257,-4.008,-1.580,0.528,0.078,0.381,Frame_196,,20.36
09:41:27.757,-4.057,-1.526,0.508,0.084,0.341,Frame_196,,20.36
09:41:28.257,-4.104,-1.475,0.490,0.067,0.350,Frame_196,,20.36
09:41:28.757,-4.143,-1.434,0.453,0.068,0.338,Frame_196,,20.36
09:41:29.257,-4.193,-1.383,0.424,0.045,0.336,Frame_196,,20.74
09:41:29.757,-4.234,-1.342,0.411,0.053,0.360,Frame_196,,20.74
09:41:30.257,-4.273,-1.302,0.377,0.033,0.399,Frame_196,,20.74
09:41:30.757,-4.294,-1.282,-0.027,-0.047,0.414,Frame_197,,20.74
09:41:31.257,-4.286,-1.290,-0.148,-0.177,0.416,Frame_197,,20.74
09:41:31.759,-4.272,-1.304,-0.084,-0.399,0.415,Frame_197,,20.74
09:41:32.257,-4.268,-1.309,0.000,-0.617,0.393,Frame_197,,20.74
09:41:32.757,-4.267,-1.310,-0.018,-0.751,0.398,Frame_197,,20.74
09:41:33.257,-4.266,-1.312,-0.011,-0.860,0.392,Frame_197,,20.74
09:41:33.761,-4.266,-1.313,0.012,-0.941,0.389,Frame_197,,20.74
09:41:34.257,-4.266,-1.311,0.028,-1.027,0.376,Frame_198,,20.74
09:41:34.761,-4.267,-1.304,0.054,-1.060,0.367,Frame_198,,20.74
09:41:35.257,-4.267,-1.293,0.114,-1.025,0.380,Frame_198,,20.74
09:41:35.757,-4.262,-1.270,0.202,-0.960,0.404,Frame_198,,20.74
09:41:36.257,-4.249,-1.234,0.308,-0.896,0.441,Frame_198,,20.74
09:41:36.757,-4.222,-1.184,0.478,-0.548,0.500,Frame_198,,20.74
09:41:37.257,-4.178,-1.119,0.551,-0.401,0.545,Frame_199,,20.74
09:41:37.757,-4.131,-1.057,0.577,-0.291,0.626,Frame_199,,20.74
09:41:38.257,-4.071,-0.986,0.584,-0.210,0.589,Frame_199,,20.74
09:41:38.757,-4.015,-0.925,0.609,-0.084,0.496,Frame_199,,20.74
09:41:39.257,-3.948,-0.853,0.619,-0.001,0.445,Frame_199,,21.39
09:41:39.757,-3.889,-0.790,0.605,0.038,0.370,Frame_199,,21.39
09:41:40.257,-3.824,-0.719,0.608,0.085,0.362,Frame_199,,21.39
09:41:40.757,-3.768,-0.657,0.554,0.129,0.335,Frame_200,,21.39
09:41:41.257,-3.712,-0.593,0.531,0.118,0.337,Frame_200,,21.39
09:41:41.757,-3.666,-0.538,0.522,0.110,0.358,Frame_200,,21.39
09:41:42.259,-3.613,-0.473,0.512,0.093,0.365,Frame_200,,21.39
09:41:42.757,-3.569,-0.417,0.497,0.124,0.423,Frame_200,,21.39
09:41:43.257,-3.521,-0.355,0.468,0.133,0.440,Frame_200,,21.39
09:41:43.757,-3.488,-0.309,0.470,0.136,0.511,Frame_200,,21.39
09:41:44.257,-3.440,-0.241,0.457,0.119,0.532,Frame_201,,21.39
09:41:44.757,-3.399,-0.180,0.464,0.099,0.603,Frame_201,,21.39
09:41:45.257,-3.363,-0.125,0.469,0.123,0.640,Frame_201,,21.39
09:41:45.757,-3.319,-0.054,0.457,0.132,0.709,Frame_201,,21.39
09:41:46.257,-3.290,-0.007,0.466,0.098,0.759,Frame_201,,21.39
09:41:46.757,-3.249,0.065,0.461,0.071,0.838,Frame_201,,21.39
09:41:47.257,-3.219,0.118,0.407,0.060,0.885,Frame_202,,21.39
09:41:47.757,-3.189,0.173,0.374,0.065,0.905,Frame_202,,21.39
09:41:48.257,-3.161,0.224,0.350,0.045,0.819,Frame_202,,21.39
09:41:48.757,-3.136,0.273,0.338,0.033,0.788,Frame_202,,21.39
09:41:49.259,-3.113,0.316,0.339,0.053,0.742,Frame_202,,22.14
09:41:49.757,-3.089,0.364,0.344,0.059,0.698,Frame_202,,22.14
09:41:50.257,-3.064,0.414,0.347,0.098,0.618,Frame_202,,22.14
09:41:50.757,-3.042,0.460,0.383,0.147,0.582,Frame_203,,22.14
09:41:51.257,-3.017,0.516,0.379,0.150,0.544,Frame_203,,22.14
09:41:51.757,-2.996,0.563,0.356,0.102,0.499,Frame_203,,22.14
09:41:52.257,-2.975,0.617,0.363,0.031,0.433,Frame_203,,22.14
09:41:52.757,-2.956,0.664,0.378,-0.176,0.418,Frame_203,,22.14
09:41:53.257,-2.931,0.722,0.216,-0.251,0.370,Frame_203,,22.14
09:41:53.757,-2.923,0.740,0.173,-0.426,0.350,Frame_204,,22.14
09:41:54.257,-2.908,0.766,0.118,-0.525,0.331,Frame_204,,22.88
09:41:54.757,-2.900,0.778,0.071,-0.675,0.336,Frame_204,,22.88
09:41:55.258,-2.895,0.785,0.033,-0.720,0.327,Frame_204,,22.88
09:41:55.757,-2.892,0.787,0.006,-0.731,0.339,Frame_204,,22.88
09:41:56.257,-2.892,0.787,-0.001,-0.710,0.338,Frame_204,,22.88
09:41:56.757,-2.893,0.787,-0.021,-0.671,0.343,Frame_205,,22.88
09:41:57.257,-2.895,0.786,-0.018,-0.616,0.328,Frame_205,,22.88
09:41:57.757,-2.898,0.785,-0.020,-0.565,0.337,Frame_205,,22.88
09:41:58.257,-2.900,0.784,-0.020,-0.508,0.344,Frame_205,,22.88
09:41:58.757,-2.903,0.784,-0.020,-0.458,0.353,Frame_205,,22.88
09:41:59.257,-2.906,0.783,-0.012,-0.388,0.367,Frame_205,,22.88
09:41:59.757,-2.908,0.783,-0.103,-0.034,0.362,Frame_205,"Chiave 3 raccolta! [X: -2.907, Y: 0.783]",22.88
09:42:00.257,-2.922,0.783,-0.160,-0.137,0.366,Frame_206,,22.88
09:42:00.757,-2.950,0.782,-0.146,-0.359,0.394,Frame_206,,22.88
09:42:01.257,-2.968,0.783,-0.101,-0.546,0.425,Frame_206,,22.88
09:42:01.757,-2.981,0.784,-0.018,-0.715,0.435,Frame_206,,22.88
09:42:02.258,-2.983,0.784,0.007,-0.875,0.421,Frame_206,,22.88
09:42:02.757,-2.982,0.784,0.010,-0.979,0.437,Frame_206,,22.88
09:42:03.257,-2.981,0.783,0.025,-1.065,0.423,Frame_206,,22.88
09:42:03.757,-2.978,0.781,0.038,-1.075,0.430,Frame_207,,22.88
09:42:04.257,-2.974,0.776,0.043,-1.122,0.408,Frame_207,,22.88
09:42:04.757,-2.969,0.769,0.088,-1.098,0.402,Frame_207,,22.88
09:42:05.257,-2.963,0.753,0.156,-1.081,0.380,Frame_207,,22.88
09:42:05.758,-2.957,0.728,0.241,-1.007,0.351,Frame_207,,22.88
09:42:06.257,-2.953,0.682,0.364,-0.942,0.340,Frame_207,,22.88
09:42:06.757,-2.957,0.617,0.488,-0.825,0.337,Frame_207,,22.88
09:42:07.257,-2.980,0.515,0.575,-0.572,0.340,Frame_208,,22.88
09:42:07.757,-3.009,0.429,0.566,-0.441,0.403,Frame_208,,22.88
09:42:08.259,-3.039,0.356,0.555,-0.345,0.486,Frame_208,,22.88
09:42:08.757,-3.076,0.277,0.543,-0.280,0.538,Frame_208,,22.88
09:42:09.257,-3.117,0.201,0.527,-0.163,0.652,Frame_208,,22.88
09:42:09.757,-3.163,0.119,0.513,-0.122,0.701,Frame_209,,22.88
09:42:10.257,-3.197,0.063,0.200,-0.148,0.802,Frame_209,,22.88
09:42:10.757,-3.197,0.062,-0.151,-0.238,0.835,Frame_209,,22.88
09:42:11.259,-3.178,0.090,-0.232,-0.296,0.807,Frame_209,,22.88
09:42:11.757,-3.162,0.113,-0.256,-0.354,0.753,Frame_209,,22.88
09:42:12.257,-3.129,0.152,-0.261,-0.453,0.749,Frame_209,,22.88
09:42:12.757,-3.108,0.173,-0.221,-0.579,0.685,Frame_209,,22.88
09:42:13.257,-3.088,0.192,-0.169,-0.685,0.675,Frame_210,,22.88
09:42:13.757,-3.070,0.205,-0.099,-0.763,0.657,Frame_210,,22.88
09:42:14.257,-3.060,0.211,-0.073,-0.820,0.638,Frame_210,,23.28
09:42:14.757,-3.049,0.216,-0.065,-0.904,0.626,Frame_210,,23.28
09:42:15.257,-3.043,0.218,-0.051,-1.004,0.615,Frame_210,,23.28
09:42:15.757,-3.038,0.218,-0.025,-1.052,0.627,Frame_210,,23.28
09:42:16.257,-3.034,0.219,-0.017,-1.143,0.638,Frame_210,,23.28
09:42:16.757,-3.033,0.218,0.002,-1.227,0.654,Frame_211,,23.28
09:42:17.257,-3.034,0.219,0.023,-1.232,0.646,Frame_211,,23.28
09:42:17.757,-3.037,0.221,0.050,-1.269,0.668,Frame_211,,23.28
09:42:18.257,-3.045,0.228,0.116,-1.195,0.673,Frame_211,,23.28
09:42:18.758,-3.056,0.242,0.240,-1.116,0.683,Frame_211,,23.28
09:42:19.257,-3.078,0.278,0.362,-1.018,0.691,Frame_211,,23.28
09:42:19.757,-3.098,0.329,0.431,-0.927,0.678,Frame_211,,23.28
09:42:20.257,-3.114,0.398,0.456,-0.826,0.660,Frame_212,,23.28
09:42:20.757,-3.122,0.462,0.464,-0.706,0.628,Frame_212,,23.28
09:42:21.257,-3.122,0.543,0.445,-0.593,0.582,Frame_212,,23.28
09:42:21.757,-3.117,0.605,0.433,-0.468,0.568,Frame_212,,23.28
09:42:22.257,-3.106,0.672,0.401,-0.389,0.563,Frame_212,,23.28
09:42:22.757,-3.088,0.747,0.378,-0.398,0.516,Frame_212,,23.28
09:42:23.257,-3.070,0.805,0.369,-0.362,0.503,Frame_213,,23.28
09:42:23.759,-3.053,0.852,0.351,-0.317,0.479,Frame_213,,23.28
09:42:24.257,-3.034,0.897,0.346,-0.272,0.475,Frame_213,,23.59
09:42:24.757,-3.010,0.948,0.364,-0.159,0.468,Frame_213,,23.59
09:42:25.257,-2.983,1.000,0.374,-0.116,0.446,Frame_213,,23.59
09:42:25.757,-2.958,1.048,0.385,-0.029,0.430,Frame_213,,23.59
09:42:26.257,-2.921,1.117,0.407,0.001,0.424,Frame_214,,23.59
09:42:26.757,-2.899,1.160,0.400,0.030,0.394,Frame_214,,23.59
09:42:27.257,-2.865,1.223,0.392,0.001,0.400,Frame_214,,23.59
09:42:27.757,-2.843,1.264,0.385,0.017,0.392,Frame_214,,23.59
09:42:28.257,-2.815,1.318,0.363,0.016,0.393,Frame_214,,23.59
09:42:28.757,-2.788,1.369,0.369,0.046,0.409,Frame_214,,23.59
09:42:29.260,-2.761,1.422,0.371,0.039,0.414,Frame_214,,23.59
09:42:29.757,-2.735,1.473,0.340,0.057,0.456,Frame_215,,23.59
09:42:30.257,-2.716,1.513,0.290,0.052,0.466,Frame_215,,23.59
09:42:30.759,-2.693,1.560,0.289,0.072,0.505,Frame_215,,23.59
09:42:31.257,-2.676,1.596,0.282,0.075,0.517,Frame_215,,23.59
09:42:31.759,-2.658,1.636,0.267,-0.004,0.566,Frame_215,,23.59
09:42:32.257,-2.640,1.676,0.287,-0.347,0.596,Frame_215,,23.59
09:42:32.757,-2.619,1.716,0.286,-0.533,0.625,Frame_216,,23.59
09:42:33.257,-2.598,1.749,0.259,-0.621,0.622,Frame_216,,23.59
09:42:33.757,-2.575,1.779,0.214,-0.670,0.608,Frame_216,,23.59
09:42:34.257,-2.556,1.800,0.181,-0.702,0.593,Frame_216,,23.94
09:42:34.757,-2.537,1.816,0.133,-0.694,0.585,Frame_216,,23.94
09:42:35.258,-2.523,1.826,0.089,-0.677,0.582,Frame_216,,23.94
09:42:35.757,-2.513,1.832,0.055,-0.660,0.583,Frame_216,,23.94
09:42:36.257,-2.508,1.834,0.020,-0.622,0.571,Frame_217,,23.94
09:42:36.757,-2.507,1.834,0.003,-0.592,0.573,Frame_217,,23.94
09:42:37.257,-2.508,1.834,-0.017,-0.549,0.572,Frame_217,,23.94
09:42:37.757,-2.514,1.833,-0.041,-0.463,0.584,Frame_217,,23.94
09:42:38.257,-2.520,1.833,-0.052,-0.408,0.593,Frame_217,,23.94
09:42:38.757,-2.530,1.832,-0.063,-0.347,0.595,Frame_217,,23.94
09:42:39.257,-2.538,1.833,-0.070,-0.296,0.603,Frame_217,,23.94
09:42:39.758,-2.550,1.834,-0.080,-0.241,0.615,Frame_218,,23.94
09:42:40.257,-2.560,1.835,-0.072,-0.194,0.624,Frame_218,,23.94
09:42:40.759,-2.572,1.836,-0.101,-0.181,0.639,Frame_218,,23.94
09:42:41.257,-2.591,1.840,-0.130,-0.351,0.652,Frame_218,,23.94
09:42:41.757,-2.610,1.844,-0.069,-0.555,0.675,Frame_218,,23.94
09:42:42.257,-2.615,1.846,0.007,-0.753,0.694,Frame_218,,23.94
09:42:42.757,-2.614,1.845,0.002,-0.908,0.687,Frame_218,,23.94
09:42:43.257,-2.614,1.845,0.000,-1.005,0.679,Frame_219,,23.94
09:42:43.757,-2.614,1.845,0.021,-1.078,0.680,Frame_219,,23.94
09:42:44.257,-2.612,1.842,0.041,-1.096,0.680,Frame_219,,23.94
09:42:44.757,-2.608,1.837,0.066,-1.130,0.665,Frame_219,,23.94
09:42:45.257,-2.601,1.821,0.171,-1.066,0.645,Frame_219,,23.94
09:42:45.757,-2.593,1.790,0.258,-1.020,0.621,Frame_219,,23.94
09:42:46.257,-2.590,1.744,0.352,-0.892,0.581,Frame_219,,23.94
09:42:46.759,-2.594,1.672,0.455,-0.762,0.564,Frame_220,,23.94
09:42:47.257,-2.610,1.596,0.506,-0.648,0.552,Frame_220,,23.94
09:42:47.757,-2.631,1.526,0.545,-0.490,0.542,Frame_220,,23.94
09:42:48.257,-2.663,1.444,0.566,-0.375,0.514,Frame_220,,23.94
09:42:48.757,-2.697,1.370,0.580,-0.260,0.467,Frame_220,,23.94
09:42:49.257,-2.740,1.286,0.620,-0.141,0.370,Frame_220,,23.94
09:42:49.757,-2.787,1.197,0.625,-0.047,0.327,Frame_221,,23.94
09:42:50.257,-2.841,1.099,0.616,0.038,0.271,Frame_221,,23.94
09:42:50.757,-2.876,1.035,0.595,0.065,0.274,Frame_221,,23.94
09:42:51.258,-2.924,0.943,0.586,0.044,0.288,Frame_221,,23.94
09:42:51.757,-2.963,0.869,0.609,-0.030,0.323,Frame_221,,23.94
09:42:52.257,-3.008,0.782,0.601,0.036,0.332,Frame_221,,23.94
09:42:52.763,-3.058,0.685,0.612,0.039,0.377,Frame_221,,23.94
09:42:53.258,-3.097,0.608,0.616,0.032,0.389,Frame_222,,23.94
09:42:53.757,-3.141,0.520,0.606,0.004,0.462,Frame_222,,23.94
09:42:54.257,-3.173,0.456,0.570,-0.020,0.497,Frame_222,,24.11
09:42:54.757,-3.218,0.367,0.546,-0.041,0.592,Frame_222,,24.11
09:42:55.257,-3.248,0.309,0.526,-0.010,0.643,Frame_222,,24.11
09:42:55.757,-3.291,0.226,0.503,0.002,0.722,Frame_222,,24.11
09:42:56.257,-3.327,0.156,0.498,-0.010,0.825,Frame_223,,24.11
09:42:56.757,-3.363,0.085,0.491,-0.031,0.854,Frame_223,,24.11
09:42:57.257,-3.395,0.025,0.479,-0.048,0.882,Frame_223,,24.11
09:42:57.757,-3.421,-0.024,0.451,-0.056,0.838,Frame_223,,24.11
09:42:58.257,-3.450,-0.079,0.432,-0.086,0.796,Frame_223,,24.11
09:42:58.758,-3.483,-0.139,0.422,-0.122,0.729,Frame_223,,24.11
09:42:59.257,-3.513,-0.190,0.423,-0.117,0.695,Frame_224,,24.15
09:42:59.757,-3.544,-0.242,0.430,-0.121,0.631,Frame_224,,24.15
09:43:00.259,-3.586,-0.308,0.435,-0.152,0.596,Frame_224,,24.15
09:43:00.757,-3.609,-0.343,0.417,-0.178,0.520,Frame_224,,24.15
09:43:01.257,-3.652,-0.405,0.418,-0.245,0.514,Frame_224,,24.15
09:43:01.757,-3.682,-0.445,0.425,-0.292,0.491,Frame_224,,24.15
09:43:02.257,-3.725,-0.498,0.427,-0.352,0.439,Frame_224,,24.15
09:43:02.757,-3.760,-0.536,0.424,-0.422,0.410,Frame_225,,24.15
09:43:03.257,-3.802,-0.578,0.426,-0.476,0.378,Frame_225,,24.15
09:43:03.757,-3.846,-0.617,0.425,-0.527,0.369,Frame_225,,24.15
09:43:04.257,-3.887,-0.648,0.431,-0.566,0.350,Frame_225,,24.24
09:43:04.757,-3.951,-0.689,0.399,-0.628,0.331,Frame_225,,24.24
09:43:05.257,-3.994,-0.710,0.420,-0.645,0.318,Frame_225,,24.24
09:43:05.757,-4.057,-0.736,0.439,-0.589,0.303,Frame_225,,24.24
09:43:06.257,-4.116,-0.754,0.429,-0.567,0.295,Frame_226,,24.24
09:43:06.757,-4.169,-0.766,0.482,-0.482,0.310,Frame_226,,24.24
09:43:07.257,-4.247,-0.778,0.498,-0.427,0.329,Frame_226,,24.24
09:43:07.757,-4.307,-0.783,0.492,-0.398,0.339,Frame_226,,24.24
09:43:08.257,-4.384,-0.786,0.502,-0.367,0.350,Frame_226,,24.24
09:43:08.757,-4.456,-0.784,0.541,-0.267,0.374,Frame_226,,24.24
09:43:09.261,-4.542,-0.778,0.534,-0.214,0.406,Frame_226,,24.64
09:43:09.757,-4.618,-0.771,0.551,-0.096,0.405,Frame_227,,24.64
09:43:10.257,-4.705,-0.761,0.557,-0.037,0.429,Frame_227,,24.64
09:43:10.757,-4.781,-0.752,0.537,-0.043,0.433,Frame_227,,24.64
09:43:11.257,-4.867,-0.742,0.544,-0.005,0.457,Frame_227,,24.64
09:43:11.757,-4.942,-0.732,0.539,-0.010,0.455,Frame_227,,24.64
09:43:12.257,-5.007,-0.724,0.558,0.004,0.454,Frame_227,,24.64
09:43:12.757,-5.085,-0.714,0.558,0.027,0.474,Frame_227,,24.64
09:43:13.257,-5.150,-0.706,0.529,0.039,0.482,Frame_228,,24.64
09:43:13.757,-5.221,-0.697,0.517,0.052,0.488,Frame_228,,24.64
09:43:14.257,-5.303,-0.688,0.510,0.085,0.509,Frame_228,,25.14
09:43:14.757,-5.363,-0.682,0.504,0.135,0.508,Frame_228,,25.14
09:43:15.257,-5.433,-0.676,0.492,0.161,0.513,Frame_228,,25.14
09:43:15.757,-5.502,-0.672,0.485,0.205,0.522,Frame_228,,25.14
09:43:16.257,-5.559,-0.670,0.464,0.219,0.536,Frame_228,,25.14
09:43:16.757,-5.624,-0.670,0.456,0.183,0.535,Frame_228,,25.14
09:43:17.257,-5.687,-0.672,0.436,0.150,0.565,Frame_229,,25.14
09:43:17.757,-5.737,-0.674,0.405,0.121,0.577,Frame_229,,25.14
09:43:18.257,-5.801,-0.678,0.385,0.107,0.596,Frame_229,,25.14
09:43:18.757,-5.853,-0.682,0.365,0.093,0.604,Frame_229,,25.14
09:43:19.260,-5.904,-0.687,0.378,0.423,0.637,Frame_229,,25.14
09:43:19.757,-5.949,-0.693,0.387,0.621,0.621,Frame_229,,25.14
09:43:20.257,-6.002,-0.706,0.385,0.793,0.611,Frame_229,,25.14
09:43:20.757,-6.051,-0.723,0.227,0.858,0.598,Frame_230,,25.14
09:43:21.257,-6.058,-0.725,-0.116,0.835,0.607,Frame_230,,25.14
09:43:21.757,-6.045,-0.717,-0.146,0.881,0.613,Frame_230,,25.14
09:43:22.257,-6.031,-0.706,-0.054,0.956,0.634,Frame_230,,25.14
09:43:22.757,-6.027,-0.701,-0.043,0.984,0.639,Frame_230,,25.14
09:43:23.257,-6.024,-0.697,-0.032,1.032,0.620,Frame_230,,25.14
09:43:23.759,-6.022,-0.692,-0.022,1.083,0.636,Frame_230,,25.14
09:43:24.257,-6.021,-0.691,-0.007,1.148,0.627,Frame_230,,25.14
09:43:24.757,-6.021,-0.691,0.007,1.186,0.623,Frame_231,,25.14
09:43:25.257,-6.021,-0.693,0.032,1.229,0.620,Frame_231,,25.14
09:43:25.757,-6.020,-0.698,0.038,1.208,0.626,Frame_231,,25.14
09:43:26.257,-6.018,-0.704,0.062,1.172,0.637,Frame_231,,25.14
09:43:26.757,-6.012,-0.713,0.116,1.156,0.640,Frame_231,,25.14
09:43:27.257,-6.003,-0.725,0.183,1.135,0.645,Frame_231,,25.14
09:43:27.758,-5.980,-0.746,0.287,1.054,0.615,Frame_232,,25.14
09:43:28.257,-5.942,-0.773,0.438,0.821,0.577,Frame_232,,25.14
09:43:28.757,-5.876,-0.808,0.498,0.674,0.545,Frame_232,,25.14
09:43:29.259,-5.819,-0.831,0.529,0.526,0.521,Frame_232,,25.14
09:43:29.757,-5.729,-0.861,0.532,0.430,0.498,Frame_232,,25.14
09:43:30.259,-5.647,-0.880,0.514,0.455,0.492,Frame_232,,25.14
09:43:30.758,-5.567,-0.894,0.492,0.437,0.489,Frame_232,,25.14
09:43:31.257,-5.486,-0.901,0.524,0.279,0.494,Frame_233,,25.14
09:43:31.757,-5.412,-0.905,0.530,0.206,0.499,Frame_233,,25.14
09:43:32.257,-5.338,-0.907,0.535,0.167,0.521,Frame_233,,25.14
09:43:32.757,-5.263,-0.907,0.531,0.136,0.530,Frame_233,,25.14
09:43:33.257,-5.190,-0.905,0.513,0.105,0.558,Frame_233,,25.14
09:43:33.757,-5.120,-0.902,0.495,0.069,0.575,Frame_233,,25.14
09:43:34.257,-5.041,-0.899,0.483,0.048,0.591,Frame_233,,25.35
09:43:34.757,-4.956,-0.894,0.443,0.069,0.612,Frame_234,,25.35
09:43:35.257,-4.904,-0.891,0.432,0.018,0.618,Frame_234,,25.35
09:43:35.757,-4.845,-0.886,0.438,-0.003,0.626,Frame_234,,25.35
09:43:36.257,-4.775,-0.882,0.434,0.016,0.604,Frame_234,,25.35
09:43:36.757,-4.707,-0.877,0.418,0.038,0.579,Frame_234,,25.35
09:43:37.257,-4.649,-0.872,0.397,0.108,0.567,Frame_234,,25.35
09:43:37.757,-4.594,-0.867,0.375,0.147,0.544,Frame_234,,25.35
09:43:38.257,-4.542,-0.862,0.364,0.161,0.538,Frame_235,,25.35
09:43:38.757,-4.478,-0.853,0.364,0.166,0.512,Frame_235,,25.35
09:43:39.257,-4.427,-0.845,0.384,0.167,0.494,Frame_235,,25.35
09:43:39.759,-4.367,-0.833,0.372,0.184,0.481,Frame_235,,25.35
09:43:40.257,-4.317,-0.822,0.373,0.243,0.440,Frame_235,,25.35
09:43:40.761,-4.251,-0.806,0.385,0.331,0.415,Frame_235,,25.35
09:43:41.257,-4.199,-0.789,0.402,0.400,0.388,Frame_236,,25.35
09:43:41.760,-4.139,-0.767,0.404,0.480,0.381,Frame_236,,25.35
09:43:42.257,-4.080,-0.739,0.402,0.542,0.348,Frame_236,,25.35
09:43:42.757,-4.032,-0.712,0.388,0.588,0.326,Frame_236,,25.35
09:43:43.260,-3.980,-0.676,0.408,0.614,0.302,Frame_236,,25.35
09:43:43.757,-3.936,-0.639,0.413,0.627,0.272,Frame_236,,25.35
09:43:44.257,-3.876,-0.578,0.457,0.616,0.286,Frame_237,,25.45
09:43:44.757,-3.820,-0.503,0.480,0.564,0.277,Frame_237,,25.45
09:43:45.257,-3.790,-0.455,0.490,0.539,0.296,Frame_237,,25.45
09:43:45.757,-3.749,-0.374,0.540,0.477,0.305,Frame_237,,25.45
09:43:46.257,-3.724,-0.313,0.569,0.414,0.316,Frame_237,,25.45
09:43:46.757,-3.690,-0.216,0.572,0.269,0.356,Frame_237,,25.45
09:43:47.257,-3.667,-0.139,0.563,0.208,0.407,Frame_237,,25.45
09:43:47.757,-3.635,-0.019,0.563,0.028,0.485,Frame_238,,25.45
09:43:48.257,-3.609,0.080,0.572,-0.011,0.565,Frame_238,,25.45
09:43:48.757,-3.601,0.113,0.573,0.013,0.657,Frame_238,,25.45
09:43:49.257,-3.553,0.302,0.574,-0.003,0.751,Frame_238,,25.47
09:43:49.757,-3.524,0.414,0.585,0.006,0.814,Frame_238,,25.47
09:43:50.257,-3.499,0.515,0.573,-0.007,0.710,Frame_239,,25.47
09:43:50.757,-3.473,0.615,0.584,0.006,0.639,Frame_239,,25.47
09:43:51.257,-3.444,0.729,0.575,-0.015,0.562,Frame_239,,25.47
09:43:51.757,-3.416,0.841,0.572,-0.025,0.471,Frame_239,,25.47
09:43:52.257,-3.387,0.951,0.566,-0.033,0.399,Frame_239,,25.47
09:43:52.757,-3.360,1.051,0.442,-0.355,0.353,Frame_240,,25.47
09:43:53.257,-3.339,1.114,0.377,-0.481,0.349,Frame_240,,25.47
09:43:53.757,-3.319,1.163,0.404,-0.407,0.328,Frame_240,,25.47
09:43:54.257,-3.290,1.223,0.422,-0.398,0.328,Frame_240,,25.56
09:43:54.757,-3.254,1.285,0.488,-0.281,0.349,Frame_240,,25.56
09:43:55.257,-3.206,1.360,0.500,-0.200,0.366,Frame_240,,25.56
09:43:55.757,-3.173,1.409,0.496,-0.014,0.404,Frame_241,,25.56
09:43:56.257,-3.122,1.482,0.485,0.044,0.418,Frame_241,,25.56
09:43:56.760,-3.078,1.547,0.498,0.109,0.460,Frame_241,,25.56
09:43:57.257,-3.034,1.614,0.495,0.070,0.470,Frame_241,,25.56
09:43:57.758,-2.991,1.680,0.490,0.127,0.499,Frame_241,,25.56
09:43:58.257,-2.950,1.747,0.489,0.094,0.538,Frame_241,,25.56
09:43:58.757,-2.910,1.813,0.458,0.040,0.543,Frame_242,,25.56
09:43:59.257,-2.870,1.881,0.416,0.026,0.569,Frame_242,,25.56
09:43:59.757,-2.838,1.937,0.367,0.005,0.602,Frame_242,,25.56
09:44:00.257,-2.809,1.986,0.359,-0.093,0.601,Frame_242,,25.56
09:44:00.759,-2.784,2.029,0.341,-0.179,0.633,Frame_242,,25.56
09:44:01.257,-2.755,2.076,0.357,0.111,0.628,Frame_242,,25.56
09:44:01.757,-2.716,2.139,0.373,0.090,0.653,Frame_243,,25.56
09:44:02.257,-2.689,2.185,0.381,0.084,0.685,Frame_243,,25.56
09:44:02.757,-2.659,2.238,0.381,0.069,0.699,Frame_243,,25.56
09:44:03.257,-2.631,2.289,0.345,0.073,0.714,Frame_243,,25.56
09:44:03.757,-2.608,2.331,0.334,0.063,0.727,Frame_243,,25.56
09:44:04.257,-2.578,2.389,0.320,0.080,0.719,Frame_243,,25.72
09:44:04.757,-2.558,2.428,0.300,0.024,0.721,Frame_243,,25.72
09:44:05.257,-2.536,2.470,0.302,-0.332,0.707,Frame_244,,25.72
09:44:05.757,-2.512,2.512,0.292,-0.551,0.696,Frame_244,,25.72
09:44:06.257,-2.493,2.540,0.271,-0.643,0.693,Frame_244,,25.72
09:44:06.757,-2.471,2.567,0.229,-0.687,0.696,Frame_244,,25.72
09:44:07.257,-2.447,2.591,0.186,-0.709,0.672,Frame_244,,25.72
09:44:07.757,-2.429,2.606,0.147,-0.706,0.663,Frame_244,,25.72
09:44:08.257,-2.413,2.617,0.101,-0.688,0.646,Frame_245,,25.72
09:44:08.757,-2.403,2.622,0.063,-0.667,0.644,Frame_245,,25.72
09:44:09.260,-2.396,2.625,0.040,-0.643,0.646,Frame_245,,25.72
09:44:09.757,-2.392,2.626,0.009,-0.598,0.644,Frame_245,,25.72
09:44:10.257,-2.398,2.625,-0.065,-0.306,0.654,Frame_245,,25.72
09:44:10.762,-2.414,2.622,-0.128,-0.015,0.658,Frame_245,,25.72
09:44:11.257,-2.428,2.620,-0.012,0.274,0.672,Frame_245,,25.72
09:44:11.757,-2.430,2.619,0.004,0.541,0.686,Frame_246,,25.72
09:44:12.257,-2.431,2.619,-0.009,0.714,0.673,Frame_246,,25.72
09:44:12.757,-2.431,2.619,0.001,0.838,0.665,Frame_246,,25.72
09:44:13.257,-2.430,2.620,0.017,0.931,0.676,Frame_246,,25.72
09:44:13.757,-2.426,2.622,0.044,0.996,0.668,Frame_246,,25.72
09:44:14.257,-2.420,2.628,0.089,1.018,0.662,Frame_246,,25.72
09:44:14.757,-2.410,2.641,0.175,0.989,0.636,Frame_246,,25.72
09:44:15.257,-2.393,2.672,0.283,0.917,0.631,Frame_247,,25.72
09:44:15.757,-2.379,2.705,0.360,0.822,0.607,Frame_247,,25.72
09:44:16.257,-2.361,2.773,0.426,0.722,0.592,Frame_247,,25.72
09:44:16.757,-2.351,2.842,0.472,0.644,0.596,Frame_247,,25.72
09:44:17.257,-2.348,2.910,0.494,0.473,0.593,Frame_247,,25.72
09:44:17.757,-2.351,2.998,0.507,0.356,0.604,Frame_247,,25.72
09:44:18.257,-2.357,3.068,0.491,0.210,0.627,Frame_247,,25.72
09:44:18.757,-2.367,3.146,0.484,0.125,0.643,Frame_248,,25.72
09:44:19.257,-2.376,3.204,0.477,0.038,0.663,Frame_248,,26.01
09:44:19.760,-2.386,3.269,0.473,-0.005,0.697,Frame_248,,26.01
09:44:20.257,-2.397,3.343,0.471,-0.059,0.720,Frame_248,,26.01
09:44:20.758,-2.406,3.408,0.471,-0.092,0.715,Frame_248,,26.01
09:44:21.257,-2.416,3.483,0.479,-0.109,0.691,Frame_248,,26.01
09:44:21.757,-2.424,3.550,0.478,-0.118,0.654,Frame_248,,26.01
09:44:22.257,-2.431,3.626,0.475,-0.116,0.634,Frame_249,,26.01
09:44:22.757,-2.437,3.702,0.476,-0.115,0.609,Frame_249,,26.01
09:44:23.257,-2.441,3.769,0.470,-0.124,0.584,Frame_249,,26.01
09:44:23.757,-2.444,3.844,0.474,-0.117,0.557,Frame_249,,26.01
09:44:24.257,-2.446,3.909,0.459,-0.093,0.557,Frame_249,,26.50
09:44:24.757,-2.446,3.982,0.441,-0.078,0.533,Frame_249,,26.50
09:44:25.257,-2.446,4.043,0.421,-0.069,0.512,Frame_250,,26.50
09:44:25.757,-2.445,4.108,0.397,-0.063,0.493,Frame_250,,26.50
09:44:26.261,-2.444,4.162,0.368,-0.036,0.487,Frame_250,,26.50
09:44:26.757,-2.442,4.219,0.330,-0.015,0.468,Frame_250,,26.50
09:44:27.257,-2.441,4.263,0.305,-0.001,0.458,Frame_250,,26.50
09:44:27.757,-2.439,4.312,0.325,-0.271,0.449,Frame_250,,26.50
09:44:28.259,-2.436,4.359,0.363,-0.582,0.437,Frame_250,,26.50
09:44:28.757,-2.428,4.419,0.396,-0.721,0.444,Frame_251,,26.50
09:44:29.257,-2.411,4.480,0.388,-0.796,0.458,Frame_251,,26.50
09:44:29.757,-2.389,4.536,0.349,-0.798,0.489,Frame_251,,26.50
09:44:30.257,-2.367,4.576,0.295,-0.791,0.503,Frame_251,,26.50
09:44:30.758,-2.351,4.599,0.093,-0.511,0.564,Frame_251,,26.50
09:44:31.259,-2.346,4.605,-0.017,-0.297,0.568,Frame_251,,26.50
09:44:31.757,-2.350,4.600,-0.063,-0.010,0.563,Frame_251,,26.50
09:44:32.257,-2.355,4.595,0.011,0.376,0.554,Frame_252,,26.50
09:44:32.757,-2.354,4.596,0.006,0.592,0.542,Frame_252,,26.50
09:44:33.257,-2.353,4.598,0.028,0.805,0.554,Frame_252,,26.50
09:44:33.757,-2.351,4.602,0.040,0.923,0.568,Frame_252,,26.50
09:44:34.257,-2.348,4.609,0.056,0.975,0.573,Frame_252,,27.46
09:44:34.760,-2.346,4.622,0.127,0.980,0.570,Frame_252,,27.46
09:44:35.257,-2.345,4.639,0.220,0.977,0.601,Frame_253,,27.46
09:44:35.757,-2.347,4.675,0.357,0.907,0.608,Frame_253,,27.46
09:44:36.257,-2.359,4.734,0.438,0.824,0.629,Frame_253,,27.46
09:44:36.757,-2.379,4.796,0.521,0.650,0.665,Frame_253,,27.46
09:44:37.257,-2.413,4.873,0.542,0.545,0.712,Frame_253,,27.46
09:44:37.757,-2.428,4.902,0.559,0.467,0.710,Frame_253,,27.46
09:44:38.257,-2.456,4.950,0.561,0.394,0.747,Frame_253,,27.46
09:44:38.758,-2.511,5.034,0.547,0.301,0.767,Frame_253,,27.46
09:44:39.257,-2.549,5.088,0.540,0.242,0.780,Frame_254,,28.62
09:44:39.757,-2.581,5.131,0.539,0.249,0.801,Frame_254,,28.62
09:44:40.257,-2.635,5.196,0.523,0.226,0.703,Frame_254,,28.62
09:44:40.757,-2.675,5.243,0.249,0.034,0.661,Frame_254,,28.62
09:44:41.257,-2.680,5.249,-0.096,-0.046,0.612,Frame_254,,28.62
09:44:41.757,-2.671,5.238,-0.098,-0.223,0.611,Frame_254,,28.62
09:44:42.257,-2.664,5.230,-0.007,-0.484,0.628,Frame_254,,28.62
09:44:42.757,-2.663,5.228,0.010,-0.656,0.645,Frame_254,,28.62
09:44:43.257,-2.664,5.230,0.016,-0.781,0.643,Frame_255,,28.62
09:44:43.757,-2.665,5.232,0.026,-0.913,0.639,Frame_255,,28.62
09:44:44.257,-2.667,5.237,0.039,-0.974,0.638,Frame_255,,28.62
09:44:44.757,-2.668,5.243,0.060,-1.028,0.646,Frame_255,,28.62
09:44:45.257,-2.668,5.253,0.085,-1.042,0.632,Frame_255,,28.62
09:44:45.757,-2.666,5.269,0.148,-0.974,0.627,Frame_255,,28.62
09:44:46.257,-2.657,5.299,0.220,-0.925,0.598,Frame_256,,28.62
09:44:46.757,-2.644,5.327,0.337,-0.831,0.576,Frame_256,,28.62
09:44:47.257,-2.614,5.376,0.405,-0.745,0.501,Frame_256,,28.62
09:44:47.757,-2.577,5.423,0.386,-0.783,0.469,Frame_256,,28.62
09:44:48.257,-2.541,5.461,0.524,-0.565,0.403,Frame_256,,28.62
09:44:48.758,-2.481,5.514,0.579,-0.308,0.362,Frame_256,,28.62
09:44:49.257,-2.433,5.552,0.617,-0.173,0.329,Frame_256,,29.30
09:44:49.757,-2.358,5.609,0.559,-0.117,0.259,Frame_257,,29.30
09:44:50.257,-2.298,5.654,0.506,0.127,0.253,Frame_257,,29.30
09:44:50.757,-2.234,5.703,0.499,0.181,0.271,Frame_257,,29.30
09:44:51.257,-2.180,5.747,0.520,0.242,0.276,Frame_257,,29.30
09:44:51.757,-2.132,5.788,0.535,0.237,0.303,Frame_257,,29.30
09:44:52.257,-2.100,5.817,0.522,0.196,0.367,Frame_257,,29.30
09:44:52.758,-2.025,5.889,0.505,0.161,0.389,Frame_257,,29.30
09:44:53.258,-1.970,5.945,0.480,0.157,0.440,Frame_257,,29.30
09:44:53.757,-1.925,5.993,0.445,0.120,0.484,Frame_258,,29.30
09:44:54.257,-1.885,6.038,0.417,0.071,0.519,Frame_258,,29.30
09:44:54.757,-1.842,6.087,0.375,0.022,0.536,Frame_258,,29.30
09:44:55.260,-1.808,6.126,0.363,0.040,0.568,Frame_258,,29.30
09:44:55.760,-1.769,6.170,0.376,-0.323,0.592,Frame_258,,29.30
09:44:56.260,-1.738,6.203,0.370,-0.438,0.634,Frame_258,,29.30
09:44:56.757,-1.695,6.243,0.343,-0.494,0.637,Frame_259,,29.30
09:44:57.257,-1.664,6.269,0.315,-0.519,0.654,Frame_259,,29.30
09:44:57.758,-1.619,6.300,0.272,-0.549,0.700,Frame_259,,29.30
09:44:58.258,-1.592,6.315,0.232,-0.540,0.714,Frame_259,,29.30
09:44:58.759,-1.561,6.331,0.189,-0.531,0.728,Frame_259,,29.30
09:44:59.257,-1.538,6.340,0.150,-0.522,0.711,Frame_259,,29.97
09:44:59.757,-1.520,6.345,0.119,-0.507,0.699,Frame_259,,29.97
09:45:00.257,-1.508,6.348,0.020,-0.316,0.682,Frame_260,,29.97
09:45:00.757,-1.511,6.347,-0.069,-0.065,0.671,Frame_260,,29.97
09:45:01.257,-1.522,6.345,-0.076,0.216,0.687,Frame_260,,29.97
09:45:01.757,-1.530,6.344,0.011,0.515,0.703,Frame_260,,29.97
09:45:02.257,-1.529,6.344,-0.001,0.737,0.691,Frame_260,,29.97
09:45:02.757,-1.528,6.345,0.009,0.878,0.695,Frame_260,,29.97
09:45:03.257,-1.527,6.345,0.026,1.017,0.702,Frame_260,,29.97
09:45:03.757,-1.523,6.348,0.039,1.092,0.682,Frame_260,,29.97
09:45:04.257,-1.518,6.353,0.069,1.103,0.676,Frame_261,,29.97
09:45:04.757,-1.510,6.364,0.115,1.089,0.648,Frame_261,,29.97
09:45:05.257,-1.500,6.384,0.222,1.026,0.641,Frame_261,,29.97
09:45:05.757,-1.490,6.418,0.349,0.929,0.621,Frame_261,,29.97
09:45:06.257,-1.480,6.476,0.467,0.803,0.614,Frame_261,,29.97
09:45:06.757,-1.477,6.562,0.532,0.692,0.617,Frame_261,,29.97
09:45:07.257,-1.482,6.628,0.589,0.561,0.634,Frame_262,,29.97
09:45:07.757,-1.494,6.710,0.599,0.443,0.658,Frame_262,,29.97
09:45:08.257,-1.515,6.805,0.621,0.397,0.683,Frame_262,,29.97
09:45:08.757,-1.540,6.890,0.628,0.291,0.730,Frame_262,,29.97
09:45:09.257,-1.571,6.986,0.630,0.262,0.704,Frame_262,,30.63
09:45:09.757,-1.602,7.067,0.607,0.231,0.647,Frame_262,,30.63
09:45:10.257,-1.639,7.154,0.572,0.220,0.611,Frame_262,,30.63
09:45:10.757,-1.672,7.227,0.560,0.273,0.542,Frame_263,,30.63
09:45:11.257,-1.714,7.307,0.573,0.301,0.501,Frame_263,,30.63
09:45:11.757,-1.742,7.357,0.558,0.262,0.440,Frame_263,,30.63
09:45:12.257,-1.787,7.432,0.551,0.237,0.411,Frame_263,,30.63
09:45:12.757,-1.829,7.495,0.521,0.389,0.376,Frame_263,,30.63
09:45:13.257,-1.866,7.545,0.513,0.410,0.330,Frame_263,,30.63
09:45:13.757,-1.925,7.616,0.515,0.398,0.313,Frame_263,,30.63
09:45:14.257,-1.967,7.661,0.511,0.358,0.296,Frame_264,,31.02
09:45:14.757,-2.026,7.718,0.526,0.374,0.302,Frame_264,,31.02
09:45:15.257,-2.075,7.760,0.546,0.315,0.303,Frame_264,,31.02
09:45:15.757,-2.142,7.814,0.526,0.241,0.330,Frame_264,,31.02
09:45:16.257,-2.200,7.857,0.488,0.168,0.355,Frame_264,,31.02
09:45:16.757,-2.255,7.895,0.460,0.152,0.400,Frame_264,,31.02
09:45:17.257,-2.316,7.935,0.435,0.121,0.422,Frame_264,,31.02
09:45:17.757,-2.365,7.966,0.399,0.094,0.443,Frame_265,,31.02
09:45:18.257,-2.418,7.999,0.381,0.016,0.470,Frame_265,,31.02
09:45:18.757,-2.463,8.027,0.367,-0.330,0.480,Frame_265,,31.02
09:45:19.257,-2.512,8.060,0.368,-0.585,0.489,Frame_265,,31.64
09:45:19.757,-2.541,8.083,0.354,-0.763,0.510,Frame_265,,31.64
09:45:20.257,-2.585,8.126,0.330,-0.927,0.536,Frame_265,,31.64
09:45:20.757,-2.607,8.156,0.263,-0.833,0.544,Frame_265,,31.64
09:45:21.257,-2.626,8.188,0.199,-0.583,0.574,Frame_266,,31.64
09:45:21.757,-2.634,8.204,0.134,-0.325,0.586,Frame_266,,31.64
09:45:22.257,-2.640,8.216,0.013,-0.043,0.601,Frame_266,,31.64
09:45:22.757,-2.640,8.218,0.009,0.325,0.606,Frame_266,,31.64
09:45:23.257,-2.641,8.220,0.017,0.574,0.613,Frame_266,,31.64
09:45:23.757,-2.644,8.225,0.084,0.779,0.608,Frame_266,,31.64
09:45:24.257,-2.651,8.234,0.132,0.887,0.622,Frame_266,,31.64
09:45:24.758,-2.672,8.255,0.206,0.901,0.639,Frame_267,,31.64
09:45:25.257,-2.694,8.273,0.275,0.902,0.653,Frame_267,,31.64
09:45:25.757,-2.731,8.296,0.418,0.822,0.670,Frame_267,,31.64
09:45:26.260,-2.787,8.322,0.504,0.660,0.695,Frame_267,,31.64
09:45:26.757,-2.863,8.349,0.511,0.637,0.724,Frame_267,,31.64
09:45:27.257,-2.938,8.367,0.474,0.612,0.722,Frame_267,,31.64
09:45:27.757,-3.006,8.376,0.517,0.464,0.731,Frame_268,,31.64
09:45:28.257,-3.079,8.382,0.538,0.362,0.731,Frame_268,,31.64
09:45:28.757,-3.154,8.383,0.525,0.298,0.724,Frame_268,,31.64
09:45:29.257,-3.229,8.382,0.543,0.196,0.711,Frame_268,,31.64
09:45:29.757,-3.305,8.378,0.547,0.155,0.691,Frame_268,,31.64
09:45:30.257,-3.394,8.372,0.560,0.114,0.668,Frame_268,,31.64
09:45:30.757,-3.460,8.366,0.526,0.332,0.654,Frame_268,,31.64
09:45:31.257,-3.531,8.357,0.385,0.609,0.625,Frame_269,,31.64
09:45:31.757,-3.587,8.345,0.461,0.656,0.610,Frame_269,,31.64
09:45:32.259,-3.652,8.325,0.523,0.643,0.574,Frame_269,,31.64
09:45:32.757,-3.730,8.292,0.557,0.560,0.550,Frame_269,,31.64
09:45:33.257,-3.790,8.260,0.577,0.484,0.510,Frame_269,,31.64
09:45:33.757,-3.858,8.219,0.559,0.503,0.490,Frame_269,,31.64
09:45:34.257,-3.922,8.175,0.543,0.420,0.459,Frame_269,,32.95
09:45:34.757,-3.988,8.121,0.540,0.362,0.422,Frame_270,,32.95
09:45:35.257,-4.046,8.069,0.556,0.277,0.401,Frame_270,,32.95
09:45:35.757,-4.094,8.022,0.558,0.234,0.378,Frame_270,,32.95
09:45:36.257,-4.163,7.950,0.556,0.185,0.389,Frame_270,,32.95
09:45:36.757,-4.208,7.901,0.545,0.152,0.388,Frame_270,,32.95
09:45:37.257,-4.264,7.835,0.538,0.095,0.414,Frame_270,,32.95
09:45:37.757,-4.312,7.778,0.524,0.056,0.440,Frame_270,,32.95
09:45:38.258,-4.365,7.715,0.500,-0.004,0.503,Frame_271,,32.95
09:45:38.757,-4.402,7.670,0.471,-0.028,0.514,Frame_271,,32.95
09:45:39.257,-4.449,7.613,0.453,-0.009,0.565,Frame_271,,32.95
09:45:39.757,-4.489,7.565,0.432,-0.041,0.586,Frame_271,,32.95
09:45:40.257,-4.521,7.527,0.390,0.259,0.628,Frame_271,,32.95
09:45:40.757,-4.561,7.476,0.420,0.365,0.644,Frame_271,,32.95
09:45:41.257,-4.597,7.426,0.458,0.365,0.673,Frame_271,,32.95
09:45:41.757,-4.636,7.364,0.487,0.313,0.711,Frame_272,,32.95
09:45:42.257,-4.665,7.312,0.508,0.291,0.724,Frame_272,,32.95
09:45:42.757,-4.703,7.240,0.511,0.234,0.702,Frame_272,,32.95
09:45:43.257,-4.733,7.176,0.493,0.179,0.682,Frame_272,,32.95
09:45:43.757,-4.768,7.096,0.481,0.123,0.657,Frame_272,,32.95
09:45:44.257,-4.790,7.044,0.451,0.046,0.649,Frame_272,,33.43
09:45:44.757,-4.816,6.978,0.442,0.004,0.628,Frame_272,,33.43
09:45:45.257,-4.839,6.922,0.411,-0.052,0.619,Frame_273,,33.43
09:45:45.757,-4.864,6.861,0.396,-0.059,0.602,Frame_273,,33.43
09:45:46.257,-4.885,6.811,0.379,-0.043,0.593,Frame_273,,33.43
09:45:46.757,-4.909,6.756,0.373,0.040,0.556,Frame_273,,33.43
09:45:47.257,-4.929,6.708,0.241,0.180,0.564,Frame_273,,33.43
09:45:47.757,-4.937,6.689,0.041,0.342,0.544,Frame_273,,33.43
09:45:48.257,-4.940,6.681,0.097,0.558,0.549,Frame_273,,33.43
09:45:48.757,-4.944,6.663,0.131,0.635,0.541,Frame_274,,33.43
09:45:49.260,-4.947,6.638,0.164,0.610,0.527,Frame_274,,33.88
09:45:49.757,-4.948,6.613,0.188,0.584,0.525,Frame_274,,33.88
09:45:50.257,-4.946,6.577,0.246,0.488,0.530,Frame_274,,33.88
09:45:50.757,-4.940,6.539,0.322,0.387,0.528,Frame_274,,33.88
09:45:51.257,-4.929,6.486,0.345,0.244,0.546,Frame_274,,33.88
09:45:51.757,-4.922,6.454,0.208,-0.304,0.554,Frame_275,,33.88
09:45:52.258,-4.916,6.424,0.248,-0.462,0.576,Frame_275,,33.88
09:45:52.759,-4.910,6.379,0.333,-0.406,0.575,Frame_275,,33.88
09:45:53.257,-4.906,6.331,0.362,-0.378,0.604,Frame_275,,33.88
09:45:53.757,-4.905,6.272,0.372,-0.397,0.625,Frame_275,,33.88
09:45:54.259,-4.908,6.205,0.365,-0.364,0.646,Frame_275,,34.31
09:45:54.757,-4.912,6.162,0.345,-0.224,0.653,Frame_275,,34.31
09:45:55.257,-4.920,6.107,0.354,0.045,0.665,Frame_276,,34.31
09:45:55.757,-4.929,6.042,0.382,0.356,0.681,Frame_276,,34.31
09:45:56.257,-4.933,5.981,0.381,0.519,0.675,Frame_276,,34.31
09:45:56.757,-4.933,5.930,0.355,0.610,0.669,Frame_276,,34.31
09:45:57.257,-4.928,5.877,0.311,0.667,0.680,Frame_276,,34.31
09:45:57.758,-4.922,5.842,0.266,0.699,0.703,Frame_276,,34.31
09:45:58.257,-4.909,5.801,0.204,0.701,0.709,Frame_277,,34.31
09:45:58.757,-4.901,5.781,0.168,0.687,0.715,Frame_277,,34.31
09:45:59.257,-4.890,5.760,0.117,0.673,0.716,Frame_277,,34.31
09:45:59.759,-4.882,5.748,0.088,0.653,0.727,Frame_277,,34.31
09:46:00.260,-4.875,5.740,0.062,0.632,0.735,Frame_277,,34.31
09:46:00.757,-4.871,5.735,0.010,0.367,0.735,Frame_277,,34.31
09:46:01.257,-4.872,5.737,-0.002,0.055,0.732,Frame_277,,34.31
09:46:01.758,-4.870,5.734,0.034,-0.343,0.733,Frame_278,,34.31
09:46:02.257,-4.867,5.731,0.058,-0.602,0.730,Frame_278,,34.31
09:46:02.758,-4.860,5.723,0.087,-0.741,0.720,Frame_278,,34.31
09:46:03.257,-4.851,5.711,0.148,-0.833,0.704,Frame_278,,34.31
09:46:03.757,-4.841,5.691,0.230,-0.889,0.678,Frame_278,,34.31
09:46:04.257,-4.824,5.648,0.358,-0.845,0.657,Frame_278,,34.31
09:46:04.757,-4.813,5.602,0.474,-0.731,0.635,Frame_278,,34.31
09:46:05.257,-4.800,5.515,0.529,-0.615,0.590,Frame_279,,34.31
09:46:05.758,-4.798,5.450,0.543,-0.474,0.555,Frame_279,,34.31
09:46:06.257,-4.800,5.362,0.551,-0.373,0.538,Frame_279,,34.31
09:46:06.757,-4.809,5.263,0.552,-0.226,0.509,Frame_279,,34.31
09:46:07.257,-4.820,5.174,0.565,-0.140,0.510,Frame_279,,34.31
09:46:07.757,-4.833,5.097,0.548,-0.123,0.489,Frame_279,,34.31
09:46:08.257,-4.848,5.010,0.547,-0.068,0.495,Frame_279,,34.31
09:46:08.757,-4.869,4.904,0.552,-0.029,0.479,Frame_280,,34.31
09:46:09.258,-4.890,4.798,0.544,0.005,0.482,Frame_280,,35.08
09:46:09.758,-4.907,4.711,0.555,0.017,0.476,Frame_280,,35.08
09:46:10.257,-4.924,4.623,0.562,0.027,0.480,Frame_280,,35.08
09:46:10.757,-4.945,4.515,0.499,0.092,0.486,Frame_280,,35.08
09:46:11.257,-4.952,4.471,-0.068,0.280,0.491,Frame_281,,35.08
09:46:11.757,-4.949,4.495,-0.193,0.217,0.490,Frame_281,,35.08
09:46:12.257,-4.947,4.521,-0.188,0.084,0.484,Frame_281,,35.08
09:46:12.757,-4.944,4.551,-0.187,0.022,0.491,Frame_281,,35.08
09:46:13.257,-4.942,4.580,-0.182,-0.039,0.496,Frame_281,,35.08
09:46:13.757,-4.940,4.610,-0.185,-0.099,0.494,Frame_281,,35.08
09:46:14.257,-4.937,4.641,-0.198,-0.130,0.492,Frame_281,,35.71
09:46:14.760,-4.933,4.674,-0.209,-0.150,0.496,Frame_282,,35.71
09:46:15.257,-4.929,4.705,-0.233,-0.159,0.497,Frame_282,,35.71
09:46:15.757,-4.922,4.743,-0.246,-0.166,0.505,Frame_282,,35.71
09:46:16.257,-4.913,4.792,-0.248,-0.129,0.505,Frame_282,,35.71
09:46:16.757,-4.903,4.837,-0.258,-0.110,0.490,Frame_282,,35.71
09:46:17.257,-4.892,4.882,-0.258,-0.068,0.494,Frame_283,,35.71
09:46:17.757,-4.879,4.933,-0.268,-0.049,0.496,Frame_283,,35.71
09:46:18.257,-4.869,4.974,-0.260,-0.020,0.498,Frame_283,,35.71
09:46:18.757,-4.856,5.019,-0.265,0.013,0.487,Frame_283,,35.71
09:46:19.257,-4.842,5.074,-0.256,0.022,0.492,Frame_283,,35.71
09:46:19.757,-4.830,5.119,-0.258,0.044,0.488,Frame_283,,35.71
09:46:20.257,-4.821,5.155,0.113,0.107,0.491,Frame_284,,35.71
09:46:20.757,-4.820,5.161,0.259,0.291,0.488,Frame_284,,35.71
09:46:21.257,-4.823,5.139,0.399,0.317,0.496,Frame_284,,35.71
09:46:21.757,-4.829,5.092,0.476,0.291,0.488,Frame_284,,35.71
09:46:22.257,-4.834,5.029,0.542,0.239,0.487,Frame_284,,35.71
09:46:22.757,-4.838,4.932,0.551,0.243,0.474,Frame_284,,35.71
09:46:23.257,-4.839,4.855,0.550,0.234,0.454,Frame_284,,35.71
09:46:23.757,-4.836,4.766,0.564,0.256,0.440,Frame_285,,35.71
09:46:24.257,-4.828,4.666,0.565,0.245,0.428,Frame_285,,35.71
09:46:24.757,-4.819,4.587,0.569,0.241,0.381,Frame_285,,35.71
09:46:25.257,-4.805,4.497,0.541,0.321,0.372,Frame_285,,35.71
09:46:25.757,-4.793,4.434,0.547,0.320,0.364,Frame_285,,35.71
09:46:26.257,-4.772,4.348,0.570,0.297,0.353,Frame_285,,35.71
09:46:26.757,-4.746,4.260,0.570,0.247,0.367,Frame_286,,35.71
09:46:27.257,-4.713,4.163,0.570,0.176,0.381,Frame_286,,35.71
09:46:27.757,-4.693,4.109,0.573,0.114,0.431,Frame_286,,35.71
09:46:28.257,-4.656,4.014,0.558,0.045,0.455,Frame_286,,35.71
09:46:28.757,-4.626,3.941,0.567,0.024,0.518,Frame_286,,35.71
09:46:29.257,-4.597,3.868,0.562,0.025,0.574,Frame_286,,36.58
09:46:29.757,-4.563,3.785,0.551,0.024,0.627,Frame_287,,36.58
09:46:30.258,-4.530,3.705,0.485,-0.165,0.691,Frame_287,,36.58
09:46:30.757,-4.508,3.651,0.518,-0.262,0.696,Frame_287,,36.58
09:46:31.258,-4.478,3.570,0.562,-0.313,0.621,Frame_287,,36.58
09:46:31.757,-4.454,3.494,0.561,-0.283,0.576,Frame_287,,36.58
09:46:32.257,-4.432,3.410,0.536,-0.268,0.498,Frame_287,,36.58
09:46:32.757,-4.417,3.347,0.533,-0.286,0.460,Frame_287,,36.58
09:46:33.258,-4.402,3.264,0.502,-0.284,0.387,Frame_288,,36.58
09:46:33.757,-4.395,3.214,0.042,-0.193,0.359,Frame_288,,36.58
09:46:34.259,-4.396,3.224,-0.177,-0.229,0.351,Frame_288,,36.58
09:46:34.758,-4.398,3.254,-0.208,-0.193,0.367,Frame_288,,36.58
09:46:35.257,-4.400,3.292,-0.221,-0.227,0.376,Frame_288,,36.58
09:46:35.759,-4.401,3.321,-0.237,-0.269,0.420,Frame_288,,36.58
09:46:36.257,-4.399,3.369,-0.293,-0.390,0.438,Frame_288,,36.58
09:46:36.757,-4.396,3.403,-0.266,-0.489,0.473,Frame_289,,36.58
09:46:37.257,-4.390,3.446,-0.220,-0.606,0.514,Frame_289,,36.58
09:46:37.757,-4.380,3.481,-0.183,-0.698,0.563,Frame_289,,36.58
09:46:38.257,-4.373,3.501,-0.098,-0.787,0.574,Frame_289,,36.58
09:46:38.757,-4.365,3.514,-0.075,-0.862,0.584,Frame_289,,36.58
09:46:39.257,-4.361,3.521,-0.048,-0.913,0.617,Frame_289,,36.58
09:46:39.757,-4.356,3.526,-0.065,-0.952,0.619,Frame_290,,36.58
09:46:40.257,-4.348,3.533,-0.051,-1.018,0.631,Frame_290,,36.58
09:46:40.757,-4.344,3.535,-0.027,-1.031,0.632,Frame_290,,36.58
09:46:41.258,-4.341,3.537,-0.007,-1.109,0.623,Frame_290,,36.58
09:46:41.757,-4.340,3.537,0.010,-1.154,0.640,Frame_290,,36.58
09:46:42.257,-4.342,3.537,0.029,-1.124,0.613,Frame_290,,36.58
09:46:42.757,-4.346,3.537,0.046,-1.130,0.605,Frame_290,,36.58
09:46:43.257,-4.361,3.541,0.162,-1.107,0.582,Frame_291,,36.58
09:46:43.757,-4.383,3.551,0.257,-1.078,0.576,Frame_291,,36.58
09:46:44.257,-4.418,3.573,0.404,-0.983,0.563,Frame_291,,36.58
09:46:44.757,-4.472,3.618,0.513,-0.845,0.548,Frame_291,,36.58
09:46:45.257,-4.522,3.674,0.574,-0.738,0.557,Frame_291,,36.58
09:46:45.757,-4.564,3.730,0.583,-0.683,0.603,Frame_291,,36.58
09:46:46.257,-4.607,3.800,0.597,-0.618,0.639,Frame_291,,36.58
09:46:46.757,-4.644,3.874,0.263,-0.437,0.725,Frame_292,,36.58
09:46:47.257,-4.649,3.885,-0.118,-0.484,0.721,Frame_292,,36.58
09:46:47.757,-4.643,3.866,-0.196,-0.370,0.723,Frame_292,,36.58
09:46:48.257,-4.635,3.838,-0.222,-0.350,0.700,Frame_292,,36.58
09:46:48.757,-4.629,3.807,-0.220,-0.372,0.675,Frame_292,,36.58
09:46:49.257,-4.623,3.771,-0.235,-0.466,0.636,Frame_292,,36.58
09:46:49.757,-4.620,3.738,-0.228,-0.599,0.613,Frame_292,,36.58
09:46:50.257,-4.620,3.707,-0.208,-0.706,0.573,Frame_293,,36.58
09:46:50.759,-4.623,3.677,-0.172,-0.790,0.558,Frame_293,,36.58
09:46:51.257,-4.628,3.652,-0.153,-0.852,0.513,Frame_293,,36.58
09:46:51.757,-4.635,3.633,-0.116,-0.902,0.507,Frame_293,,36.58
09:46:52.257,-4.641,3.622,-0.087,-0.946,0.490,Frame_293,,36.58
09:46:52.760,-4.648,3.611,-0.059,-1.022,0.455,Frame_293,,36.58
09:46:53.257,-4.653,3.606,-0.044,-1.085,0.475,Frame_293,,36.58
09:46:53.757,-4.658,3.603,-0.042,-1.145,0.472,Frame_294,,36.58
09:46:54.257,-4.661,3.601,-0.024,-1.190,0.470,Frame_294,,36.58
09:46:54.760,-4.664,3.600,-0.004,-1.236,0.493,Frame_294,,36.58
09:46:55.257,-4.663,3.600,0.005,-1.316,0.498,Frame_294,,36.58
09:46:55.757,-4.660,3.600,0.082,-1.296,0.509,Frame_294,,36.58
09:46:56.257,-4.642,3.596,0.170,-1.260,0.519,Frame_294,,36.58
09:46:56.758,-4.609,3.581,0.356,-1.176,0.538,Frame_294,,36.58
09:46:57.257,-4.565,3.551,0.459,-1.070,0.533,Frame_295,,36.58
09:46:57.758,-4.525,3.515,0.475,-0.986,0.526,Frame_295,,36.58
09:46:58.257,-4.467,3.445,0.517,-0.877,0.486,Frame_295,,36.58
09:46:58.757,-4.434,3.391,0.539,-0.777,0.471,Frame_295,,36.58
09:46:59.257,-4.404,3.330,0.467,-0.790,0.428,Frame_295,,36.58
09:46:59.757,-4.384,3.276,0.476,-0.691,0.393,Frame_295,,36.58
09:47:00.257,-4.364,3.198,0.418,-0.544,0.371,Frame_295,,36.58
09:47:00.757,-4.354,3.133,0.410,-0.478,0.366,Frame_296,,36.58
09:47:01.257,-4.352,3.106,0.068,-0.395,0.339,Frame_296,,36.58
09:47:01.757,-4.352,3.120,-0.215,-0.388,0.347,Frame_296,,36.58
09:47:02.257,-4.351,3.147,-0.235,-0.366,0.369,Frame_296,,36.58
09:47:02.757,-4.347,3.199,-0.292,-0.429,0.361,Frame_296,,36.58
09:47:03.257,-4.342,3.233,-0.260,-0.523,0.408,Frame_296,,36.58
09:47:03.757,-4.331,3.278,-0.202,-0.633,0.438,Frame_296,,36.58
09:47:04.257,-4.322,3.304,-0.174,-0.719,0.486,Frame_297,,37.27
09:47:04.757,-4.313,3.323,-0.089,-0.815,0.497,Frame_297,,37.27
09:47:05.258,-4.307,3.332,-0.061,-0.908,0.521,Frame_297,,37.27
09:47:05.757,-4.303,3.338,-0.040,-1.005,0.523,Frame_297,,37.27
09:47:06.257,-4.298,3.342,-0.064,-1.031,0.531,Frame_297,,37.27
09:47:06.757,-4.291,3.347,-0.049,-1.045,0.533,Frame_297,,37.27
09:47:07.257,-4.286,3.349,-0.030,-1.068,0.540,Frame_298,,37.27
09:47:07.757,-4.282,3.351,-0.018,-1.130,0.539,Frame_298,,37.27
09:47:08.257,-4.282,3.351,0.013,-1.139,0.543,Frame_298,,37.27
09:47:08.757,-4.284,3.351,0.028,-1.148,0.526,Frame_298,,37.27
09:47:09.259,-4.289,3.352,0.048,-1.150,0.539,Frame_298,,37.27
09:47:09.757,-4.296,3.354,0.119,-1.050,0.515,Frame_298,,37.27
09:47:10.257,-4.313,3.363,0.214,-1.028,0.485,Frame_298,,37.27
09:47:10.757,-4.346,3.387,0.351,-0.898,0.465,Frame_298,,37.27
09:47:11.257,-4.379,3.418,0.459,-0.792,0.453,Frame_299,,37.27
09:47:11.757,-4.421,3.468,0.517,-0.682,0.444,Frame_299,,37.27
09:47:12.257,-4.464,3.529,0.548,-0.549,0.442,Frame_299,,37.27
09:47:12.757,-4.510,3.607,0.583,-0.472,0.486,Frame_299,,37.27
09:47:13.257,-4.546,3.681,0.578,-0.389,0.529,Frame_299,,37.27
09:47:13.757,-4.573,3.745,0.581,-0.356,0.606,Frame_299,,37.27
09:47:14.257,-4.606,3.833,0.596,-0.295,0.663,Frame_300,,37.46
09:47:14.757,-4.627,3.899,0.569,-0.192,0.712,Frame_300,,37.46
09:47:15.257,-4.652,3.986,0.544,-0.186,0.661,Frame_300,,37.46
09:47:15.757,-4.671,4.059,0.528,-0.215,0.618,Frame_300,,37.46
09:47:16.257,-4.690,4.141,0.528,-0.225,0.535,Frame_300,,37.46
09:47:16.757,-4.704,4.212,0.518,-0.222,0.515,Frame_300,,37.46
09:47:17.257,-4.715,4.284,0.525,-0.248,0.442,Frame_300,,37.46
09:47:17.757,-4.725,4.366,0.514,-0.258,0.399,Frame_301,,37.46
09:47:18.257,-4.731,4.440,0.525,-0.280,0.367,Frame_301,,37.46
09:47:18.757,-4.735,4.514,0.547,-0.280,0.351,Frame_301,,37.46
09:47:19.257,-4.735,4.601,0.536,-0.284,0.335,Frame_301,,37.48
09:47:19.759,-4.731,4.688,0.551,-0.295,0.330,Frame_301,,37.48
09:47:20.257,-4.724,4.764,0.535,-0.275,0.351,Frame_301,,37.48
09:47:20.762,-4.715,4.840,0.551,-0.178,0.354,Frame_301,,37.48
09:47:21.257,-4.705,4.906,0.569,-0.145,0.374,Frame_302,,37.48
09:47:21.758,-4.687,5.008,0.581,-0.098,0.379,Frame_302,,37.48
09:47:22.259,-4.674,5.076,0.579,-0.077,0.387,Frame_302,,37.48
09:47:22.757,-4.651,5.190,0.579,-0.069,0.381,Frame_302,,37.48
09:47:23.257,-4.631,5.280,0.580,-0.055,0.399,Frame_302,,37.48
09:47:23.758,-4.609,5.381,0.579,-0.048,0.405,Frame_302,,37.48
09:47:24.258,-4.588,5.470,0.564,-0.046,0.407,Frame_303,,37.48
09:47:24.757,-4.567,5.557,0.568,-0.030,0.407,Frame_303,,37.48
09:47:25.259,-4.545,5.644,0.556,-0.005,0.415,Frame_303,,37.48
09:47:25.757,-4.518,5.752,0.556,-0.001,0.408,Frame_303,,37.48
09:47:26.257,-4.497,5.838,0.562,-0.006,0.415,Frame_303,,37.48
09:47:26.758,-4.472,5.937,0.555,-0.003,0.404,Frame_303,,37.48
09:47:27.257,-4.450,6.025,0.566,0.002,0.407,Frame_303,,37.48
09:47:27.762,-4.426,6.124,0.577,0.009,0.402,Frame_304,,37.48
09:47:28.257,-4.399,6.233,0.563,0.022,0.405,Frame_304,,37.48
09:47:28.757,-4.375,6.332,0.564,-0.061,0.416,Frame_304,,37.48
09:47:29.257,-4.352,6.420,0.569,-0.075,0.403,Frame_304,,37.51
09:47:29.757,-4.329,6.508,0.557,-0.067,0.412,Frame_304,,37.51
09:47:30.257,-4.303,6.602,0.533,-0.052,0.416,Frame_305,,37.51
09:47:30.757,-4.280,6.683,0.520,-0.024,0.402,Frame_305,,37.51
09:47:31.257,-4.257,6.762,0.493,0.001,0.404,Frame_305,,37.51
09:47:31.757,-4.230,6.857,0.485,0.020,0.407,Frame_305,,37.51
09:47:32.257,-4.210,6.928,0.447,0.034,0.407,Frame_305,,37.51
09:47:32.757,-4.189,7.004,0.415,0.032,0.397,Frame_305,,37.51
09:47:33.257,-4.172,7.066,0.394,0.025,0.402,Frame_306,,37.51
09:47:33.757,-4.152,7.141,0.376,-0.026,0.407,Frame_306,,37.51
09:47:34.257,-4.132,7.215,0.385,-0.083,0.393,Frame_306,,37.51
09:47:34.757,-4.112,7.283,0.397,-0.075,0.401,Frame_306,,37.51
09:47:35.259,-4.092,7.347,0.360,-0.046,0.382,Frame_306,,37.51
09:47:35.757,-4.077,7.395,0.331,-0.083,0.398,Frame_307,,37.51
09:47:36.257,-4.061,7.444,0.313,-0.119,0.389,Frame_307,,37.51
09:47:36.757,-4.049,7.481,0.334,-0.105,0.386,Frame_307,,37.51
09:47:37.257,-4.032,7.525,0.322,-0.162,0.372,Frame_307,,37.51
09:47:37.757,-4.013,7.576,0.358,-0.233,0.381,Frame_307,,37.51
09:47:38.257,-3.995,7.618,0.384,-0.260,0.383,Frame_307,,37.51
09:47:38.757,-3.973,7.667,0.390,-0.318,0.370,Frame_307,,37.51
09:47:39.257,-3.945,7.721,0.385,-0.393,0.355,Frame_308,,37.51
09:47:39.757,-3.923,7.758,0.367,-0.495,0.341,Frame_308,,37.51
09:47:40.257,-3.892,7.803,0.401,-0.531,0.342,Frame_308,,37.51
09:47:40.757,-3.856,7.848,0.392,-0.589,0.331,Frame_308,,37.51
09:47:41.257,-3.819,7.887,0.376,-0.665,0.312,Frame_308,,37.51
09:47:41.757,-3.774,7.926,0.395,-0.714,0.304,Frame_308,,37.51
09:47:42.257,-3.730,7.957,0.392,-0.733,0.293,Frame_308,,37.51
09:47:42.757,-3.673,7.988,0.409,-0.700,0.289,Frame_309,,37.51
09:47:43.258,-3.621,8.009,0.409,-0.703,0.288,Frame_309,,37.51
09:47:43.757,-3.573,8.024,0.414,-0.707,0.298,Frame_309,,37.51
09:47:44.257,-3.516,8.037,0.453,-0.680,0.303,Frame_309,,37.51
09:47:44.757,-3.443,8.044,0.490,-0.631,0.329,Frame_309,,37.51
09:47:45.258,-3.371,8.045,0.545,-0.499,0.338,Frame_309,,37.51
09:47:45.757,-3.306,8.042,0.568,-0.431,0.375,Frame_309,,37.51
09:47:46.258,-3.226,8.033,0.591,-0.378,0.383,Frame_310,,37.51
09:47:46.757,-3.145,8.020,0.577,-0.284,0.394,Frame_310,,37.51
09:47:47.257,-3.054,8.001,0.593,-0.121,0.403,Frame_310,,37.51
09:47:47.757,-2.964,7.979,0.557,-0.059,0.411,Frame_310,,37.51
09:47:48.257,-2.870,7.956,0.515,-0.034,0.406,Frame_310,,37.51
09:47:48.757,-2.782,7.934,0.491,-0.038,0.417,Frame_310,,37.51
09:47:49.257,-2.709,7.915,0.466,-0.019,0.401,Frame_310,,37.52
09:47:49.759,-2.631,7.895,0.435,-0.012,0.412,Frame_311,,37.52
09:47:50.257,-2.555,7.874,0.439,-0.036,0.409,Frame_311,,37.52
09:47:50.757,-2.482,7.855,0.411,-0.051,0.407,Frame_311,,37.52
09:47:51.257,-2.405,7.833,0.390,-0.051,0.412,Frame_311,,37.52
09:47:51.757,-2.346,7.816,0.383,-0.082,0.412,Frame_311,,37.52
09:47:52.257,-2.288,7.799,0.387,-0.138,0.413,Frame_312,,37.52
09:47:52.757,-2.222,7.777,0.385,-0.146,0.400,Frame_312,,37.52
09:47:53.257,-2.179,7.762,0.377,-0.209,0.413,Frame_312,,37.52
09:47:53.759,-2.122,7.740,0.375,-0.205,0.407,Frame_312,,37.52
09:47:54.257,-2.074,7.720,0.361,-0.295,0.403,Frame_312,,37.52
09:47:54.757,-2.018,7.694,0.410,-0.278,0.391,Frame_312,,37.52
09:47:55.257,-1.969,7.668,0.382,-0.398,0.390,Frame_312,,37.52
09:47:55.757,-1.912,7.635,0.409,-0.416,0.368,Frame_312,,37.52
09:47:56.257,-1.865,7.602,0.414,-0.495,0.365,Frame_313,,37.52
09:47:56.757,-1.826,7.572,0.391,-0.548,0.334,Frame_313,,37.52
09:47:57.260,-1.774,7.526,0.375,-0.615,0.323,Frame_313,,37.52
09:47:57.757,-1.745,7.494,0.326,-0.720,0.320,Frame_313,,37.52
09:47:58.259,-1.712,7.449,0.397,-0.734,0.306,Frame_313,,37.52
09:47:58.757,-1.689,7.411,0.381,-0.764,0.290,Frame_313,,37.52
09:47:59.257,-1.665,7.361,0.409,-0.756,0.278,Frame_314,,37.52
09:47:59.757,-1.646,7.305,0.439,-0.724,0.298,Frame_314,,37.52
09:48:00.257,-1.631,7.243,0.476,-0.673,0.305,Frame_314,,37.52
09:48:00.757,-1.621,7.168,0.488,-0.610,0.301,Frame_314,,37.52
09:48:01.257,-1.618,7.097,0.512,-0.532,0.320,Frame_314,,37.52
09:48:01.757,-1.621,7.014,0.534,-0.459,0.352,Frame_314,,37.52
09:48:02.257,-1.631,6.928,0.556,-0.365,0.367,Frame_314,,37.52
09:48:02.757,-1.644,6.851,0.572,-0.181,0.374,Frame_315,,37.52
09:48:03.257,-1.657,6.784,0.551,-0.111,0.390,Frame_315,,37.52
09:48:03.757,-1.681,6.675,0.574,-0.070,0.389,Frame_315,,37.52
09:48:04.260,-1.706,6.565,0.557,-0.054,0.404,Frame_315,,37.50
09:48:04.757,-1.733,6.456,0.579,-0.040,0.408,Frame_315,,37.50
09:48:05.257,-1.760,6.347,0.555,-0.033,0.410,Frame_315,,37.50
09:48:05.757,-1.785,6.250,0.559,-0.018,0.402,Frame_316,,37.50
09:48:06.257,-1.814,6.141,0.571,0.014,0.413,Frame_316,,37.50
09:48:06.758,-1.840,6.042,0.565,0.015,0.408,Frame_316,,37.50
09:48:07.257,-1.868,5.930,0.590,-0.010,0.408,Frame_316,,37.50
09:48:07.757,-1.895,5.830,0.568,0.005,0.403,Frame_316,,37.50
09:48:08.257,-1.920,5.730,0.575,-0.014,0.415,Frame_317,,37.50
09:48:08.757,-1.949,5.619,0.578,0.005,0.410,Frame_317,,37.50
09:48:09.257,-1.979,5.506,0.578,-0.014,0.401,Frame_317,,37.51
09:48:09.757,-2.005,5.406,0.566,-0.001,0.411,Frame_317,,37.51
09:48:10.257,-2.034,5.295,0.571,-0.012,0.457,Frame_317,,37.51
09:48:10.757,-2.061,5.198,0.554,-0.016,0.507,Frame_318,,37.51
09:48:11.260,-2.084,5.110,0.566,-0.026,0.577,Frame_318,,37.51
09:48:11.757,-2.114,5.002,0.568,-0.028,0.663,Frame_318,,37.51
09:48:12.260,-2.145,4.894,0.560,-0.052,0.760,Frame_318,,37.51
09:48:12.757,-2.175,4.788,0.552,-0.050,0.847,Frame_318,,37.51
09:48:13.257,-2.207,4.682,0.562,-0.061,0.822,Frame_318,,37.51
09:48:13.757,-2.237,4.587,0.542,-0.086,0.727,Frame_319,,37.51
09:48:14.257,-2.268,4.493,0.566,-0.081,0.660,Frame_319,,37.52
09:48:14.757,-2.291,4.429,0.559,-0.067,0.585,Frame_319,,37.52
09:48:15.257,-2.324,4.335,0.563,-0.038,0.545,Frame_319,,37.52
09:48:15.757,-2.347,4.271,0.565,0.004,0.480,Frame_319,,37.52
09:48:16.257,-2.382,4.176,0.558,0.035,0.428,Frame_320,,37.52
09:48:16.757,-2.405,4.113,0.565,0.052,0.399,Frame_320,,37.52
09:48:17.257,-2.434,4.027,0.573,0.069,0.364,Frame_320,,37.52
09:48:17.757,-2.456,3.963,0.568,0.123,0.353,Frame_320,,37.52
09:48:18.257,-2.484,3.876,0.563,0.134,0.342,Frame_320,,37.52
09:48:18.759,-2.516,3.767,0.571,0.120,0.325,Frame_320,,37.52
09:48:19.257,-2.540,3.680,0.562,0.090,0.337,Frame_320,,37.63
09:48:19.757,-2.568,3.570,0.565,0.045,0.338,Frame_321,,37.63
09:48:20.257,-2.595,3.460,0.563,0.043,0.336,Frame_321,,37.63
09:48:20.757,-2.618,3.361,0.562,0.043,0.330,Frame_321,,37.63
09:48:21.257,-2.643,3.254,0.548,0.003,0.347,Frame_321,,37.63
09:48:21.757,-2.668,3.144,0.576,0.010,0.328,Frame_321,,37.63
09:48:22.257,-2.690,3.044,0.554,-0.014,0.343,Frame_322,,37.63
09:48:22.757,-2.712,2.948,0.560,-0.012,0.346,Frame_322,,37.63
09:48:23.257,-2.737,2.839,0.557,-0.025,0.354,Frame_322,,37.63
09:48:23.758,-2.760,2.741,0.562,-0.019,0.355,Frame_322,,37.63
09:48:24.257,-2.783,2.642,0.556,-0.025,0.356,Frame_322,,37.66
09:48:24.757,-2.806,2.545,0.557,-0.032,0.348,Frame_323,,37.66
09:48:25.257,-2.833,2.438,0.564,-0.026,0.358,Frame_323,,37.66
09:48:25.757,-2.863,2.316,0.575,-0.000,0.355,Frame_323,,37.66
09:48:26.257,-2.888,2.215,0.578,0.002,0.362,Frame_323,,37.66
09:48:26.757,-2.916,2.104,0.571,-0.003,0.371,Frame_323,,37.66
09:48:27.257,-2.944,1.995,0.561,-0.006,0.374,Frame_324,,37.66
09:48:27.757,-2.972,1.884,0.576,-0.004,0.373,Frame_324,,37.66
09:48:28.257,-3.000,1.774,0.568,-0.002,0.373,Frame_324,,37.66
09:48:28.757,-3.025,1.675,0.574,-0.012,0.374,Frame_324,,37.66
09:48:29.258,-3.054,1.564,0.576,0.010,0.368,Frame_324,,37.66
09:48:29.757,-3.083,1.453,0.579,-0.011,0.367,Frame_325,,37.66
09:48:30.259,-3.109,1.352,0.570,-0.012,0.370,Frame_325,,37.66
09:48:30.757,-3.141,1.231,0.570,-0.009,0.365,Frame_325,,37.66
09:48:31.260,-3.168,1.130,0.587,-0.005,0.374,Frame_325,,37.66
09:48:31.757,-3.198,1.018,0.567,-0.016,0.378,Frame_325,,37.66
09:48:32.257,-3.224,0.919,0.579,0.012,0.382,Frame_326,,37.66
09:48:32.757,-3.251,0.818,0.566,0.071,0.374,Frame_326,,37.66
09:48:33.257,-3.280,0.709,0.577,-0.001,0.407,Frame_326,,37.66
09:48:33.757,-3.308,0.599,0.562,-0.068,0.450,Frame_326,,37.66
09:48:34.257,-3.336,0.493,0.547,-0.032,0.478,Frame_326,,37.71
09:48:34.757,-3.364,0.390,0.513,-0.031,0.551,Frame_326,,37.71
09:48:35.257,-3.391,0.293,0.495,-0.019,0.624,Frame_327,,37.71
09:48:35.757,-3.418,0.199,0.494,-0.028,0.700,Frame_327,,37.71
09:48:36.258,-3.445,0.106,0.464,-0.003,0.786,Frame_327,,37.71
09:48:36.757,-3.471,0.019,0.437,-0.036,0.841,Frame_327,,37.71
09:48:37.257,-3.496,-0.065,0.434,-0.077,0.745,Frame_327,,37.71
09:48:37.760,-3.520,-0.139,0.423,-0.057,0.675,Frame_328,,37.71
09:48:38.257,-3.538,-0.195,0.418,-0.056,0.606,Frame_328,,37.71
09:48:38.757,-3.559,-0.256,0.389,-0.087,0.585,Frame_328,,37.71
09:48:39.257,-3.576,-0.306,0.374,-0.079,0.525,Frame_328,,37.72
09:48:39.758,-3.597,-0.362,0.386,-0.190,0.484,Frame_328,,37.72
09:48:40.257,-3.617,-0.413,0.363,-0.214,0.462,Frame_328,,37.72
09:48:40.757,-3.634,-0.451,0.041,-0.201,0.435,Frame_329,,37.72
09:48:41.257,-3.631,-0.445,-0.101,-0.362,0.420,Frame_329,,37.72
09:48:41.757,-3.624,-0.433,-0.105,-0.442,0.444,Frame_329,,37.72
09:48:42.257,-3.616,-0.420,-0.103,-0.528,0.454,Frame_329,,37.72
09:48:42.757,-3.607,-0.407,-0.104,-0.572,0.461,Frame_329,,37.72
09:48:43.257,-3.598,-0.396,-0.097,-0.593,0.480,Frame_329,,37.72
09:48:43.757,-3.586,-0.384,-0.126,-0.617,0.492,Frame_329,,37.72
09:48:44.257,-3.572,-0.373,0.005,-0.750,0.500,Frame_330,,37.72
09:48:44.757,-3.570,-0.372,-0.017,-0.844,0.513,Frame_330,,37.72
09:48:45.257,-3.569,-0.371,-0.000,-0.938,0.533,Frame_330,,37.72
09:48:45.757,-3.571,-0.372,0.020,-0.988,0.518,Frame_330,,37.72
09:48:46.259,-3.575,-0.372,0.042,-1.001,0.518,Frame_330,,37.72
09:48:46.757,-3.583,-0.373,0.100,-0.993,0.522,Frame_330,,37.72
09:48:47.257,-3.599,-0.371,0.162,-0.972,0.475,Frame_330,,37.72
09:48:47.757,-3.631,-0.364,0.274,-0.826,0.480,Frame_331,,37.72
09:48:48.257,-3.670,-0.349,0.390,-0.667,0.430,Frame_331,,37.72
09:48:48.757,-3.732,-0.319,0.533,-0.591,0.398,Frame_331,,37.72
09:48:49.257,-3.799,-0.278,0.629,-0.428,0.307,Frame_331,,37.72
09:48:49.757,-3.881,-0.221,0.589,-0.141,0.270,Frame_331,,37.72
09:48:50.257,-3.945,-0.174,0.551,-0.043,0.248,Frame_331,,37.72
09:48:50.757,-4.016,-0.122,0.511,0.219,0.246,Frame_331,,37.72
09:48:51.258,-4.074,-0.081,0.516,0.279,0.286,Frame_332,,37.72
09:48:51.757,-4.144,-0.036,0.540,0.233,0.296,Frame_332,,37.72
09:48:52.257,-4.210,0.003,0.562,0.193,0.329,Frame_332,,37.72
09:48:52.758,-4.288,0.047,0.549,0.054,0.336,Frame_332,,37.72
09:48:53.257,-4.355,0.083,0.529,0.010,0.372,Frame_332,,37.72
09:48:53.757,-4.410,0.113,0.506,-0.016,0.388,Frame_332,,37.72
09:48:54.257,-4.480,0.151,0.476,-0.038,0.425,Frame_332,,37.82
09:48:54.757,-4.552,0.190,0.439,0.040,0.439,Frame_333,,37.82
09:48:55.257,-4.596,0.215,0.410,0.080,0.444,Frame_333,,37.82
09:48:55.757,-4.646,0.241,0.395,0.080,0.462,Frame_333,,37.82
09:48:56.257,-4.693,0.266,0.370,0.063,0.469,Frame_333,,37.82
09:48:56.757,-4.745,0.294,0.375,-0.304,0.476,Frame_333,,37.82
09:48:57.257,-4.791,0.320,0.382,-0.551,0.499,Frame_333,,37.82
09:48:57.758,-4.841,0.354,0.362,-0.758,0.521,Frame_333,,37.82
09:48:58.260,-4.878,0.386,0.332,-0.937,0.525,Frame_334,,37.82
09:48:58.759,-4.908,0.419,0.295,-1.056,0.549,Frame_334,,37.82
09:48:59.257,-4.929,0.451,0.245,-1.181,0.568,Frame_334,,38.33
09:48:59.757,-4.941,0.479,0.179,-1.199,0.586,Frame_334,,38.33
09:49:00.257,-4.947,0.503,0.126,-1.209,0.601,Frame_334,,38.33
09:49:00.757,-4.948,0.518,0.033,-1.150,0.622,Frame_334,,38.33
09:49:01.259,-4.949,0.514,-0.059,-1.058,0.623,Frame_335,,38.33
09:49:01.757,-4.950,0.509,-0.018,-1.080,0.610,Frame_335,,38.33
09:49:02.257,-4.951,0.508,-0.001,-1.118,0.604,Frame_335,,38.33
09:49:02.759,-4.951,0.508,0.016,-1.116,0.605,Frame_335,,38.33
09:49:03.257,-4.948,0.510,0.036,-1.154,0.622,Frame_335,,38.33
09:49:03.758,-4.944,0.513,0.048,-1.162,0.634,Frame_335,,38.33
09:49:04.257,-4.936,0.517,0.090,-1.155,0.648,Frame_335,,38.33
09:49:04.757,-4.920,0.521,0.143,-1.110,0.667,Frame_336,,38.33
09:49:05.257,-4.895,0.522,0.262,-0.990,0.683,Frame_336,,38.33
09:49:05.757,-4.850,0.519,0.351,-0.883,0.699,Frame_336,,38.33
09:49:06.257,-4.790,0.506,0.437,-0.698,0.727,Frame_336,,38.33
09:49:06.757,-4.716,0.479,0.443,-0.537,0.718,Frame_336,,38.33
09:49:07.257,-4.651,0.449,0.461,-0.393,0.724,Frame_336,,38.33
09:49:07.758,-4.595,0.420,0.433,-0.303,0.719,Frame_337,,38.33
09:49:08.257,-4.528,0.380,0.440,-0.243,0.696,Frame_337,,38.33
09:49:08.757,-4.477,0.346,0.438,-0.176,0.677,Frame_337,,38.33
09:49:09.257,-4.421,0.307,0.421,-0.150,0.670,Frame_337,,38.33
09:49:09.757,-4.374,0.273,0.407,-0.117,0.652,Frame_337,,38.33
09:49:10.257,-4.322,0.234,0.392,-0.102,0.621,Frame_337,,38.33
09:49:10.757,-4.285,0.205,0.386,-0.135,0.606,Frame_337,,38.33
09:49:11.257,-4.231,0.162,0.389,-0.102,0.576,Frame_338,,38.33
09:49:11.757,-4.195,0.132,0.377,-0.101,0.554,Frame_338,,38.33
09:49:12.257,-4.144,0.088,0.376,-0.093,0.535,Frame_338,,38.33
09:49:12.758,-4.111,0.058,0.356,-0.089,0.515,Frame_338,,38.33
09:49:13.257,-4.070,0.021,0.342,-0.107,0.494,Frame_338,,38.33
09:49:13.757,-4.036,-0.011,0.322,-0.131,0.480,Frame_338,,38.33
09:49:14.257,-4.000,-0.047,0.307,-0.161,0.438,Frame_339,,38.63
09:49:14.757,-3.970,-0.077,0.287,-0.162,0.423,Frame_339,,38.63
09:49:15.258,-3.939,-0.112,0.293,-0.196,0.380,Frame_339,,38.63
09:49:15.757,-3.911,-0.144,0.329,-0.138,0.388,Frame_339,,38.63
09:49:16.257,-3.875,-0.186,0.406,-0.248,0.346,Frame_339,,38.63
09:49:16.757,-3.841,-0.230,0.378,-0.399,0.332,Frame_339,,38.63
09:49:17.259,-3.815,-0.267,0.329,-0.506,0.320,Frame_339,,38.63
09:49:17.757,-3.790,-0.307,0.281,-0.606,0.307,Frame_340,,38.63
09:49:18.257,-3.772,-0.345,0.303,-0.622,0.312,Frame_340,,38.63
09:49:18.757,-3.755,-0.389,0.295,-0.677,0.310,Frame_340,,38.63
09:49:19.257,-3.745,-0.428,0.299,-0.675,0.290,Frame_340,,38.63
09:49:19.759,-3.737,-0.474,0.283,-0.719,0.306,Frame_340,,38.63
09:49:20.257,-3.735,-0.512,0.230,-0.781,0.305,Frame_340,,38.63
09:49:20.757,-3.737,-0.550,0.255,-0.776,0.304,Frame_340,,38.63
09:49:21.259,-3.744,-0.588,0.280,-0.812,0.300,Frame_341,,38.63
09:49:21.757,-3.760,-0.639,0.316,-0.828,0.316,Frame_341,,38.63
09:49:22.257,-3.779,-0.679,0.312,-0.851,0.318,Frame_341,,38.63
09:49:22.758,-3.805,-0.721,0.321,-0.839,0.326,Frame_341,,38.63
09:49:23.257,-3.836,-0.757,0.343,-0.899,0.311,Frame_341,,38.63
09:49:23.757,-3.872,-0.792,0.368,-0.866,0.315,Frame_341,,38.63
09:49:24.257,-3.908,-0.819,0.387,-0.799,0.306,Frame_341,,38.64
09:49:24.759,-3.963,-0.851,0.429,-0.725,0.316,Frame_342,,38.64
09:49:25.257,-4.019,-0.877,0.469,-0.651,0.321,Frame_342,,38.64
09:49:25.757,-4.083,-0.898,0.499,-0.554,0.332,Frame_342,,38.64
09:49:26.257,-4.164,-0.919,0.538,-0.452,0.343,Frame_342,,38.64
09:49:26.757,-4.229,-0.931,0.557,-0.376,0.366,Frame_342,,38.64
09:49:27.257,-4.306,-0.942,0.556,-0.328,0.390,Frame_342,,38.64
09:49:27.757,-4.382,-0.948,0.530,-0.244,0.415,Frame_342,,38.64
09:49:28.258,-4.469,-0.953,0.556,-0.189,0.463,Frame_343,,38.64
09:49:28.757,-4.557,-0.954,0.552,-0.093,0.474,Frame_343,,38.64
09:49:29.257,-4.634,-0.954,0.548,-0.032,0.508,Frame_343,,38.64
09:49:29.757,-4.700,-0.954,0.551,-0.051,0.525,Frame_343,,38.64
09:49:30.257,-4.776,-0.953,0.549,-0.044,0.538,Frame_343,,38.64
09:49:30.759,-4.865,-0.952,0.557,-0.010,0.568,Frame_343,,38.64
09:49:31.257,-4.942,-0.950,0.544,0.019,0.587,Frame_343,,38.64
09:49:31.757,-5.007,-0.949,0.525,0.014,0.607,Frame_344,,38.64
09:49:32.257,-5.081,-0.948,0.529,0.068,0.620,Frame_344,,38.64
09:49:32.757,-5.144,-0.947,0.527,0.077,0.625,Frame_344,,38.64
09:49:33.257,-5.217,-0.947,0.512,0.108,0.599,Frame_344,,38.64
09:49:33.757,-5.300,-0.949,0.522,0.054,0.585,Frame_344,,38.64
09:49:34.257,-5.362,-0.951,0.527,0.068,0.552,Frame_344,,38.67
09:49:34.757,-5.447,-0.954,0.531,0.079,0.543,Frame_344,,38.67
09:49:35.257,-5.532,-0.958,0.533,0.082,0.511,Frame_345,,38.67
09:49:35.757,-5.616,-0.964,0.508,0.175,0.501,Frame_345,,38.67
09:49:36.257,-5.676,-0.969,0.487,0.155,0.455,Frame_345,,38.67
09:49:36.757,-5.759,-0.979,0.447,0.136,0.434,Frame_345,,38.67
09:49:37.257,-5.817,-0.986,0.399,0.136,0.413,Frame_345,,38.67
09:49:37.758,-5.864,-0.994,0.384,0.157,0.404,Frame_345,,38.67
09:49:38.257,-5.915,-1.003,0.362,0.203,0.383,Frame_345,,38.67
09:49:38.757,-5.972,-1.014,0.355,0.217,0.346,Frame_346,,38.67
09:49:39.257,-6.019,-1.026,0.349,0.257,0.322,Frame_346,,38.78
09:49:39.757,-6.059,-1.037,0.324,0.319,0.319,Frame_346,,38.78
09:49:40.257,-6.115,-1.055,0.338,0.402,0.318,Frame_346,,38.78
09:49:40.757,-6.154,-1.071,0.370,0.462,0.301,Frame_346,,38.78
09:49:41.257,-6.201,-1.092,0.381,0.495,0.316,Frame_346,,38.78
09:49:41.757,-6.249,-1.119,0.405,0.543,0.311,Frame_346,,38.78
09:49:42.257,-6.298,-1.151,0.442,0.537,0.307,Frame_347,,38.78
09:49:42.757,-6.348,-1.189,0.461,0.501,0.329,Frame_347,,38.78
09:49:43.257,-6.399,-1.235,0.527,0.448,0.351,Frame_347,,38.78
09:49:43.757,-6.459,-1.296,0.527,0.488,0.379,Frame_347,,38.78
09:49:44.258,-6.505,-1.350,0.487,0.553,0.399,Frame_347,,38.78
09:49:44.757,-6.552,-1.414,0.515,0.491,0.443,Frame_347,,38.78
09:49:45.257,-6.585,-1.467,0.523,0.405,0.474,Frame_347,,38.78
09:49:45.757,-6.620,-1.532,0.526,0.327,0.509,Frame_348,,38.78
09:49:46.258,-6.657,-1.607,0.510,0.231,0.513,Frame_348,,38.78
09:49:46.757,-6.685,-1.673,0.497,0.176,0.528,Frame_348,,38.78
09:49:47.257,-6.715,-1.744,0.455,0.106,0.536,Frame_348,,38.78
09:49:47.757,-6.731,-1.786,0.430,0.061,0.560,Frame_348,,38.78
09:49:48.257,-6.752,-1.841,0.406,0.064,0.567,Frame_348,,38.78
09:49:48.757,-6.774,-1.900,0.375,0.025,0.568,Frame_348,,38.78
09:49:49.257,-6.792,-1.948,0.356,0.127,0.571,Frame_349,,39.34
09:49:49.757,-6.805,-1.988,0.346,0.337,0.574,Frame_349,,39.34
09:49:50.257,-6.824,-2.052,0.323,0.359,0.573,Frame_349,,39.34
09:49:50.757,-6.834,-2.098,0.390,0.341,0.584,Frame_349,,39.34
09:49:51.257,-6.845,-2.163,0.483,0.322,0.581,Frame_349,,39.34
09:49:51.757,-6.853,-2.233,0.528,0.258,0.562,Frame_349,,39.34
09:49:52.257,-6.859,-2.308,0.569,0.113,0.568,Frame_349,,39.34
09:49:52.757,-6.865,-2.389,0.575,0.030,0.554,Frame_350,,39.34
09:49:53.257,-6.869,-2.457,0.568,0.034,0.546,Frame_350,,39.34
09:49:53.757,-6.874,-2.547,0.566,0.069,0.526,Frame_350,,39.34
09:49:54.257,-6.877,-2.625,0.550,0.004,0.512,Frame_350,,40.27
09:49:54.757,-6.881,-2.701,0.539,0.003,0.478,Frame_350,,40.27
09:49:55.257,-6.884,-2.788,0.538,0.043,0.463,Frame_350,,40.27
09:49:55.757,-6.887,-2.866,0.558,0.068,0.455,Frame_350,,40.27
09:49:56.257,-6.890,-2.955,0.555,0.039,0.442,Frame_351,,40.27
09:49:56.757,-6.891,-3.034,0.561,0.063,0.427,Frame_351,,40.27
09:49:57.257,-6.892,-3.111,0.551,0.072,0.451,Frame_351,,40.27
09:49:57.757,-6.893,-3.177,0.527,0.101,0.454,Frame_351,,40.27
09:49:58.257,-6.891,-3.271,0.515,0.096,0.494,Frame_351,,40.27
09:49:58.760,-6.890,-3.331,0.495,0.139,0.519,Frame_351,,40.27
09:49:59.257,-6.887,-3.400,0.477,0.131,0.579,Frame_351,,40.27
09:49:59.757,-6.882,-3.474,0.452,0.109,0.611,Frame_352,,40.27
09:50:00.257,-6.878,-3.526,0.246,0.141,0.674,Frame_352,,40.27
09:50:00.760,-6.876,-3.542,-0.081,0.213,0.694,Frame_352,,40.27
09:50:01.257,-6.879,-3.526,-0.163,0.229,0.693,Frame_352,,40.27
09:50:01.758,-6.883,-3.498,-0.191,0.304,0.670,Frame_352,,40.27
09:50:02.257,-6.889,-3.471,-0.232,0.422,0.667,Frame_352,,40.27
09:50:02.757,-6.896,-3.443,-0.246,0.513,0.646,Frame_352,,40.27
09:50:03.259,-6.907,-3.411,0.000,0.108,0.626,Frame_353,"Chiave 4 raccolta! [X: -6.904, Y: -3.420]",40.27
09:50:03.757,-6.916,-3.388,-0.165,0.218,0.645,Frame_353,,40.27
09:50:04.257,-6.926,-3.365,-0.215,0.307,0.613,Frame_353,,40.97
09:50:04.758,-6.940,-3.337,-0.219,0.405,0.625,Frame_353,,40.97
09:50:05.257,-6.951,-3.315,-0.177,0.548,0.612,Frame_353,,40.97
09:50:05.757,-6.964,-3.296,-0.140,0.658,0.635,Frame_353,,40.97
09:50:06.257,-6.974,-3.283,-0.063,0.791,0.649,Frame_353,,40.97
09:50:06.757,-6.978,-3.278,-0.039,0.904,0.634,Frame_354,,40.97
09:50:07.257,-6.982,-3.275,-0.033,0.956,0.644,Frame_354,,40.97
09:50:07.757,-6.985,-3.273,-0.016,1.033,0.672,Frame_354,,40.97
09:50:08.257,-6.987,-3.272,-0.011,1.099,0.672,Frame_354,,40.97
09:50:08.757,-6.990,-3.272,-0.007,1.089,0.687,Frame_354,,40.97
09:50:09.257,-6.990,-3.271,0.008,1.132,0.692,Frame_354,,40.97
09:50:09.757,-6.988,-3.271,0.036,1.138,0.706,Frame_354,,40.97
09:50:10.258,-6.982,-3.270,0.071,1.145,0.696,Frame_355,,40.97
09:50:10.757,-6.968,-3.263,0.154,1.122,0.705,Frame_355,,40.97
09:50:11.257,-6.943,-3.245,0.276,1.053,0.683,Frame_355,,40.97
09:50:11.757,-6.912,-3.215,0.392,0.933,0.656,Frame_355,,40.97
09:50:12.258,-6.877,-3.169,0.478,0.814,0.576,Frame_355,,40.97
09:50:12.760,-6.835,-3.101,0.521,0.641,0.533,Frame_355,,40.97
09:50:13.257,-6.800,-3.026,0.541,0.530,0.448,Frame_356,,40.97
09:50:13.757,-6.774,-2.955,0.549,0.407,0.412,Frame_356,,40.97
09:50:14.257,-6.740,-2.841,0.539,0.299,0.354,Frame_356,,41.37
09:50:14.757,-6.721,-2.756,0.551,0.104,0.308,Frame_356,,41.37
09:50:15.258,-6.707,-2.693,0.531,-0.005,0.329,Frame_356,,41.37
09:50:15.757,-6.690,-2.610,0.525,-0.035,0.323,Frame_356,,41.37
09:50:16.257,-6.675,-2.538,0.527,-0.038,0.331,Frame_356,,41.37
09:50:16.757,-6.656,-2.455,0.538,-0.048,0.341,Frame_357,,41.37
09:50:17.257,-6.640,-2.383,0.514,-0.051,0.342,Frame_357,,41.37
09:50:17.757,-6.621,-2.303,0.509,-0.052,0.362,Frame_357,,41.37
09:50:18.258,-6.599,-2.217,0.488,-0.057,0.353,Frame_357,,41.37
09:50:18.757,-6.578,-2.133,0.482,-0.042,0.366,Frame_357,,41.37
09:50:19.257,-6.556,-2.051,0.462,-0.042,0.365,Frame_357,,41.37
09:50:19.757,-6.532,-1.962,0.460,-0.058,0.369,Frame_358,,41.37
09:50:20.257,-6.508,-1.875,0.439,-0.091,0.370,Frame_358,,41.37
09:50:20.757,-6.483,-1.791,0.442,-0.105,0.377,Frame_358,,41.37
09:50:21.257,-6.458,-1.713,0.464,-0.091,0.379,Frame_358,,41.37
09:50:21.757,-6.431,-1.634,0.464,-0.127,0.373,Frame_358,,41.37
09:50:22.257,-6.406,-1.564,0.460,-0.205,0.371,Frame_359,,41.37
09:50:22.757,-6.382,-1.505,0.467,-0.264,0.365,Frame_359,,41.37
09:50:23.257,-6.357,-1.446,0.454,-0.328,0.341,Frame_359,,41.37
09:50:23.757,-6.320,-1.373,0.459,-0.440,0.348,Frame_359,,41.37
09:50:24.257,-6.287,-1.316,0.473,-0.492,0.345,Frame_359,,41.38
09:50:24.760,-6.243,-1.253,0.472,-0.540,0.333,Frame_359,,41.38
09:50:25.257,-6.201,-1.203,0.464,-0.604,0.322,Frame_359,,41.38
09:50:25.757,-6.150,-1.150,0.448,-0.638,0.300,Frame_360,,41.38
09:50:26.257,-6.101,-1.110,0.454,-0.696,0.292,Frame_360,,41.38
09:50:26.757,-6.039,-1.068,0.486,-0.667,0.299,Frame_360,,41.38
09:50:27.257,-5.979,-1.036,0.503,-0.603,0.313,Frame_360,,41.38
09:50:27.757,-5.903,-1.004,0.522,-0.561,0.321,Frame_360,,41.38
09:50:28.257,-5.834,-0.982,0.527,-0.490,0.353,Frame_360,,41.38
09:50:28.759,-5.749,-0.962,0.561,-0.420,0.392,Frame_361,,41.38
09:50:29.257,-5.671,-0.948,0.562,-0.142,0.435,Frame_361,,41.38
09:50:29.757,-5.572,-0.933,0.544,-0.025,0.476,Frame_361,,41.38
09:50:30.257,-5.508,-0.923,0.522,0.037,0.516,Frame_361,,41.38
09:50:30.757,-5.414,-0.909,0.524,0.024,0.541,Frame_361,,41.38
09:50:31.257,-5.342,-0.898,0.514,-0.000,0.591,Frame_361,,41.38
09:50:31.758,-5.262,-0.885,0.499,-0.048,0.608,Frame_361,,41.38
09:50:32.257,-5.193,-0.875,0.487,-0.091,0.624,Frame_362,,41.38
09:50:32.757,-5.116,-0.865,0.467,-0.149,0.592,Frame_362,,41.38
09:50:33.257,-5.047,-0.857,0.370,-0.265,0.562,Frame_362,,41.38
09:50:33.757,-4.999,-0.853,0.329,-0.350,0.549,Frame_362,,41.38
09:50:34.257,-4.945,-0.852,0.355,-0.350,0.514,Frame_362,,41.38
09:50:34.757,-4.894,-0.854,0.367,-0.313,0.503,Frame_362,,41.38
09:50:35.257,-4.836,-0.858,0.379,-0.253,0.473,Frame_363,,41.38
09:50:35.757,-4.783,-0.865,0.364,-0.171,0.474,Frame_363,,41.38
09:50:36.257,-4.728,-0.873,0.337,-0.160,0.453,Frame_363,,41.38
09:50:36.757,-4.683,-0.881,0.323,-0.113,0.448,Frame_363,,41.38
09:50:37.257,-4.632,-0.890,0.327,-0.091,0.436,Frame_363,,41.38
09:50:37.757,-4.588,-0.899,0.313,-0.020,0.436,Frame_363,,41.38
09:50:38.257,-4.546,-0.908,0.298,0.044,0.442,Frame_363,,41.38
09:50:38.757,-4.500,-0.917,0.288,0.127,0.422,Frame_364,,41.38
09:50:39.257,-4.455,-0.926,0.289,0.162,0.425,Frame_364,,41.38
09:50:39.757,-4.415,-0.932,0.282,0.213,0.427,Frame_364,,41.38
09:50:40.260,-4.364,-0.938,0.290,0.184,0.414,Frame_364,,41.38
09:50:40.757,-4.331,-0.942,0.264,0.187,0.412,Frame_364,,41.38
09:50:41.257,-4.283,-0.945,0.268,0.185,0.410,Frame_364,,41.38
09:50:41.757,-4.251,-0.946,0.263,0.192,0.401,Frame_364,,41.38
09:50:42.257,-4.210,-0.947,0.270,0.206,0.389,Frame_365,,41.38
09:50:42.757,-4.171,-0.946,0.282,0.231,0.383,Frame_365,,41.38
09:50:43.257,-4.116,-0.943,0.324,0.333,0.365,Frame_365,,41.38
09:50:43.757,-4.065,-0.937,0.315,0.418,0.350,Frame_365,,41.38
09:50:44.257,-4.014,-0.929,0.310,0.531,0.341,Frame_365,,41.38
09:50:44.760,-3.976,-0.919,0.340,0.506,0.328,Frame_365,,41.38
09:50:45.257,-3.919,-0.901,0.323,0.518,0.314,Frame_366,,41.38
09:50:45.757,-3.885,-0.886,0.282,0.614,0.296,Frame_366,,41.38
09:50:46.257,-3.833,-0.858,0.323,0.702,0.304,Frame_366,,41.38
09:50:46.757,-3.796,-0.833,0.282,0.766,0.302,Frame_366,,41.38
09:50:47.257,-3.766,-0.805,0.301,0.783,0.306,Frame_366,,41.38
09:50:47.757,-3.734,-0.771,0.251,0.796,0.318,Frame_366,,41.38
09:50:48.257,-3.712,-0.737,0.250,0.828,0.308,Frame_366,,41.38
09:50:48.757,-3.694,-0.701,0.260,0.844,0.314,Frame_367,,41.38
09:50:49.257,-3.678,-0.649,0.283,0.865,0.316,Frame_367,,41.39
09:50:49.757,-3.671,-0.608,0.290,0.881,0.318,Frame_367,,41.39
09:50:50.258,-3.670,-0.556,0.372,0.853,0.304,Frame_367,,41.39
09:50:50.758,-3.677,-0.494,0.439,0.827,0.308,Frame_367,,41.39
09:50:51.257,-3.691,-0.435,0.442,0.798,0.306,Frame_367,,41.39
09:50:51.758,-3.712,-0.376,0.504,0.751,0.278,Frame_367,,41.39
09:50:52.257,-3.748,-0.303,0.530,0.669,0.282,Frame_368,,41.39
09:50:52.757,-3.789,-0.238,0.583,0.578,0.293,Frame_368,,41.39
09:50:53.257,-3.845,-0.165,0.584,0.519,0.298,Frame_368,,41.39
09:50:53.757,-3.901,-0.103,0.601,0.447,0.352,Frame_368,,41.39
09:50:54.257,-3.971,-0.035,0.624,0.353,0.358,Frame_368,,41.39
09:50:54.757,-4.038,0.023,0.628,0.296,0.432,Frame_368,,41.39
09:50:55.257,-4.117,0.086,0.633,0.234,0.449,Frame_369,,41.39
09:50:55.758,-4.177,0.131,0.615,0.154,0.507,Frame_369,,41.39
09:50:56.257,-4.267,0.195,0.611,0.082,0.526,Frame_369,,41.39
09:50:56.757,-4.328,0.236,0.601,0.042,0.543,Frame_369,,41.39
09:50:57.257,-4.405,0.288,0.564,0.044,0.585,Frame_369,,41.39
09:50:57.757,-4.462,0.325,0.547,0.045,0.588,Frame_369,,41.39
09:50:58.257,-4.544,0.379,0.544,0.028,0.636,Frame_370,,41.39
09:50:58.757,-4.607,0.421,0.539,0.003,0.647,Frame_370,,41.39
09:50:59.257,-4.678,0.467,0.521,-0.036,0.687,Frame_370,,41.43
09:50:59.758,-4.739,0.506,0.511,-0.052,0.697,Frame_370,,41.43
09:51:00.257,-4.798,0.546,0.509,-0.075,0.728,Frame_370,,41.43
09:51:00.757,-4.857,0.586,0.503,-0.093,0.737,Frame_370,,41.43
09:51:01.257,-4.921,0.630,0.476,-0.120,0.695,Frame_370,,41.43
09:51:01.759,-4.974,0.669,0.453,-0.132,0.671,Frame_371,,41.43
09:51:02.257,-5.024,0.707,0.420,-0.108,0.652,Frame_371,,41.43
09:51:02.757,-5.076,0.747,0.395,-0.101,0.630,Frame_371,,41.43
09:51:03.257,-5.118,0.781,0.377,-0.097,0.609,Frame_371,,41.43
09:51:03.757,-5.163,0.819,0.365,-0.074,0.590,Frame_371,,41.43
09:51:04.257,-5.207,0.856,0.353,-0.048,0.560,Frame_371,,41.45
09:51:04.757,-5.245,0.889,0.339,-0.040,0.551,Frame_371,,41.45
09:51:05.257,-5.285,0.924,0.318,-0.048,0.521,Frame_371,,41.45
09:51:05.757,-5.317,0.953,0.299,-0.038,0.501,Frame_372,,41.45
09:51:06.257,-5.352,0.984,0.273,-0.008,0.490,Frame_372,,41.45
09:51:06.757,-5.379,1.009,0.277,-0.343,0.469,Frame_372,,41.45
09:51:07.257,-5.412,1.041,0.296,-0.497,0.469,Frame_372,,41.45
09:51:07.757,-5.445,1.079,0.356,-0.742,0.456,Frame_372,,41.45
09:51:08.257,-5.474,1.121,0.379,-0.911,0.451,Frame_372,,41.45
09:51:08.757,-5.498,1.169,0.372,-1.030,0.457,Frame_373,,41.45
09:51:09.257,-5.516,1.217,0.354,-1.068,0.431,Frame_373,,41.80
09:51:09.757,-5.524,1.263,0.318,-1.090,0.431,Frame_373,,41.80
09:51:10.257,-5.525,1.315,0.266,-1.071,0.423,Frame_373,,41.80
09:51:10.757,-5.520,1.349,0.212,-1.038,0.418,Frame_373,,41.80
09:51:11.257,-5.510,1.381,0.160,-1.029,0.423,Frame_373,,41.80
09:51:11.757,-5.501,1.398,0.111,-0.986,0.391,Frame_374,,41.80
09:51:12.257,-5.493,1.409,0.085,-0.940,0.414,Frame_374,,41.80
09:51:12.757,-5.486,1.416,0.056,-0.867,0.401,Frame_374,,41.80
09:51:13.259,-5.480,1.421,0.028,-0.823,0.395,Frame_374,,41.80
09:51:13.757,-5.477,1.423,0.011,-0.755,0.407,Frame_374,,41.80
09:51:14.259,-5.482,1.421,-0.116,-0.558,0.400,Frame_374,,41.80
09:51:14.757,-5.496,1.416,-0.140,-0.435,0.415,Frame_374,,41.80
09:51:15.257,-5.520,1.409,-0.175,-0.266,0.417,Frame_375,,41.80
09:51:15.757,-5.544,1.403,-0.187,-0.064,0.453,Frame_375,,41.80
09:51:16.257,-5.570,1.397,-0.182,0.134,0.467,Frame_375,,41.80
09:51:16.757,-5.595,1.391,-0.130,0.355,0.502,Frame_375,,41.80
09:51:17.257,-5.607,1.387,-0.073,0.551,0.537,Frame_375,,41.80
09:51:17.758,-5.614,1.384,-0.041,0.678,0.533,Frame_375,,41.80
09:51:18.257,-5.618,1.382,-0.029,0.814,0.539,Frame_375,,41.80
09:51:18.757,-5.621,1.380,-0.014,0.910,0.546,Frame_375,,41.80
09:51:19.257,-5.623,1.379,0.003,0.984,0.542,Frame_376,,41.80
09:51:19.757,-5.622,1.380,0.012,1.057,0.524,Frame_376,,41.80
09:51:20.257,-5.621,1.382,0.028,1.092,0.527,Frame_376,,41.80
09:51:20.757,-5.618,1.389,0.076,1.086,0.509,Frame_376,,41.80
09:51:21.257,-5.615,1.404,0.156,1.043,0.502,Frame_376,,41.80
09:51:21.757,-5.614,1.435,0.269,0.981,0.502,Frame_376,,41.80
09:51:22.259,-5.620,1.486,0.390,0.888,0.477,Frame_377,,41.80
09:51:22.757,-5.634,1.544,0.475,0.778,0.491,Frame_377,,41.80
09:51:23.257,-5.658,1.608,0.485,0.643,0.514,Frame_377,,41.80
09:51:23.757,-5.693,1.679,0.537,0.544,0.539,Frame_377,,41.80
09:51:24.257,-5.726,1.735,0.552,0.424,0.573,Frame_377,,41.80
09:51:24.757,-5.769,1.800,0.558,0.281,0.646,Frame_377,,41.80
09:51:25.257,-5.822,1.871,0.540,0.110,0.689,Frame_378,,41.80
09:51:25.757,-5.867,1.930,0.524,-0.059,0.702,Frame_378,,41.80
09:51:26.257,-5.918,1.997,0.526,-0.132,0.660,Frame_378,,41.80
09:51:26.757,-5.961,2.057,0.521,-0.087,0.581,Frame_378,,41.80
09:51:27.257,-6.009,2.124,0.520,-0.075,0.534,Frame_378,,41.80
09:51:27.757,-6.051,2.184,0.522,-0.045,0.484,Frame_378,,41.80
09:51:28.258,-6.091,2.244,0.509,-0.045,0.453,Frame_378,,41.80
09:51:28.757,-6.125,2.294,0.490,-0.109,0.434,Frame_379,,41.80
09:51:29.257,-6.136,2.310,0.478,-0.115,0.413,Frame_379,,42.59
09:51:29.757,-6.191,2.398,0.446,-0.108,0.425,Frame_379,,42.59
09:51:30.257,-6.227,2.457,0.420,-0.113,0.429,Frame_379,,42.59
09:51:30.757,-6.252,2.499,0.385,-0.131,0.427,Frame_379,,42.59
09:51:31.258,-6.280,2.550,0.353,-0.199,0.471,Frame_379,,42.59
09:51:31.757,-6.307,2.601,0.376,-0.456,0.480,Frame_379,,42.59
09:51:32.257,-6.328,2.648,0.365,-0.672,0.515,Frame_380,,42.59
09:51:32.757,-6.347,2.703,0.347,-0.862,0.559,Frame_380,,42.59
09:51:33.257,-6.356,2.748,0.300,-0.958,0.579,Frame_380,,42.59
09:51:33.757,-6.358,2.800,0.288,-0.720,0.643,Frame_380,,42.59
09:51:34.257,-6.355,2.841,0.186,-0.392,0.660,Frame_380,,43.39
09:51:34.757,-6.353,2.857,0.070,0.089,0.631,Frame_380,,43.39
09:51:35.257,-6.351,2.872,0.145,0.382,0.620,Frame_380,,43.39
09:51:35.757,-6.349,2.896,0.143,0.560,0.599,Frame_381,,43.39
09:51:36.258,-6.349,2.921,0.247,0.603,0.578,Frame_381,,43.39
09:51:36.758,-6.354,2.973,0.356,0.588,0.553,Frame_381,,43.39
09:51:37.257,-6.364,3.028,0.433,0.501,0.488,Frame_381,,43.39
09:51:37.757,-6.384,3.100,0.507,0.422,0.450,Frame_381,,43.39
09:51:38.257,-6.407,3.170,0.556,0.270,0.368,Frame_381,,43.39
09:51:38.757,-6.439,3.253,0.538,0.120,0.326,Frame_382,,43.39
09:51:39.257,-6.467,3.321,0.532,0.000,0.266,Frame_382,,43.39
09:51:39.757,-6.499,3.400,0.528,-0.082,0.249,Frame_382,,43.39
09:51:40.257,-6.522,3.459,0.521,-0.131,0.254,Frame_382,,43.39
09:51:40.757,-6.554,3.546,0.494,-0.207,0.258,Frame_382,,43.39
09:51:41.257,-6.579,3.619,0.480,-0.220,0.314,Frame_382,,43.39
09:51:41.757,-6.598,3.683,0.467,-0.198,0.333,Frame_382,,43.39
09:51:42.257,-6.619,3.763,0.458,0.110,0.381,Frame_383,,43.39
09:51:42.757,-6.636,3.825,0.456,0.136,0.395,Frame_383,,43.39
09:51:43.257,-6.656,3.894,0.446,0.149,0.444,Frame_383,,43.39
09:51:43.757,-6.677,3.960,0.418,0.009,0.474,Frame_383,,43.39
09:51:44.257,-6.699,4.026,0.451,-0.106,0.495,Frame_383,,44.05
09:51:44.757,-6.717,4.086,0.456,-0.131,0.548,Frame_383,,44.05
09:51:45.257,-6.737,4.155,0.446,-0.151,0.563,Frame_384,,44.05
09:51:45.757,-6.753,4.216,0.443,-0.174,0.613,Frame_384,,44.05
09:51:46.257,-6.770,4.285,0.447,-0.175,0.626,Frame_384,,44.05
09:51:46.757,-6.783,4.346,0.453,-0.167,0.666,Frame_384,,44.05
09:51:47.257,-6.796,4.417,0.439,-0.163,0.687,Frame_384,,44.05
09:51:47.757,-6.808,4.495,0.436,-0.144,0.717,Frame_384,,44.05
09:51:48.257,-6.815,4.547,0.431,-0.133,0.717,Frame_384,,44.05
09:51:48.757,-6.822,4.615,0.409,-0.117,0.710,Frame_385,,44.05
09:51:49.257,-6.828,4.678,0.380,-0.076,0.680,Frame_385,,44.60
09:51:49.757,-6.833,4.729,0.353,-0.059,0.660,Frame_385,,44.60
09:51:50.257,-6.836,4.777,0.324,-0.039,0.647,Frame_385,,44.60
09:51:50.757,-6.840,4.833,0.297,-0.039,0.645,Frame_385,,44.60
09:51:51.257,-6.842,4.873,0.275,-0.057,0.632,Frame_385,,44.60
09:51:51.760,-6.845,4.923,0.296,-0.333,0.620,Frame_386,,44.60
09:51:52.257,-6.845,4.962,0.353,-0.619,0.614,Frame_386,,44.60
09:51:52.757,-6.841,5.015,0.391,-0.763,0.587,Frame_386,,44.60
09:51:53.257,-6.828,5.076,0.390,-0.812,0.590,Frame_386,,44.60
09:51:53.757,-6.809,5.134,0.358,-0.821,0.573,Frame_386,,44.60
09:51:54.257,-6.789,5.176,0.332,-0.648,0.571,Frame_386,,44.60
09:51:54.757,-6.766,5.215,0.324,-0.461,0.583,Frame_386,,44.60
09:51:55.257,-6.735,5.259,0.322,-0.070,0.598,Frame_386,,44.60
09:51:55.757,-6.705,5.301,0.331,0.085,0.610,Frame_387,,44.60
09:51:56.257,-6.682,5.333,0.326,0.208,0.641,Frame_387,,44.60
09:51:56.758,-6.657,5.371,0.317,0.231,0.662,Frame_387,,44.60
09:51:57.257,-6.630,5.414,0.312,0.256,0.676,Frame_387,,44.60
09:51:57.757,-6.608,5.453,0.331,0.026,0.698,Frame_387,,44.60
09:51:58.258,-6.581,5.500,0.353,-0.304,0.709,Frame_387,,44.60
09:51:58.757,-6.555,5.543,0.359,-0.445,0.727,Frame_387,,44.60
09:51:59.257,-6.523,5.588,0.334,-0.561,0.734,Frame_388,,45.12
09:51:59.757,-6.502,5.613,0.290,-0.603,0.712,Frame_388,,45.12
09:52:00.257,-6.468,5.649,0.245,-0.615,0.696,Frame_388,,45.12
09:52:00.757,-6.447,5.666,0.199,-0.625,0.689,Frame_388,,45.12
09:52:01.257,-6.423,5.683,0.161,-0.626,0.662,Frame_388,,45.12
09:52:01.757,-6.406,5.693,0.120,-0.601,0.653,Frame_388,,45.12
09:52:02.257,-6.390,5.701,0.085,-0.576,0.641,Frame_389,,45.12
09:52:02.757,-6.380,5.704,0.057,-0.542,0.634,Frame_389,,45.12
09:52:03.257,-6.374,5.706,0.038,-0.505,0.625,Frame_389,,45.12
09:52:03.760,-6.371,5.707,0.017,-0.459,0.619,Frame_389,,45.12
09:52:04.257,-6.371,5.707,-0.028,-0.334,0.631,Frame_389,,45.12
09:52:04.757,-6.377,5.706,-0.053,-0.126,0.623,Frame_389,,45.12
09:52:05.257,-6.384,5.706,-0.042,0.073,0.632,Frame_389,,45.12
09:52:05.757,-6.388,5.706,0.003,0.251,0.639,Frame_390,,45.12
09:52:06.257,-6.386,5.706,0.056,0.400,0.646,Frame_390,,45.12
09:52:06.757,-6.378,5.707,0.044,0.528,0.632,Frame_390,,45.12
09:52:07.260,-6.374,5.708,0.024,0.634,0.634,Frame_390,,45.12
09:52:07.757,-6.371,5.709,0.041,0.763,0.625,Frame_390,,45.12
09:52:08.257,-6.363,5.713,0.060,0.843,0.618,Frame_390,,45.12
09:52:08.757,-6.355,5.718,0.105,0.867,0.596,Frame_390,,45.12
09:52:09.257,-6.344,5.726,0.167,0.851,0.592,Frame_391,,45.12
09:52:09.757,-6.317,5.753,0.273,0.816,0.577,Frame_391,,45.12
09:52:10.257,-6.294,5.782,0.368,0.771,0.528,Frame_391,,45.12
09:52:10.758,-6.264,5.829,0.439,0.649,0.515,Frame_391,,45.12
09:52:11.257,-6.232,5.893,0.464,0.537,0.489,Frame_391,,45.12
09:52:11.757,-6.207,5.953,0.458,0.429,0.475,Frame_391,,45.12
09:52:12.257,-6.186,6.013,0.450,0.319,0.463,Frame_391,,45.12
09:52:12.757,-6.174,6.058,0.189,0.700,0.453,Frame_392,,45.12
09:52:13.257,-6.168,6.089,0.205,0.732,0.438,Frame_392,,45.12
09:52:13.757,-6.167,6.124,0.231,0.180,0.440,Frame_392,,45.12
09:52:14.258,-6.166,6.157,0.270,-0.206,0.442,Frame_392,,45.12
09:52:14.757,-6.165,6.198,0.327,-0.248,0.455,Frame_392,,45.12
09:52:15.257,-6.162,6.245,0.333,-0.266,0.453,Frame_392,,45.12
09:52:15.757,-6.157,6.296,0.302,0.008,0.472,Frame_392,,45.12
09:52:16.258,-6.152,6.339,0.322,0.156,0.491,Frame_393,,45.12
09:52:16.757,-6.147,6.391,0.329,0.195,0.485,Frame_393,,45.12
09:52:17.257,-6.145,6.436,0.322,0.209,0.494,Frame_393,,45.12
09:52:17.757,-6.144,6.480,0.299,0.203,0.514,Frame_393,,45.12
09:52:18.257,-6.144,6.527,0.306,-0.024,0.518,Frame_393,,45.12
09:52:18.757,-6.144,6.572,0.346,-0.366,0.532,Frame_393,,45.12
09:52:19.257,-6.141,6.631,0.390,-0.625,0.546,Frame_393,,45.57
09:52:19.758,-6.134,6.685,0.395,-0.739,0.562,Frame_394,,45.57
09:52:20.257,-6.119,6.745,0.361,-0.799,0.582,Frame_394,,45.57
09:52:20.760,-6.096,6.802,0.302,-0.822,0.578,Frame_394,,45.57
09:52:21.257,-6.080,6.831,0.241,-0.829,0.589,Frame_394,,45.57
09:52:21.759,-6.059,6.860,0.196,-0.837,0.595,Frame_394,,45.57
09:52:22.257,-6.043,6.879,0.156,-0.810,0.584,Frame_394,,45.57
09:52:22.757,-6.025,6.893,0.115,-0.785,0.581,Frame_395,,45.57
09:52:23.257,-6.014,6.901,0.064,-0.738,0.573,Frame_395,,45.57
09:52:23.757,-6.008,6.904,-0.078,-0.708,0.579,Frame_395,,45.57
09:52:24.257,-6.030,6.896,-0.199,-0.691,0.583,Frame_395,,45.57
09:52:24.759,-6.050,6.890,-0.138,-0.738,0.609,Frame_395,,45.57
09:52:25.257,-6.065,6.887,-0.026,-0.836,0.624,Frame_395,,45.57
09:52:25.757,-6.069,6.887,-0.032,-0.948,0.625,Frame_395,,45.57
09:52:26.257,-6.073,6.887,-0.036,-0.980,0.641,Frame_396,,45.57
09:52:26.757,-6.077,6.888,-0.020,-1.085,0.648,Frame_396,,45.57
09:52:27.257,-6.079,6.888,0.002,-1.120,0.649,Frame_396,,45.57
09:52:27.760,-6.078,6.887,0.015,-1.151,0.648,Frame_396,,45.57
09:52:28.257,-6.075,6.885,0.042,-1.162,0.637,Frame_396,,45.57
09:52:28.757,-6.070,6.879,0.072,-1.158,0.629,Frame_396,,45.57
09:52:29.257,-6.063,6.867,0.151,-1.123,0.618,Frame_396,,45.57
09:52:29.757,-6.052,6.837,0.297,-1.050,0.582,Frame_396,,45.57
09:52:30.257,-6.043,6.791,0.413,-0.878,0.559,Frame_397,,45.57
09:52:30.757,-6.037,6.719,0.504,-0.747,0.510,Frame_397,,45.57
09:52:31.257,-6.039,6.656,0.550,-0.524,0.503,Frame_397,,45.57
09:52:31.757,-6.050,6.556,0.562,-0.423,0.468,Frame_397,,45.57
09:52:32.257,-6.064,6.477,0.588,-0.323,0.432,Frame_397,,45.57
09:52:32.757,-6.085,6.386,0.584,-0.248,0.426,Frame_397,,45.57
09:52:33.257,-6.103,6.318,0.584,-0.055,0.422,Frame_398,,45.57
09:52:33.757,-6.134,6.206,0.592,-0.015,0.413,Frame_398,,45.57
09:52:34.257,-6.166,6.093,0.565,-0.023,0.413,Frame_398,,45.81
09:52:34.757,-6.198,5.984,0.581,-0.121,0.402,Frame_398,,45.81
09:52:35.257,-6.232,5.873,0.586,-0.103,0.405,Frame_398,,45.81
09:52:35.757,-6.270,5.762,0.592,-0.083,0.396,Frame_399,,45.81
09:52:36.257,-6.301,5.674,0.582,-0.033,0.406,Frame_399,,45.81
09:52:36.757,-6.344,5.553,0.594,-0.018,0.403,Frame_399,,45.81
09:52:37.257,-6.384,5.442,0.580,0.021,0.415,Frame_399,,45.81
09:52:37.757,-6.419,5.343,0.588,0.006,0.418,Frame_399,,45.81
09:52:38.257,-6.451,5.255,0.571,0.088,0.409,Frame_400,,45.81
09:52:38.757,-6.488,5.146,0.577,0.069,0.411,Frame_400,,45.81
09:52:39.257,-6.523,5.037,0.575,-0.024,0.412,Frame_400,,45.84
09:52:39.757,-6.555,4.938,0.589,-0.076,0.425,Frame_400,,45.84
09:52:40.257,-6.593,4.828,0.582,-0.038,0.417,Frame_400,,45.84
09:52:40.757,-6.632,4.717,0.583,-0.025,0.413,Frame_401,,45.84
09:52:41.257,-6.672,4.608,0.581,0.014,0.417,Frame_401,,45.84
09:52:41.757,-6.703,4.519,0.590,0.013,0.417,Frame_401,,45.84
09:52:42.258,-6.743,4.408,0.582,0.043,0.425,Frame_401,,45.84
09:52:42.757,-6.781,4.298,0.596,-0.010,0.437,Frame_401,,45.84
09:52:43.257,-6.824,4.174,0.593,0.018,0.423,Frame_402,,45.84
09:52:43.759,-6.866,4.050,0.590,0.012,0.427,Frame_402,,45.84
09:52:44.257,-6.905,3.939,0.592,-0.077,0.430,Frame_402,,45.88
09:52:44.757,-6.944,3.830,0.569,-0.123,0.441,Frame_402,,45.88
09:52:45.257,-6.981,3.733,0.595,-0.074,0.447,Frame_402,,45.88
09:52:45.757,-7.012,3.656,0.598,-0.026,0.450,Frame_402,,45.88
09:52:46.257,-7.048,3.567,0.603,0.006,0.441,Frame_403,,45.88
09:52:46.757,-7.079,3.488,0.600,0.027,0.467,Frame_403,,45.88
09:52:47.257,-7.120,3.387,0.613,0.037,0.479,Frame_403,,45.88
09:52:47.757,-7.151,3.308,0.595,0.048,0.525,Frame_403,,45.88
09:52:48.257,-7.190,3.206,0.614,0.008,0.566,Frame_403,,45.88
09:52:48.757,-7.230,3.103,0.601,-0.057,0.633,Frame_403,,45.88
09:52:49.257,-7.264,3.015,0.601,-0.047,0.711,Frame_404,,46.01
09:52:49.757,-7.296,2.936,0.613,-0.030,0.761,Frame_404,,46.01
09:52:50.258,-7.338,2.834,0.616,-0.041,0.846,Frame_404,,46.01
09:52:50.757,-7.375,2.744,0.604,-0.076,0.732,Frame_404,,46.01
09:52:51.257,-7.413,2.656,0.577,-0.084,0.726,Frame_404,,46.01
09:52:51.757,-7.445,2.584,0.553,-0.031,0.654,Frame_404,,46.01
09:52:52.257,-7.481,2.504,0.540,0.033,0.619,Frame_405,,46.01
09:52:52.757,-7.515,2.427,0.514,0.028,0.601,Frame_405,,46.01
09:52:53.257,-7.549,2.351,0.536,0.021,0.555,Frame_405,,46.01
09:52:53.757,-7.583,2.271,0.409,0.449,0.569,Frame_405,,46.01
09:52:54.258,-7.603,2.212,0.381,0.491,0.563,Frame_405,,46.22
09:52:54.757,-7.623,2.133,0.431,0.345,0.573,Frame_405,,46.22
09:52:55.258,-7.634,2.075,0.423,0.305,0.560,Frame_406,,46.22
09:52:55.757,-7.644,2.000,0.414,0.253,0.557,Frame_406,,46.22
09:52:56.257,-7.650,1.941,0.424,0.204,0.561,Frame_406,,46.22
09:52:56.757,-7.655,1.864,0.433,0.005,0.541,Frame_406,,46.22
09:52:57.257,-7.659,1.804,0.410,-0.049,0.519,Frame_406,,46.22
09:52:57.758,-7.663,1.741,0.393,-0.125,0.518,Frame_406,,46.22
09:52:58.257,-7.668,1.687,0.381,-0.089,0.506,Frame_407,,46.22
09:52:58.757,-7.674,1.622,0.336,-0.053,0.484,Frame_407,,46.22
09:52:59.260,-7.681,1.563,0.326,0.108,0.479,Frame_407,,46.63
09:52:59.757,-7.685,1.519,0.317,0.390,0.466,Frame_407,,46.63
09:53:00.257,-7.686,1.468,0.307,0.579,0.466,Frame_407,,46.63
09:53:00.757,-7.684,1.427,0.271,0.645,0.456,Frame_407,,46.63
09:53:01.257,-7.679,1.388,0.227,0.706,0.444,Frame_407,,46.63
09:53:01.757,-7.672,1.360,0.182,0.705,0.440,Frame_408,,46.63
09:53:02.257,-7.662,1.335,0.138,0.709,0.423,Frame_408,,46.63
09:53:02.757,-7.655,1.320,0.091,0.708,0.421,Frame_408,,46.63
09:53:03.257,-7.649,1.310,0.070,0.685,0.419,Frame_408,,46.63
09:53:03.757,-7.645,1.305,0.003,0.547,0.414,Frame_408,,46.63
09:53:04.259,-7.647,1.307,-0.064,0.328,0.412,Frame_408,,46.98
09:53:04.757,-7.656,1.316,-0.122,0.060,0.413,Frame_408,,46.98
09:53:05.257,-7.669,1.328,-0.083,-0.180,0.442,Frame_409,,46.98
09:53:05.757,-7.674,1.334,-0.003,-0.434,0.446,Frame_409,,46.98
09:53:06.257,-7.674,1.334,-0.001,-0.610,0.454,Frame_409,,46.98
09:53:06.757,-7.674,1.334,0.005,-0.748,0.452,Frame_409,,46.98
09:53:07.257,-7.673,1.333,0.016,-0.880,0.448,Frame_409,,46.98
09:53:07.757,-7.672,1.329,0.036,-0.953,0.426,Frame_409,,46.98
09:53:08.257,-7.670,1.322,0.064,-0.972,0.425,Frame_409,,46.98
09:53:08.757,-7.669,1.311,0.098,-0.945,0.391,Frame_410,,46.98
09:53:09.257,-7.669,1.294,0.162,-0.898,0.396,Frame_410,,46.98
09:53:09.758,-7.675,1.264,0.247,-0.830,0.378,Frame_410,,46.98
09:53:10.257,-7.693,1.210,0.349,-0.751,0.365,Frame_410,,46.98
09:53:10.758,-7.712,1.168,0.447,-0.631,0.368,Frame_410,,46.98
09:53:11.257,-7.754,1.096,0.493,-0.536,0.368,Frame_410,,46.98
09:53:11.757,-7.789,1.047,0.512,-0.419,0.387,Frame_411,,46.98
09:53:12.258,-7.845,0.976,0.488,-0.265,0.404,Frame_411,,46.98
09:53:12.757,-7.884,0.932,0.493,-0.188,0.435,Frame_411,,46.98
09:53:13.257,-7.935,0.876,0.461,-0.082,0.460,Frame_411,,46.98
09:53:13.757,-7.979,0.829,0.451,-0.063,0.489,Frame_411,,46.98
09:53:14.257,-8.013,0.794,0.093,0.440,0.529,Frame_411,,47.28
09:53:14.757,-8.018,0.788,0.039,0.644,0.535,Frame_411,,47.28
09:53:15.257,-8.023,0.781,0.105,0.657,0.542,Frame_412,,47.28
09:53:15.757,-8.032,0.764,0.140,0.655,0.538,Frame_412,,47.28
09:53:16.257,-8.043,0.738,0.178,0.595,0.564,Frame_412,,47.28
09:53:16.757,-8.049,0.716,0.235,0.596,0.576,Frame_412,,47.28
09:53:17.257,-8.060,0.667,0.343,0.714,0.587,Frame_412,,47.28
09:53:17.757,-8.065,0.618,0.358,0.744,0.583,Frame_412,,47.28
09:53:18.257,-8.064,0.563,0.321,0.749,0.579,Frame_413,,47.28
09:53:18.757,-8.058,0.516,0.270,0.745,0.565,Frame_413,,47.28
09:53:19.257,-8.051,0.486,0.234,0.736,0.568,Frame_413,,47.46
09:53:19.757,-8.042,0.458,0.195,0.732,0.547,Frame_413,,47.46
09:53:20.257,-8.029,0.431,0.166,0.720,0.542,Frame_413,,47.46
09:53:20.757,-8.018,0.414,0.128,0.692,0.535,Frame_413,,47.46
09:53:21.257,-8.011,0.403,0.088,0.661,0.523,Frame_413,,47.46
09:53:21.757,-8.003,0.395,0.063,0.626,0.524,Frame_414,,47.46
09:53:22.257,-7.999,0.390,0.038,0.591,0.510,Frame_414,,47.46
09:53:22.757,-7.995,0.387,0.018,0.536,0.511,Frame_414,,47.46
09:53:23.257,-7.994,0.386,-0.005,0.477,0.507,Frame_414,,47.46
09:53:23.757,-7.995,0.387,-0.022,0.418,0.513,Frame_414,,47.46
09:53:24.257,-7.998,0.389,-0.052,0.308,0.517,Frame_414,,47.46
09:53:24.758,-8.007,0.393,-0.060,0.125,0.525,Frame_414,,47.46
09:53:25.257,-8.015,0.396,-0.068,-0.065,0.530,Frame_415,,47.46
09:53:25.757,-8.024,0.399,-0.029,-0.221,0.536,Frame_415,,47.46
09:53:26.258,-8.026,0.400,0.005,-0.355,0.544,Frame_415,,47.46
09:53:26.757,-8.025,0.400,0.036,-0.447,0.554,Frame_415,,47.46
09:53:27.259,-8.021,0.398,0.010,-0.536,0.548,Frame_415,,47.46
09:53:27.757,-8.017,0.395,0.025,-0.607,0.540,Frame_415,,47.46
09:53:28.257,-8.014,0.393,0.025,-0.711,0.529,Frame_415,,47.46
09:53:28.758,-8.012,0.390,0.049,-0.838,0.527,Frame_416,,47.46
09:53:29.257,-8.006,0.382,0.077,-0.909,0.509,Frame_416,,47.46
09:53:29.757,-8.001,0.373,0.104,-0.926,0.499,Frame_416,,47.46
09:53:30.257,-7.993,0.356,0.187,-0.901,0.487,Frame_416,,47.46
09:53:30.757,-7.983,0.319,0.297,-0.773,0.465,Frame_416,,47.46
09:53:31.257,-7.976,0.266,0.383,-0.673,0.420,Frame_416,,47.46
09:53:31.758,-7.973,0.210,0.428,-0.572,0.409,Frame_416,,47.46
09:53:32.258,-7.975,0.150,0.444,-0.465,0.401,Frame_417,,47.46
09:53:32.757,-7.981,0.103,0.173,-0.805,0.365,Frame_417,,47.46
09:53:33.257,-7.986,0.082,0.204,-0.810,0.367,Frame_417,,47.46
09:53:33.757,-8.000,0.042,0.293,-0.710,0.345,Frame_417,,47.46
09:53:34.257,-8.017,0.008,0.376,-0.621,0.357,Frame_417,,47.80
09:53:34.757,-8.059,-0.060,0.410,-0.380,0.371,Frame_417,,47.80
09:53:35.257,-8.092,-0.107,0.406,-0.306,0.382,Frame_417,,47.80
09:53:35.757,-8.132,-0.157,0.399,-0.182,0.399,Frame_418,,47.80
09:53:36.257,-8.167,-0.200,0.392,-0.121,0.418,Frame_418,,47.80
09:53:36.757,-8.207,-0.246,0.357,-0.053,0.440,Frame_418,,47.80
09:53:37.257,-8.234,-0.277,0.326,-0.015,0.477,Frame_418,,47.80
09:53:37.757,-8.272,-0.320,0.305,0.024,0.490,Frame_418,,47.80
09:53:38.257,-8.295,-0.347,0.284,0.222,0.518,Frame_418,,47.80
09:53:38.757,-8.330,-0.389,0.333,0.572,0.523,Frame_419,,47.80
09:53:39.257,-8.358,-0.429,0.369,0.744,0.562,Frame_419,,47.80
09:53:39.757,-8.384,-0.475,0.386,0.855,0.572,Frame_419,,47.80
09:53:40.257,-8.406,-0.531,0.368,0.905,0.597,Frame_419,,47.80
09:53:40.757,-8.420,-0.587,0.332,0.916,0.618,Frame_419,,47.80
09:53:41.257,-8.424,-0.637,0.281,0.905,0.618,Frame_419,,47.80
09:53:41.757,-8.422,-0.675,0.226,0.879,0.608,Frame_419,,47.80
09:53:42.257,-8.417,-0.704,0.192,0.838,0.609,Frame_420,,47.80
09:53:42.757,-8.410,-0.730,0.129,0.796,0.608,Frame_420,,47.80
09:53:43.257,-8.403,-0.745,0.109,0.772,0.590,Frame_420,,47.80
09:53:43.757,-8.401,-0.750,-0.153,0.688,0.595,Frame_420,,47.80
09:53:44.258,-8.411,-0.735,-0.189,0.730,0.606,Frame_420,,48.24
09:53:44.757,-8.427,-0.716,-0.132,0.787,0.637,Frame_420,,48.24
09:53:45.257,-8.438,-0.706,-0.026,0.910,0.659,Frame_420,,48.24
09:53:45.757,-8.441,-0.704,-0.031,1.014,0.666,Frame_421,,48.24
09:53:46.257,-8.444,-0.702,-0.013,1.080,0.681,Frame_421,,48.24
09:53:46.757,-8.445,-0.702,-0.003,1.103,0.670,Frame_421,,48.24
09:53:47.257,-8.444,-0.702,0.014,1.149,0.680,Frame_421,,48.24
09:53:47.757,-8.441,-0.702,0.026,1.157,0.684,Frame_421,,48.24
09:53:48.257,-8.436,-0.701,0.054,1.159,0.669,Frame_421,,48.24
09:53:48.757,-8.429,-0.698,0.084,1.126,0.654,Frame_421,,48.24
09:53:49.257,-8.413,-0.688,0.171,1.093,0.646,Frame_422,,48.24
09:53:49.757,-8.392,-0.670,0.267,1.030,0.618,Frame_422,,48.24
09:53:50.257,-8.357,-0.626,0.403,0.874,0.596,Frame_422,,48.24
09:53:50.757,-8.330,-0.581,0.487,0.733,0.563,Frame_422,,48.24
09:53:51.257,-8.294,-0.507,0.543,0.532,0.544,Frame_422,,48.24
09:53:51.757,-8.267,-0.435,0.564,0.382,0.519,Frame_422,,48.24
09:53:52.257,-8.236,-0.337,0.578,0.219,0.512,Frame_423,,48.24
09:53:52.757,-8.210,-0.238,0.561,0.139,0.507,Frame_423,,48.24
09:53:53.258,-8.182,-0.118,0.553,0.076,0.510,Frame_423,,48.24
09:53:53.757,-8.161,-0.021,0.567,0.056,0.506,Frame_423,,48.24
09:53:54.257,-8.138,0.089,0.567,0.027,0.510,Frame_423,,48.42
09:53:54.757,-8.116,0.200,0.572,0.013,0.515,Frame_424,,48.42
09:53:55.257,-8.093,0.311,0.566,0.008,0.519,Frame_424,,48.42
09:53:55.757,-8.071,0.421,0.551,0.014,0.517,Frame_424,,48.42
09:53:56.257,-8.055,0.507,0.554,0.021,0.526,Frame_424,,48.42
09:53:56.757,-8.038,0.594,0.557,0.022,0.532,Frame_424,,48.42
09:53:57.257,-8.024,0.671,0.555,0.012,0.535,Frame_424,,48.42
09:53:57.757,-8.009,0.748,0.563,0.001,0.540,Frame_425,,48.42
09:53:58.257,-7.993,0.837,0.564,-0.002,0.539,Frame_425,,48.42
09:53:58.757,-7.977,0.926,0.563,0.014,0.555,Frame_425,,48.42
09:53:59.257,-7.958,1.026,0.568,0.025,0.551,Frame_425,,48.43
09:53:59.757,-7.946,1.092,0.550,0.013,0.555,Frame_425,,48.43
09:54:00.257,-7.931,1.180,0.554,0.012,0.559,Frame_425,,48.43
09:54:00.757,-7.917,1.257,0.573,0.028,0.560,Frame_425,,48.43
09:54:01.257,-7.902,1.346,0.566,0.002,0.571,Frame_426,,48.43
09:54:01.757,-7.885,1.447,0.568,0.031,0.593,Frame_426,,48.43
09:54:02.257,-7.872,1.526,0.565,0.023,0.579,Frame_426,,48.43
09:54:02.757,-7.859,1.604,0.566,0.025,0.588,Frame_426,,48.43
09:54:03.257,-7.845,1.693,0.566,0.054,0.595,Frame_426,,48.43
09:54:03.758,-7.830,1.794,0.569,0.025,0.611,Frame_426,,48.43
09:54:04.257,-7.821,1.853,0.242,-0.000,0.623,Frame_427,,48.43
09:54:04.757,-7.819,1.869,-0.086,-0.247,0.618,Frame_427,,48.43
09:54:05.257,-7.823,1.847,-0.212,-0.166,0.627,Frame_427,,48.43
09:54:05.757,-7.832,1.807,-0.228,-0.112,0.626,Frame_427,,48.43
09:54:06.257,-7.842,1.762,-0.239,-0.077,0.619,Frame_427,,48.43
09:54:06.757,-7.854,1.716,-0.223,-0.049,0.628,Frame_427,,48.43
09:54:07.257,-7.865,1.673,-0.225,-0.024,0.627,Frame_428,,48.43
09:54:07.757,-7.876,1.631,-0.233,0.010,0.627,Frame_428,,48.43
09:54:08.257,-7.888,1.588,-0.227,0.040,0.627,Frame_428,,48.43
09:54:08.757,-7.899,1.544,-0.231,0.056,0.619,Frame_428,,48.43
09:54:09.259,-7.911,1.495,-0.235,0.065,0.625,Frame_428,,48.43
09:54:09.758,-7.921,1.453,-0.239,0.068,0.634,Frame_429,,48.43
09:54:10.257,-7.930,1.411,-0.240,0.051,0.625,Frame_429,,48.43
09:54:10.757,-7.939,1.368,-0.254,0.037,0.618,Frame_429,,48.43
09:54:11.257,-7.950,1.314,-0.255,0.024,0.622,Frame_429,,48.43
09:54:11.757,-7.957,1.279,-0.253,0.015,0.622,Frame_429,,48.43
09:54:12.257,-7.965,1.239,-0.256,-0.008,0.610,Frame_430,,48.43
09:54:12.757,-7.971,1.206,-0.242,-0.027,0.614,Frame_430,,48.43
09:54:13.259,-7.980,1.161,-0.257,-0.011,0.591,Frame_430,,48.43
09:54:13.757,-7.990,1.111,-0.255,-0.020,0.607,Frame_430,,48.43
09:54:14.257,-8.001,1.060,-0.251,-0.002,0.601,Frame_430,,48.43
09:54:14.757,-8.010,1.015,-0.254,-0.002,0.609,Frame_430,,48.43
09:54:15.257,-8.019,0.971,-0.249,-0.022,0.596,Frame_431,,48.43
09:54:15.757,-8.030,0.923,-0.241,-0.014,0.599,Frame_431,,48.43
09:54:16.259,-8.041,0.871,-0.243,-0.014,0.597,Frame_431,,48.43
09:54:16.758,-8.050,0.829,-0.238,-0.003,0.601,Frame_431,,48.43
09:54:17.257,-8.060,0.784,-0.231,-0.026,0.597,Frame_431,,48.43
09:54:17.759,-8.070,0.738,-0.234,-0.011,0.597,Frame_432,,48.43
09:54:18.257,-8.080,0.692,-0.241,-0.014,0.593,Frame_432,,48.43
09:54:18.757,-8.091,0.645,-0.246,0.003,0.586,Frame_432,,48.43
09:54:19.257,-8.103,0.592,-0.237,0.000,0.587,Frame_432,,48.43
09:54:19.757,-8.113,0.549,-0.247,0.035,0.593,Frame_432,,48.43
09:54:20.258,-8.122,0.506,-0.239,-0.031,0.587,Frame_433,,48.43
09:54:20.757,-8.133,0.461,-0.236,-0.050,0.586,Frame_433,,48.43
09:54:21.257,-8.144,0.414,-0.234,-0.051,0.588,Frame_433,,48.43
09:54:21.757,-8.155,0.368,-0.233,-0.024,0.583,Frame_433,,48.43
09:54:22.257,-8.168,0.319,-0.226,0.001,0.581,Frame_433,,48.43
09:54:22.757,-8.180,0.272,-0.227,0.008,0.583,Frame_434,,48.43
09:54:23.257,-8.191,0.227,-0.227,0.028,0.584,Frame_434,,48.43
09:54:23.758,-8.201,0.186,-0.232,0.013,0.584,Frame_434,,48.43
09:54:24.257,-8.212,0.140,-0.246,0.024,0.584,Frame_434,,48.44
09:54:24.757,-8.224,0.092,-0.234,0.022,0.578,Frame_434,,48.44
09:54:25.258,-8.235,0.045,-0.251,0.029,0.583,Frame_435,,48.44
09:54:25.757,-8.247,-0.009,-0.247,0.011,0.585,Frame_435,,48.44
09:54:26.257,-8.257,-0.053,-0.235,0.010,0.566,Frame_435,,48.44
09:54:26.757,-8.266,-0.095,-0.242,-0.011,0.578,Frame_435,,48.44
09:54:27.257,-8.277,-0.143,-0.251,0.012,0.571,Frame_435,,48.44
09:54:27.758,-8.289,-0.199,-0.252,0.011,0.577,Frame_436,,48.44
09:54:28.257,-8.300,-0.247,-0.248,0.004,0.576,Frame_436,,48.44
09:54:28.757,-8.310,-0.292,-0.256,-0.008,0.568,Frame_436,,48.44
09:54:29.257,-8.320,-0.336,-0.259,-0.008,0.575,Frame_436,,48.52
09:54:29.757,-8.332,-0.392,-0.253,-0.018,0.567,Frame_436,,48.52
09:54:30.257,-8.341,-0.431,-0.260,-0.038,0.565,Frame_437,,48.52
09:54:30.757,-8.353,-0.482,-0.258,-0.068,0.567,Frame_437,,48.52
09:54:31.257,-8.365,-0.531,-0.235,-0.184,0.561,Frame_437,,48.52
09:54:31.757,-8.379,-0.577,-0.247,-0.297,0.558,Frame_437,,48.52
09:54:32.257,-8.392,-0.615,-0.271,-0.352,0.570,Frame_437,,48.52
09:54:32.757,-8.408,-0.656,-0.303,-0.428,0.588,Frame_437,,48.52
09:54:33.260,-8.427,-0.696,-0.303,-0.455,0.591,Frame_438,,48.52
09:54:33.757,-8.455,-0.745,-0.143,-0.426,0.618,Frame_438,,48.52
09:54:34.257,-8.472,-0.770,0.085,-0.193,0.621,Frame_438,,48.52
09:54:34.760,-8.478,-0.779,0.183,0.235,0.628,Frame_438,,48.52
09:54:35.257,-8.474,-0.773,0.271,0.405,0.636,Frame_438,,48.52
09:54:35.757,-8.458,-0.744,0.386,0.451,0.638,Frame_438,,48.52
09:54:36.257,-8.436,-0.698,0.467,0.427,0.607,Frame_439,,48.52
09:54:36.757,-8.406,-0.626,0.533,0.358,0.604,Frame_439,,48.52
09:54:37.257,-8.378,-0.544,0.554,0.301,0.571,Frame_439,,48.52
09:54:37.757,-8.356,-0.470,0.551,0.246,0.573,Frame_439,,48.52
09:54:38.257,-8.328,-0.361,0.575,0.040,0.541,Frame_439,,48.52
09:54:38.757,-8.304,-0.259,0.578,-0.006,0.548,Frame_439,,48.52
09:54:39.257,-8.274,-0.138,0.563,-0.013,0.546,Frame_440,,48.52
09:54:39.757,-8.250,-0.039,0.562,-0.002,0.549,Frame_440,,48.52
09:54:40.257,-8.223,0.071,0.563,0.005,0.545,Frame_440,,48.52
09:54:40.757,-8.197,0.178,0.552,0.028,0.539,Frame_440,,48.52
09:54:41.257,-8.170,0.287,0.567,0.020,0.533,Frame_440,,48.52
09:54:41.757,-8.145,0.395,0.557,0.030,0.537,Frame_441,,48.52
09:54:42.257,-8.119,0.505,0.563,0.021,0.527,Frame_441,,48.52
09:54:42.757,-8.095,0.614,0.558,0.024,0.531,Frame_441,,48.52
09:54:43.257,-8.070,0.722,0.540,0.093,0.521,Frame_441,,48.52
09:54:43.757,-8.049,0.827,0.550,0.234,0.511,Frame_441,,48.52
09:54:44.259,-8.031,0.938,0.568,0.145,0.523,Frame_442,,48.52
09:54:44.757,-8.021,1.005,0.564,0.105,0.532,Frame_442,,48.52
09:54:45.257,-8.009,1.107,0.568,0.050,0.534,Frame_442,,48.52
09:54:45.757,-7.999,1.197,0.564,0.036,0.550,Frame_442,,48.52
09:54:46.257,-7.991,1.274,0.558,0.004,0.547,Frame_442,,48.52
09:54:46.757,-7.982,1.363,0.557,0.010,0.551,Frame_442,,48.52
09:54:47.257,-7.974,1.440,0.550,-0.012,0.567,Frame_442,,48.52
09:54:47.757,-7.965,1.529,0.563,-0.005,0.569,Frame_443,,48.52
09:54:48.257,-7.956,1.619,0.563,-0.003,0.585,Frame_443,,48.52
09:54:48.757,-7.947,1.708,0.551,-0.001,0.579,Frame_443,,48.52
09:54:49.257,-7.940,1.775,0.571,-0.011,0.608,Frame_443,,48.53
09:54:49.757,-7.929,1.875,0.560,-0.003,0.605,Frame_443,,48.53
09:54:50.257,-7.921,1.953,0.560,-0.035,0.630,Frame_443,,48.53
09:54:50.757,-7.910,2.053,0.566,-0.043,0.628,Frame_444,,48.53
09:54:51.257,-7.899,2.144,0.574,-0.068,0.635,Frame_444,,48.53
09:54:51.757,-7.889,2.222,0.562,-0.071,0.649,Frame_444,,48.53
09:54:52.258,-7.878,2.301,0.565,-0.104,0.657,Frame_444,,48.53
09:54:52.757,-7.864,2.390,0.556,-0.115,0.653,Frame_444,,48.53
09:54:53.257,-7.844,2.501,0.567,-0.088,0.667,Frame_444,,48.53
09:54:53.757,-7.822,2.613,0.570,-0.049,0.695,Frame_444,,48.53
09:54:54.257,-7.800,2.724,0.565,-0.015,0.699,Frame_445,,48.54
09:54:54.757,-7.774,2.846,0.564,0.001,0.757,Frame_445,,48.54
09:54:55.257,-7.753,2.945,0.561,0.019,0.789,Frame_445,,48.54
09:54:55.757,-7.731,3.055,0.563,0.022,0.804,Frame_445,,48.54
09:54:56.257,-7.711,3.153,0.551,0.020,0.801,Frame_446,,48.54
09:54:56.757,-7.690,3.262,0.555,0.029,0.805,Frame_446,,48.54
09:54:57.257,-7.669,3.370,0.554,0.015,0.799,Frame_446,,48.54
09:54:57.757,-7.649,3.480,0.551,0.002,0.788,Frame_446,,48.54
09:54:58.257,-7.631,3.579,0.565,-0.010,0.740,Frame_446,,48.54
09:54:58.759,-7.608,3.700,0.558,-0.009,0.701,Frame_446,,48.54
09:54:59.257,-7.587,3.811,0.571,0.013,0.686,Frame_447,,48.54
09:54:59.757,-7.569,3.912,0.549,-0.006,0.689,Frame_447,,48.54
09:55:00.257,-7.551,4.009,0.557,-0.000,0.687,Frame_447,,48.54
09:55:00.757,-7.534,4.098,0.565,-0.003,0.691,Frame_447,,48.54
09:55:01.257,-7.514,4.208,0.562,0.013,0.684,Frame_447,,48.54
09:55:01.757,-7.497,4.298,0.575,0.013,0.677,Frame_448,,48.54
09:55:02.257,-7.481,4.388,0.573,0.013,0.690,Frame_448,,48.54
09:55:02.757,-7.461,4.499,0.548,0.001,0.699,Frame_448,,48.54
09:55:03.257,-7.441,4.608,0.567,0.004,0.702,Frame_448,,48.54
09:55:03.757,-7.421,4.721,0.571,-0.008,0.700,Frame_448,,48.54
09:55:04.257,-7.405,4.810,0.566,-0.014,0.700,Frame_449,,48.54
09:55:04.757,-7.387,4.911,0.552,-0.011,0.707,Frame_449,,48.54
09:55:05.257,-7.371,4.997,0.558,-0.004,0.708,Frame_449,,48.54
09:55:05.757,-7.353,5.095,0.551,-0.004,0.718,Frame_449,,48.54
09:55:06.257,-7.335,5.193,0.550,0.008,0.711,Frame_449,,48.54
09:55:06.757,-7.319,5.280,0.552,0.010,0.718,Frame_449,,48.54
09:55:07.257,-7.301,5.378,0.548,0.009,0.721,Frame_450,,48.54
09:55:07.757,-7.286,5.465,0.551,0.039,0.712,Frame_450,,48.54
09:55:08.259,-7.269,5.564,0.568,0.049,0.716,Frame_450,,48.54
09:55:08.757,-7.252,5.664,0.556,0.039,0.728,Frame_450,,48.54
09:55:09.257,-7.237,5.763,0.557,0.020,0.734,Frame_450,,48.58
09:55:09.757,-7.221,5.863,0.552,0.005,0.727,Frame_450,,48.58
09:55:10.257,-7.211,5.929,0.568,0.005,0.728,Frame_451,,48.58
09:55:10.757,-7.199,6.007,0.564,0.025,0.718,Frame_451,,48.58
09:55:11.259,-7.188,6.085,0.574,0.031,0.723,Frame_451,,48.58
09:55:11.757,-7.176,6.164,0.547,0.027,0.697,Frame_451,,48.58
09:55:12.257,-7.164,6.248,0.522,0.012,0.716,Frame_451,,48.58
09:55:12.757,-7.156,6.310,0.518,0.003,0.703,Frame_451,,48.58
09:55:13.257,-7.143,6.403,0.528,-0.008,0.700,Frame_451,,48.58
09:55:13.757,-7.135,6.463,0.403,0.002,0.695,Frame_451,,48.58
09:55:14.259,-7.130,6.494,-0.045,0.173,0.695,Frame_452,,48.61
09:55:14.760,-7.133,6.475,-0.210,0.079,0.693,Frame_452,,48.61
09:55:15.257,-7.136,6.442,-0.215,0.024,0.694,Frame_452,,48.61
09:55:15.757,-7.139,6.413,-0.209,-0.037,0.703,Frame_452,,48.61
09:55:16.257,-7.142,6.383,-0.226,-0.056,0.697,Frame_452,,48.61
09:55:16.760,-7.146,6.347,-0.221,-0.077,0.696,Frame_452,,48.61
09:55:17.257,-7.150,6.321,-0.225,-0.074,0.709,Frame_453,,48.61
09:55:17.757,-7.155,6.285,-0.237,-0.084,0.708,Frame_453,,48.61
09:55:18.257,-7.160,6.252,-0.238,-0.084,0.710,Frame_453,,48.61
09:55:18.757,-7.166,6.214,-0.243,-0.068,0.706,Frame_453,,48.61
09:55:19.257,-7.173,6.175,-0.251,-0.053,0.713,Frame_453,,48.61
09:55:19.758,-7.180,6.135,-0.255,-0.033,0.711,Frame_453,,48.61
09:55:20.257,-7.189,6.086,-0.246,-0.012,0.709,Frame_454,,48.61
09:55:20.757,-7.197,6.047,-0.253,-0.003,0.705,Frame_454,,48.61
09:55:21.257,-7.206,5.997,-0.245,-0.016,0.716,Frame_454,,48.61
09:55:21.757,-7.213,5.964,-0.244,-0.001,0.701,Frame_454,,48.61
09:55:22.259,-7.222,5.915,-0.254,0.013,0.700,Frame_454,,48.61
09:55:22.757,-7.229,5.876,-0.245,0.009,0.722,Frame_454,,48.61
09:55:23.260,-7.237,5.838,-0.239,0.001,0.723,Frame_455,,48.61
09:55:23.758,-7.245,5.795,-0.246,-0.001,0.712,Frame_455,,48.61
09:55:24.257,-7.254,5.747,-0.244,0.004,0.716,Frame_455,,48.61
09:55:24.757,-7.262,5.708,-0.250,0.015,0.712,Frame_455,,48.61
09:55:25.257,-7.269,5.669,-0.244,0.009,0.728,Frame_455,,48.61
09:55:25.757,-7.277,5.627,-0.237,0.006,0.715,Frame_455,,48.61
09:55:26.257,-7.284,5.584,-0.242,-0.000,0.724,Frame_456,,48.61
09:55:26.757,-7.291,5.546,-0.240,0.014,0.701,Frame_456,,48.61
09:55:27.257,-7.299,5.504,-0.237,0.020,0.725,Frame_456,,48.61
09:55:27.757,-7.307,5.457,-0.240,0.009,0.725,Frame_456,,48.61
09:55:28.257,-7.314,5.415,-0.236,0.007,0.723,Frame_456,,48.61
09:55:28.757,-7.322,5.374,-0.241,0.004,0.726,Frame_457,,48.61
09:55:29.257,-7.328,5.336,-0.245,0.005,0.726,Frame_457,,48.61
09:55:29.757,-7.335,5.298,-0.232,0.001,0.732,Frame_457,,48.61
09:55:30.257,-7.342,5.256,-0.238,0.000,0.732,Frame_457,,48.61
09:55:30.757,-7.349,5.214,-0.243,-0.014,0.732,Frame_457,,48.61
09:55:31.257,-7.356,5.172,-0.236,-0.014,0.728,Frame_457,,48.61
09:55:31.757,-7.362,5.135,-0.239,-0.014,0.731,Frame_458,,48.61
09:55:32.257,-7.371,5.087,-0.244,-0.007,0.729,Frame_458,,48.61
09:55:32.759,-7.380,5.037,-0.248,-0.024,0.722,Frame_458,,48.61
09:55:33.258,-7.385,5.008,-0.242,-0.025,0.733,Frame_458,,48.61
09:55:33.757,-7.394,4.960,-0.246,-0.017,0.726,Frame_458,,48.61
09:55:34.257,-7.402,4.917,-0.241,-0.005,0.727,Frame_458,,48.61
09:55:34.757,-7.410,4.874,-0.243,-0.005,0.726,Frame_459,,48.61
09:55:35.257,-7.416,4.841,-0.247,0.024,0.725,Frame_459,,48.61
09:55:35.757,-7.425,4.793,-0.239,0.001,0.728,Frame_459,,48.61
09:55:36.257,-7.433,4.750,-0.234,0.010,0.726,Frame_459,,48.61
09:55:36.757,-7.442,4.703,-0.241,0.002,0.728,Frame_459,,48.61
09:55:37.257,-7.450,4.659,-0.258,0.013,0.721,Frame_459,,48.61
09:55:37.757,-7.457,4.619,-0.255,0.012,0.728,Frame_460,,48.61
09:55:38.257,-7.464,4.579,-0.241,0.002,0.727,Frame_460,,48.61
09:55:38.757,-7.473,4.532,-0.239,-0.003,0.720,Frame_460,,48.61
09:55:39.257,-7.481,4.484,-0.248,-0.004,0.720,Frame_460,,48.61
09:55:39.757,-7.488,4.446,-0.239,-0.005,0.717,Frame_460,,48.61
09:55:40.257,-7.496,4.400,-0.238,-0.007,0.718,Frame_461,,48.61
09:55:40.757,-7.504,4.357,-0.245,0.003,0.711,Frame_461,,48.61
09:55:41.257,-7.511,4.317,-0.258,-0.003,0.717,Frame_461,,48.61
09:55:41.757,-7.520,4.268,-0.246,0.007,0.705,Frame_461,,48.61
09:55:42.257,-7.527,4.230,-0.249,-0.001,0.715,Frame_461,,48.61
09:55:42.757,-7.535,4.185,-0.249,-0.003,0.704,Frame_461,,48.61
09:55:43.257,-7.543,4.142,-0.236,0.004,0.710,Frame_462,,48.61
09:55:43.757,-7.550,4.100,-0.239,-0.002,0.713,Frame_462,,48.61
09:55:44.257,-7.558,4.057,-0.243,-0.003,0.702,Frame_462,,48.61
09:55:44.757,-7.564,4.024,-0.241,0.008,0.707,Frame_462,,48.61
09:55:45.257,-7.572,3.977,-0.231,0.018,0.708,Frame_462,,48.61
09:55:45.757,-7.579,3.932,-0.228,0.011,0.707,Frame_463,,48.61
09:55:46.257,-7.586,3.890,-0.230,-0.010,0.707,Frame_463,,48.61
09:55:46.757,-7.593,3.848,-0.242,-0.021,0.707,Frame_463,,48.61
09:55:47.258,-7.600,3.810,-0.246,-0.036,0.703,Frame_463,,48.61
09:55:47.757,-7.608,3.766,-0.240,-0.027,0.711,Frame_463,,48.61
09:55:48.258,-7.615,3.724,-0.243,-0.006,0.699,Frame_463,,48.61
09:55:48.757,-7.624,3.676,-0.241,0.005,0.716,Frame_464,,48.61
09:55:49.257,-7.633,3.628,-0.244,0.017,0.723,Frame_464,,48.61
09:55:49.757,-7.641,3.580,-0.244,0.009,0.734,Frame_464,,48.61
09:55:50.257,-7.650,3.531,-0.240,0.008,0.753,Frame_464,,48.61
09:55:50.757,-7.658,3.484,-0.237,0.005,0.772,Frame_464,,48.61
09:55:51.257,-7.666,3.438,-0.242,-0.003,0.780,Frame_465,,48.61
09:55:51.757,-7.674,3.390,-0.231,-0.007,0.786,Frame_465,,48.61
09:55:52.257,-7.680,3.354,-0.232,-0.011,0.783,Frame_465,,48.61
09:55:52.757,-7.689,3.301,-0.251,-0.018,0.793,Frame_465,,48.61
09:55:53.265,-7.698,3.252,-0.248,-0.018,0.786,Frame_465,,48.61
09:55:53.757,-7.707,3.202,-0.249,-0.018,0.788,Frame_466,,48.61
09:55:54.259,-7.716,3.154,-0.238,-0.003,0.789,Frame_466,,48.61
09:55:54.757,-7.724,3.107,-0.239,0.012,0.790,Frame_466,,48.61
09:55:55.257,-7.732,3.065,-0.238,0.002,0.804,Frame_466,,48.61
09:55:55.757,-7.741,3.012,-0.244,0.003,0.797,Frame_466,,48.61
09:55:56.257,-7.750,2.963,-0.239,0.001,0.802,Frame_467,,48.61
09:55:56.757,-7.759,2.911,-0.253,0.001,0.797,Frame_467,,48.61
09:55:57.257,-7.768,2.861,-0.249,-0.001,0.797,Frame_467,,48.61
09:55:57.757,-7.777,2.812,-0.258,0.003,0.771,Frame_467,,48.61
09:55:58.259,-7.786,2.761,-0.254,0.008,0.766,Frame_467,,48.61
09:55:58.757,-7.794,2.712,-0.248,-0.006,0.738,Frame_468,,48.61
09:55:59.257,-7.802,2.668,-0.245,0.008,0.725,Frame_468,,48.61
09:55:59.757,-7.810,2.624,-0.250,-0.003,0.696,Frame_468,,48.61
09:56:00.257,-7.819,2.571,-0.235,0.012,0.684,Frame_468,,48.61
09:56:00.757,-7.827,2.524,-0.240,0.008,0.674,Frame_468,,48.61
09:56:01.257,-7.835,2.478,-0.234,-0.012,0.666,Frame_469,,48.61
09:56:01.758,-7.844,2.431,-0.250,-0.014,0.663,Frame_469,,48.61
09:56:02.257,-7.851,2.392,-0.252,-0.004,0.661,Frame_469,,48.61
09:56:02.757,-7.859,2.343,-0.244,-0.008,0.657,Frame_469,,48.61
09:56:03.257,-7.867,2.299,-0.247,0.008,0.648,Frame_469,,48.61
09:56:03.757,-7.876,2.246,-0.244,0.024,0.658,Frame_469,,48.61
09:56:04.257,-7.885,2.197,-0.250,0.019,0.649,Frame_470,,48.61
09:56:04.757,-7.892,2.153,-0.246,0.015,0.654,Frame_470,,48.61
09:56:05.257,-7.900,2.105,-0.252,-0.004,0.652,Frame_470,,48.61
09:56:05.757,-7.908,2.062,-0.230,-0.008,0.645,Frame_470,,48.61
09:56:06.259,-7.915,2.016,-0.224,0.001,0.638,Frame_471,,48.61
09:56:06.757,-7.923,1.971,-0.234,0.006,0.639,Frame_471,,48.61
09:56:07.257,-7.930,1.924,-0.239,-0.000,0.648,Frame_471,,48.61
09:56:07.757,-7.938,1.876,-0.240,-0.012,0.637,Frame_471,,48.61
09:56:08.258,-7.946,1.831,-0.236,-0.009,0.643,Frame_471,,48.61
09:56:08.757,-7.953,1.789,-0.240,-0.026,0.636,Frame_472,,48.61
09:56:09.257,-7.961,1.743,-0.246,-0.009,0.624,Frame_472,,48.62
09:56:09.758,-7.970,1.694,-0.258,-0.007,0.637,Frame_472,,48.62
09:56:10.257,-7.978,1.649,-0.253,-0.009,0.627,Frame_472,,48.62
09:56:10.757,-7.986,1.600,-0.254,-0.004,0.632,Frame_472,,48.62
09:56:11.257,-7.994,1.556,-0.258,-0.010,0.627,Frame_472,,48.62
09:56:11.757,-8.003,1.506,-0.254,0.014,0.631,Frame_473,,48.62
09:56:12.257,-8.012,1.456,-0.243,0.019,0.618,Frame_473,,48.62
09:56:12.757,-8.019,1.412,-0.242,0.004,0.631,Frame_473,,48.62
09:56:13.257,-8.028,1.366,-0.232,0.013,0.620,Frame_473,,48.62
09:56:13.757,-8.036,1.314,-0.238,0.008,0.616,Frame_473,,48.62
09:56:14.258,-8.044,1.271,-0.244,-0.002,0.615,Frame_474,,48.62
09:56:14.757,-8.052,1.218,-0.240,-0.008,0.614,Frame_474,,48.62
09:56:15.257,-8.059,1.180,-0.253,-0.017,0.617,Frame_474,,48.62
09:56:15.757,-8.067,1.130,-0.244,-0.013,0.606,Frame_474,,48.62
09:56:16.258,-8.076,1.078,-0.242,-0.008,0.612,Frame_474,,48.62
09:56:16.757,-8.085,1.029,-0.242,-0.009,0.608,Frame_475,,48.62
09:56:17.257,-8.094,0.980,-0.245,-0.003,0.607,Frame_475,,48.62
09:56:17.757,-8.102,0.932,-0.255,0.004,0.604,Frame_475,,48.62
09:56:18.257,-8.111,0.883,-0.247,-0.002,0.605,Frame_475,,48.62
09:56:18.758,-8.120,0.834,-0.247,0.011,0.611,Frame_475,,48.62
09:56:19.257,-8.128,0.786,-0.246,0.008,0.608,Frame_476,,48.62
09:56:19.757,-8.137,0.737,-0.251,0.011,0.606,Frame_476,,48.62
09:56:20.257,-8.144,0.693,-0.248,0.002,0.599,Frame_476,,48.62
09:56:20.757,-8.154,0.639,-0.247,-0.002,0.602,Frame_476,,48.62
09:56:21.257,-8.161,0.595,-0.238,-0.001,0.594,Frame_476,,48.62
09:56:21.757,-8.169,0.549,-0.238,0.005,0.597,Frame_477,,48.62
09:56:22.257,-8.178,0.497,-0.236,0.005,0.602,Frame_477,,48.62
09:56:22.757,-8.186,0.450,-0.232,-0.006,0.593,Frame_477,,48.62
09:56:23.257,-8.193,0.408,-0.233,-0.010,0.589,Frame_477,,48.62
09:56:23.757,-8.201,0.361,-0.238,-0.009,0.590,Frame_477,,48.62
09:56:24.257,-8.210,0.314,-0.239,-0.013,0.581,Frame_478,,48.62
09:56:24.757,-8.218,0.267,-0.237,-0.003,0.584,Frame_478,,48.62
09:56:25.257,-8.228,0.211,-0.269,0.042,0.599,Frame_478,,48.62
09:56:25.757,-8.236,0.165,-0.258,0.003,0.586,Frame_478,,48.62
09:56:26.257,-8.244,0.116,-0.245,-0.011,0.565,Frame_478,,48.62
09:56:26.757,-8.252,0.068,-0.234,-0.015,0.583,Frame_479,,48.62
09:56:27.257,-8.259,0.023,-0.225,-0.020,0.582,Frame_479,,48.62
09:56:27.757,-8.267,-0.021,-0.228,-0.024,0.578,Frame_479,,48.62
09:56:28.257,-8.275,-0.068,-0.238,-0.022,0.571,Frame_479,,48.62
09:56:28.757,-8.284,-0.114,-0.236,-0.002,0.584,Frame_479,,48.62
09:56:29.257,-8.293,-0.162,-0.243,-0.016,0.575,Frame_480,,48.62
09:56:29.757,-8.301,-0.204,-0.238,-0.011,0.577,Frame_480,,48.62
09:56:30.257,-8.309,-0.251,-0.238,0.011,0.577,Frame_480,,48.62
09:56:30.757,-8.317,-0.293,-0.244,0.010,0.570,Frame_480,,48.62
09:56:31.257,-8.326,-0.340,-0.242,0.005,0.567,Frame_480,,48.62
09:56:31.757,-8.335,-0.386,-0.233,0.017,0.573,Frame_481,,48.62
09:56:32.258,-8.343,-0.432,-0.238,-0.003,0.561,Frame_481,,48.62
09:56:32.759,-8.351,-0.478,-0.232,0.030,0.568,Frame_481,,48.62
09:56:33.257,-8.360,-0.526,-0.249,0.055,0.560,Frame_481,,48.62
09:56:33.757,-8.368,-0.574,-0.241,0.019,0.567,Frame_481,,48.62
09:56:34.260,-8.376,-0.622,-0.239,-0.014,0.562,Frame_482,,49.07
09:56:34.757,-8.384,-0.669,-0.250,-0.009,0.553,Frame_482,,49.07
09:56:35.259,-8.392,-0.717,-0.238,-0.007,0.559,Frame_482,,49.07
09:56:35.757,-8.400,-0.760,-0.247,-0.021,0.557,Frame_482,,49.07
09:56:36.257,-8.407,-0.803,-0.233,0.001,0.554,Frame_482,,49.07
09:56:36.757,-8.415,-0.848,-0.231,-0.003,0.562,Frame_483,,49.07
09:56:37.257,-8.423,-0.893,-0.236,0.000,0.558,Frame_483,,49.07
09:56:37.757,-8.431,-0.940,-0.232,-0.023,0.554,Frame_483,,49.07
09:56:38.257,-8.439,-0.987,-0.251,-0.012,0.550,Frame_483,,49.07
09:56:38.758,-8.448,-1.036,-0.245,-0.012,0.537,Frame_483,,49.07
09:56:39.257,-8.457,-1.082,-0.233,-0.017,0.541,Frame_484,,49.07
09:56:39.757,-8.465,-1.128,-0.231,-0.024,0.556,Frame_484,,49.07
09:56:40.257,-8.473,-1.169,-0.225,0.003,0.544,Frame_484,,49.07
09:56:40.757,-8.482,-1.214,-0.228,0.005,0.540,Frame_484,,49.07
09:56:41.257,-8.490,-1.259,-0.228,0.009,0.552,Frame_484,,49.07
09:56:41.758,-8.498,-1.303,-0.230,0.009,0.544,Frame_485,,49.07
09:56:42.257,-8.507,-1.349,-0.223,0.075,0.545,Frame_485,,49.07
09:56:42.757,-8.515,-1.396,-0.262,0.223,0.529,Frame_485,,49.07
09:56:43.257,-8.521,-1.447,-0.276,0.271,0.536,Frame_485,,49.07
09:56:43.757,-8.525,-1.488,-0.321,0.353,0.531,Frame_485,,49.07
09:56:44.257,-8.526,-1.533,0.085,0.069,0.522,Frame_485,,49.41
09:56:44.757,-8.526,-1.551,0.214,-0.115,0.519,Frame_486,,49.41
09:56:45.257,-8.526,-1.554,0.328,-0.186,0.512,Frame_486,,49.41
09:56:45.757,-8.525,-1.533,0.433,-0.193,0.512,Frame_486,,49.41
09:56:46.258,-8.520,-1.479,0.492,-0.164,0.524,Frame_486,,49.41
09:56:46.757,-8.514,-1.425,0.533,-0.114,0.535,Frame_486,,49.41
09:56:47.257,-8.501,-1.327,0.566,-0.100,0.530,Frame_486,,49.41
09:56:47.757,-8.490,-1.250,0.554,-0.073,0.542,Frame_486,,49.41
09:56:48.257,-8.476,-1.161,0.566,-0.066,0.547,Frame_487,,49.41
09:56:48.757,-8.458,-1.060,0.574,-0.046,0.557,Frame_487,,49.41
09:56:49.257,-8.438,-0.947,0.567,-0.026,0.563,Frame_487,,49.41
09:56:49.757,-8.418,-0.837,0.551,-0.011,0.574,Frame_487,,49.41
09:56:50.257,-8.397,-0.728,0.554,-0.004,0.564,Frame_487,,49.41
09:56:50.757,-8.377,-0.618,0.570,-0.012,0.581,Frame_488,,49.41
09:56:51.257,-8.356,-0.507,0.569,0.016,0.583,Frame_488,,49.41
09:56:51.757,-8.335,-0.396,0.560,-0.034,0.570,Frame_488,,49.41
09:56:52.257,-8.312,-0.275,0.563,-0.032,0.579,Frame_488,,49.41
09:56:52.757,-8.290,-0.164,0.576,-0.010,0.594,Frame_488,,49.41
09:56:53.259,-8.268,-0.050,0.580,0.004,0.595,Frame_489,,49.41
09:56:53.757,-8.245,0.062,0.572,0.008,0.593,Frame_489,,49.41
09:56:54.257,-8.228,0.150,0.565,-0.000,0.597,Frame_489,,49.46
09:56:54.757,-8.206,0.260,0.555,0.020,0.594,Frame_489,,49.46
09:56:55.257,-8.180,0.394,0.576,0.023,0.599,Frame_489,,49.46
09:56:55.757,-8.163,0.482,0.560,0.016,0.595,Frame_490,,49.46
09:56:56.257,-8.142,0.593,0.554,0.015,0.603,Frame_490,,49.46
09:56:56.757,-8.121,0.702,0.558,0.002,0.602,Frame_490,,49.46
09:56:57.257,-8.103,0.801,0.570,0.002,0.620,Frame_490,,49.46
09:56:57.757,-8.084,0.902,0.576,-0.004,0.608,Frame_490,,49.46
09:56:58.259,-8.061,1.024,0.552,0.006,0.614,Frame_491,,49.46
09:56:58.757,-8.040,1.133,0.565,-0.002,0.623,Frame_491,,49.46
09:56:59.257,-8.019,1.245,0.567,0.007,0.622,Frame_491,,49.46
09:56:59.757,-7.998,1.356,0.562,0.022,0.625,Frame_491,,49.46
09:57:00.257,-7.980,1.455,0.561,0.023,0.622,Frame_491,,49.46
09:57:00.758,-7.960,1.566,0.582,0.006,0.639,Frame_492,,49.46
09:57:01.258,-7.940,1.680,0.565,0.017,0.633,Frame_492,,49.46
09:57:01.760,-7.920,1.790,0.553,-0.001,0.642,Frame_492,,49.46
09:57:02.257,-7.902,1.891,0.566,-0.024,0.644,Frame_492,,49.46
09:57:02.757,-7.882,2.002,0.575,0.002,0.647,Frame_492,,49.46
09:57:03.257,-7.862,2.114,0.559,-0.014,0.662,Frame_493,,49.46
09:57:03.757,-7.840,2.236,0.575,-0.034,0.660,Frame_493,,49.46
09:57:04.257,-7.819,2.350,0.576,-0.027,0.667,Frame_493,,49.46
09:57:04.758,-7.797,2.462,0.573,-0.018,0.660,Frame_493,,49.46
09:57:05.257,-7.775,2.573,0.565,-0.002,0.669,Frame_493,,49.46
09:57:05.758,-7.753,2.684,0.562,-0.006,0.710,Frame_494,,49.46
09:57:06.257,-7.735,2.774,0.584,-0.004,0.744,Frame_494,,49.46
09:57:06.757,-7.709,2.909,0.564,0.010,0.788,Frame_494,,49.46
09:57:07.257,-7.687,3.021,0.571,-0.011,0.790,Frame_494,,49.46
09:57:07.757,-7.664,3.133,0.579,0.006,0.791,Frame_494,,49.46
09:57:08.257,-7.642,3.246,0.583,-0.004,0.791,Frame_495,,49.46
09:57:08.757,-7.624,3.336,0.564,0.005,0.784,Frame_495,,49.46
09:57:09.258,-7.602,3.447,0.571,-0.004,0.780,Frame_495,,49.46
09:57:09.757,-7.582,3.547,0.556,0.007,0.752,Frame_495,,49.46
09:57:10.257,-7.560,3.657,0.564,-0.002,0.728,Frame_495,,49.46
09:57:10.757,-7.538,3.768,0.570,0.008,0.704,Frame_495,,49.46
09:57:11.257,-7.518,3.870,0.570,0.005,0.704,Frame_496,,49.46
09:57:11.757,-7.498,3.970,0.562,0.015,0.692,Frame_496,,49.46
09:57:12.257,-7.477,4.082,0.567,0.005,0.698,Frame_496,,49.46
09:57:12.757,-7.455,4.194,0.565,0.001,0.709,Frame_496,,49.46
09:57:13.257,-7.438,4.283,0.572,-0.011,0.706,Frame_496,,49.46
09:57:13.758,-7.419,4.383,0.557,0.005,0.700,Frame_497,,49.46
09:57:14.257,-7.399,4.482,0.558,-0.031,0.711,Frame_497,,49.46
09:57:14.757,-7.379,4.581,0.575,-0.004,0.710,Frame_497,,49.46
09:57:15.258,-7.357,4.694,0.570,-0.013,0.711,Frame_497,,49.46
09:57:15.757,-7.334,4.804,0.580,-0.012,0.720,Frame_497,,49.46
09:57:16.257,-7.315,4.895,0.582,-0.018,0.718,Frame_498,,49.46
09:57:16.757,-7.298,4.976,0.579,-0.011,0.711,Frame_498,,49.46
09:57:17.257,-7.274,5.089,0.574,0.008,0.722,Frame_498,,49.46
09:57:17.757,-7.257,5.168,0.579,-0.064,0.714,Frame_498,,49.46
09:57:18.257,-7.234,5.270,0.589,-0.111,0.725,Frame_498,,49.46
09:57:18.757,-7.206,5.384,0.586,-0.079,0.726,Frame_498,,49.46
09:57:19.258,-7.183,5.473,0.572,-0.042,0.717,Frame_499,,49.47
09:57:19.757,-7.159,5.564,0.581,-0.028,0.711,Frame_499,,49.47
09:57:20.257,-7.131,5.665,0.583,0.009,0.704,Frame_499,,49.47
09:57:20.757,-7.103,5.768,0.597,0.003,0.709,Frame_499,,49.47
09:57:21.257,-7.087,5.825,0.584,0.035,0.699,Frame_499,,49.47
09:57:21.757,-7.057,5.936,0.591,0.006,0.695,Frame_499,,49.47
09:57:22.259,-7.029,6.038,0.585,-0.063,0.684,Frame_500,,49.47
09:57:22.757,-7.011,6.106,0.574,-0.071,0.672,Frame_500,,49.47
09:57:23.257,-6.982,6.206,0.583,-0.037,0.681,Frame_500,,49.47
09:57:23.757,-6.962,6.273,0.591,-0.050,0.682,Frame_500,,49.47
09:57:24.257,-6.935,6.364,0.576,-0.014,0.662,Frame_500,,49.47
09:57:24.757,-6.912,6.438,0.534,-0.023,0.651,Frame_500,,49.47
09:57:25.257,-6.891,6.507,0.501,-0.068,0.655,Frame_500,,49.47
09:57:25.757,-6.872,6.564,0.501,-0.057,0.651,Frame_501,,49.47
09:57:26.257,-6.851,6.631,0.506,-0.017,0.645,Frame_501,,49.47
09:57:26.757,-6.825,6.708,0.501,-0.003,0.641,Frame_501,,49.47
09:57:27.260,-6.803,6.775,0.494,0.022,0.628,Frame_501,,49.47
09:57:27.757,-6.782,6.840,0.496,0.005,0.629,Frame_501,,49.47
09:57:28.257,-6.761,6.905,0.476,0.163,0.620,Frame_501,,49.47
09:57:28.757,-6.741,6.970,0.491,0.166,0.612,Frame_501,,49.47
09:57:29.257,-6.721,7.045,0.497,0.164,0.605,Frame_502,,49.57
09:57:29.759,-6.700,7.131,0.484,0.148,0.604,Frame_502,,49.57
09:57:30.257,-6.683,7.205,0.456,0.116,0.596,Frame_502,,49.57
09:57:30.760,-6.668,7.284,0.432,0.096,0.599,Frame_502,,49.57
09:57:31.257,-6.654,7.359,0.397,0.069,0.600,Frame_502,,49.57
09:57:31.757,-6.644,7.418,0.359,0.011,0.596,Frame_502,,49.57
09:57:32.257,-6.633,7.480,0.345,-0.332,0.608,Frame_503,,49.57
09:57:32.757,-6.620,7.541,0.348,-0.557,0.610,Frame_503,,49.57
09:57:33.257,-6.601,7.599,0.344,-0.653,0.611,Frame_503,,49.57
09:57:33.757,-6.585,7.636,0.307,-0.711,0.603,Frame_503,,49.57
09:57:34.257,-6.569,7.666,0.037,-0.697,0.607,Frame_503,,49.96
09:57:34.758,-6.578,7.653,-0.217,-0.681,0.596,Frame_503,,49.96
09:57:35.257,-6.598,7.629,-0.213,-0.751,0.626,Frame_503,,49.96
09:57:35.757,-6.622,7.607,-0.140,-0.822,0.641,Frame_504,,49.96
09:57:36.257,-6.634,7.598,-0.095,-0.871,0.656,Frame_504,,49.96
09:57:36.757,-6.644,7.592,-0.054,-0.934,0.677,Frame_504,,49.96
09:57:37.257,-6.652,7.588,-0.070,-0.991,0.694,Frame_504,,49.96
09:57:37.757,-6.658,7.587,-0.052,-1.019,0.688,Frame_504,,49.96
09:57:38.257,-6.664,7.586,-0.048,-1.023,0.713,Frame_504,,49.96
09:57:38.757,-6.671,7.586,-0.029,-1.063,0.712,Frame_504,,49.96
09:57:39.257,-6.674,7.586,-0.008,-1.091,0.726,Frame_505,,49.96
09:57:39.757,-6.673,7.586,0.006,-1.140,0.722,Frame_505,,49.96
09:57:40.257,-6.672,7.585,0.026,-1.156,0.716,Frame_505,,49.96
09:57:40.757,-6.668,7.582,0.043,-1.177,0.706,Frame_505,,49.96
09:57:41.257,-6.660,7.574,0.116,-1.109,0.696,Frame_505,,49.96
09:57:41.757,-6.650,7.561,0.195,-1.082,0.679,Frame_505,,49.96
09:57:42.257,-6.634,7.527,0.313,-0.967,0.646,Frame_505,,49.96
09:57:42.757,-6.620,7.488,0.425,-0.819,0.632,Frame_506,,49.96
09:57:43.258,-6.603,7.406,0.502,-0.679,0.580,Frame_506,,49.96
09:57:43.757,-6.596,7.345,0.510,-0.569,0.564,Frame_506,,49.96
09:57:44.257,-6.594,7.251,0.529,-0.462,0.515,Frame_506,,49.96
09:57:44.757,-6.596,7.186,0.557,-0.290,0.504,Frame_506,,49.96
09:57:45.257,-6.603,7.108,0.561,-0.223,0.484,Frame_506,,49.96
09:57:45.759,-6.614,7.019,0.554,-0.185,0.470,Frame_506,,49.96
09:57:46.257,-6.627,6.931,0.557,-0.151,0.450,Frame_507,,49.96
09:57:46.757,-6.645,6.832,0.558,-0.046,0.451,Frame_507,,49.96
09:57:47.257,-6.663,6.732,0.566,-0.029,0.445,Frame_507,,49.96
09:57:47.757,-6.684,6.622,0.559,0.003,0.438,Frame_507,,49.96
09:57:48.257,-6.704,6.522,0.555,-0.005,0.441,Frame_507,,49.96
09:57:48.757,-6.725,6.413,0.563,-0.015,0.432,Frame_508,,49.96
09:57:49.257,-6.748,6.292,0.550,-0.008,0.422,Frame_508,,50.37
09:57:49.757,-6.765,6.206,0.551,-0.002,0.427,Frame_508,,50.37
09:57:50.257,-6.787,6.098,0.552,0.002,0.422,Frame_508,,50.37
09:57:50.757,-6.808,5.991,0.542,-0.020,0.422,Frame_508,,50.37
09:57:51.257,-6.825,5.906,0.553,-0.016,0.417,Frame_508,,50.37
09:57:51.757,-6.845,5.808,0.567,0.001,0.412,Frame_509,,50.37
09:57:52.257,-6.868,5.697,0.561,-0.001,0.416,Frame_509,,50.37
09:57:52.757,-6.887,5.600,0.548,-0.005,0.408,Frame_509,,50.37
09:57:53.257,-6.910,5.490,0.559,0.000,0.402,Frame_509,,50.37
09:57:53.757,-6.932,5.381,0.561,-0.010,0.406,Frame_509,,50.37
09:57:54.261,-6.952,5.283,0.559,-0.009,0.408,Frame_510,,50.37
09:57:54.757,-6.970,5.196,0.556,-0.003,0.400,Frame_510,,50.37
09:57:55.257,-6.993,5.086,0.550,0.004,0.395,Frame_510,,50.37
09:57:55.757,-7.011,5.000,0.546,0.018,0.395,Frame_510,,50.37
09:57:56.257,-7.032,4.893,0.544,0.022,0.384,Frame_510,,50.37
09:57:56.757,-7.053,4.788,0.537,0.037,0.390,Frame_511,,50.37
09:57:57.257,-7.073,4.684,0.526,0.016,0.387,Frame_511,,50.37
09:57:57.757,-7.093,4.582,0.513,-0.006,0.370,Frame_511,,50.37
09:57:58.257,-7.109,4.492,0.498,-0.013,0.376,Frame_511,,50.37
09:57:58.757,-7.128,4.394,0.499,-0.014,0.373,Frame_511,,50.37
09:57:59.257,-7.146,4.301,0.470,-0.003,0.369,Frame_512,,50.37
09:57:59.757,-7.162,4.217,0.492,0.028,0.360,Frame_512,,50.37
09:58:00.257,-7.182,4.110,0.505,0.085,0.361,Frame_512,,50.37
09:58:00.757,-7.195,4.040,0.511,0.137,0.350,Frame_512,,50.37
09:58:01.262,-7.209,3.948,0.525,0.180,0.354,Frame_512,,50.37
09:58:01.757,-7.218,3.875,0.511,0.217,0.351,Frame_512,,50.37
09:58:02.258,-7.226,3.794,0.519,0.264,0.346,Frame_513,,50.37
09:58:02.757,-7.230,3.700,0.531,0.342,0.332,Frame_513,,50.37
09:58:03.257,-7.230,3.637,0.487,0.450,0.327,Frame_513,,50.37
09:58:03.757,-7.224,3.548,0.519,0.507,0.300,Frame_513,,50.37
09:58:04.257,-7.215,3.486,0.530,0.535,0.303,Frame_513,,50.37
09:58:04.757,-7.192,3.384,0.528,0.536,0.317,Frame_513,,50.37
09:58:05.257,-7.169,3.311,0.564,0.499,0.336,Frame_513,,50.37
09:58:05.759,-7.134,3.226,0.577,0.427,0.366,Frame_514,,50.37
09:58:06.257,-7.103,3.162,0.618,0.289,0.418,Frame_514,,50.37
09:58:06.757,-7.050,3.062,0.652,0.017,0.460,Frame_514,,50.37
09:58:07.260,-7.012,2.994,0.635,0.050,0.521,Frame_514,,50.37
09:58:07.757,-6.958,2.896,0.615,0.052,0.571,Frame_514,,50.37
09:58:08.257,-6.921,2.831,0.614,0.003,0.627,Frame_514,,50.37
09:58:08.757,-6.878,2.757,0.616,0.005,0.629,Frame_514,,50.37
09:58:09.257,-6.830,2.672,0.606,0.002,0.601,Frame_515,,50.37
09:58:09.759,-6.781,2.587,0.610,-0.004,0.533,Frame_515,,50.37
09:58:10.257,-6.740,2.514,0.601,-0.035,0.505,Frame_515,,50.37
09:58:10.757,-6.693,2.431,0.580,-0.030,0.466,Frame_515,,50.37
09:58:11.257,-6.653,2.360,0.580,-0.066,0.479,Frame_515,,50.37
09:58:11.758,-6.609,2.279,0.572,-0.057,0.490,Frame_515,,50.37
09:58:12.257,-6.571,2.209,0.561,-0.014,0.499,Frame_516,,50.37
09:58:12.757,-6.530,2.131,0.544,0.012,0.528,Frame_516,,50.37
09:58:13.257,-6.494,2.064,0.539,0.017,0.591,Frame_516,,50.37
09:58:13.757,-6.453,1.988,0.536,0.011,0.622,Frame_516,,50.37
09:58:14.257,-6.412,1.912,0.542,0.031,0.696,Frame_516,,50.37
09:58:14.757,-6.370,1.835,0.543,0.055,0.729,Frame_516,,50.37
09:58:15.257,-6.339,1.778,0.551,0.061,0.669,Frame_516,,50.37
09:58:15.760,-6.295,1.701,0.552,0.060,0.637,Frame_517,,50.37
09:58:16.257,-6.251,1.626,0.556,0.117,0.578,Frame_517,,50.37
09:58:16.763,-6.204,1.548,0.579,0.170,0.540,Frame_517,,50.37
09:58:17.257,-6.167,1.490,0.574,0.224,0.499,Frame_517,,50.37
09:58:17.757,-6.109,1.406,0.560,0.253,0.475,Frame_517,,50.37
09:58:18.259,-6.075,1.360,0.548,0.383,0.466,Frame_517,,50.37
09:58:18.757,-6.041,1.317,0.557,0.464,0.465,Frame_517,,50.37
09:58:19.257,-5.980,1.249,0.590,0.437,0.449,Frame_518,,50.37
09:58:19.757,-5.920,1.190,0.620,0.360,0.465,Frame_518,,50.37
09:58:20.258,-5.845,1.125,0.645,0.303,0.477,Frame_518,,50.37
09:58:20.757,-5.775,1.069,0.630,0.205,0.518,Frame_518,,50.37
09:58:21.257,-5.694,1.009,0.622,0.184,0.562,Frame_518,,50.37
09:58:21.757,-5.623,0.959,0.616,0.134,0.591,Frame_518,,50.37
09:58:22.257,-5.553,0.912,0.608,0.104,0.635,Frame_518,,50.37
09:58:22.757,-5.473,0.860,0.589,0.108,0.659,Frame_519,,50.37
09:58:23.257,-5.402,0.816,0.579,0.057,0.700,Frame_519,,50.37
09:58:23.757,-5.325,0.768,0.551,0.013,0.723,Frame_519,,50.37
09:58:24.257,-5.279,0.740,0.504,0.019,0.733,Frame_519,,50.38
09:58:24.759,-5.203,0.694,0.495,0.039,0.709,Frame_519,,50.38
09:58:25.258,-5.144,0.659,0.473,0.026,0.667,Frame_519,,50.38
09:58:25.757,-5.087,0.626,0.455,0.043,0.654,Frame_519,,50.38
09:58:26.257,-5.026,0.590,0.449,0.002,0.626,Frame_520,,50.38
09:58:26.757,-4.964,0.554,0.436,0.012,0.615,Frame_520,,50.38
09:58:27.257,-4.912,0.524,0.434,0.013,0.578,Frame_520,,50.38
09:58:27.757,-4.845,0.486,0.415,-0.009,0.572,Frame_520,,50.38
09:58:28.257,-4.809,0.465,0.392,-0.021,0.541,Frame_520,,50.38
09:58:28.757,-4.741,0.426,0.381,-0.034,0.546,Frame_520,,50.38
09:58:29.257,-4.702,0.403,0.384,-0.043,0.498,Frame_520,,50.38
09:58:29.757,-4.644,0.369,0.371,-0.045,0.510,Frame_521,,50.38
09:58:30.257,-4.599,0.342,0.358,-0.088,0.474,Frame_521,,50.38
09:58:30.757,-4.555,0.315,0.374,-0.133,0.478,Frame_521,,50.38
09:58:31.258,-4.503,0.282,0.388,-0.164,0.440,Frame_521,,50.38
09:58:31.757,-4.452,0.247,0.389,-0.235,0.437,Frame_521,,50.38
09:58:32.257,-4.408,0.215,0.385,-0.342,0.409,Frame_521,,50.38
09:58:32.757,-4.359,0.175,0.412,-0.404,0.386,Frame_522,,50.38
09:58:33.258,-4.316,0.136,0.411,-0.453,0.365,Frame_522,,50.38
09:58:33.757,-4.272,0.089,0.402,-0.527,0.354,Frame_522,,50.38
09:58:34.257,-4.238,0.046,0.389,-0.574,0.320,Frame_522,,50.67
09:58:34.757,-4.207,0.003,0.383,-0.631,0.299,Frame_522,,50.67
09:58:35.257,-4.184,-0.039,0.399,-0.633,0.309,Frame_522,,50.67
09:58:35.759,-4.154,-0.104,0.385,-0.653,0.286,Frame_523,,50.67
09:58:36.257,-4.139,-0.148,0.409,-0.639,0.285,Frame_523,,50.67
09:58:36.757,-4.122,-0.222,0.440,-0.608,0.295,Frame_523,,50.67
09:58:37.257,-4.115,-0.275,0.481,-0.531,0.306,Frame_523,,50.67
09:58:37.757,-4.110,-0.354,0.510,-0.425,0.327,Frame_523,,50.67
09:58:38.257,-4.111,-0.427,0.546,-0.352,0.367,Frame_523,,50.67
09:58:38.757,-4.116,-0.513,0.546,-0.258,0.370,Frame_523,,50.67
09:58:39.257,-4.124,-0.589,0.543,-0.144,0.405,Frame_524,,50.67
09:58:39.757,-4.132,-0.654,0.539,-0.113,0.469,Frame_524,,50.67
09:58:40.257,-4.146,-0.750,0.545,-0.076,0.496,Frame_524,,50.67
09:58:40.757,-4.156,-0.815,0.560,-0.067,0.567,Frame_524,,50.67
09:58:41.257,-4.174,-0.924,0.542,-0.053,0.612,Frame_524,,50.67
09:58:41.757,-4.185,-0.989,0.558,-0.035,0.697,Frame_524,,50.67
09:58:42.259,-4.203,-1.088,0.550,-0.014,0.752,Frame_524,,50.67
09:58:42.757,-4.221,-1.186,0.561,0.044,0.698,Frame_525,,50.67
09:58:43.259,-4.237,-1.274,0.552,0.094,0.611,Frame_525,,50.67
09:58:43.757,-4.249,-1.350,0.556,0.095,0.575,Frame_525,,50.67
09:58:44.257,-4.261,-1.426,0.544,0.076,0.507,Frame_525,,50.69
09:58:44.757,-4.273,-1.513,0.545,0.054,0.486,Frame_525,,50.69
09:58:45.257,-4.283,-1.588,0.539,0.056,0.444,Frame_525,,50.69
09:58:45.757,-4.293,-1.675,0.562,0.012,0.408,Frame_526,,50.69
09:58:46.257,-4.302,-1.752,0.560,-0.051,0.432,Frame_526,,50.69
09:58:46.757,-4.312,-1.830,0.566,-0.055,0.421,Frame_526,,50.69
09:58:47.257,-4.322,-1.906,0.548,0.070,0.442,Frame_526,,50.69
09:58:47.757,-4.332,-1.992,0.525,0.114,0.449,Frame_526,,50.69
09:58:48.257,-4.338,-2.056,0.535,0.006,0.440,Frame_526,,50.69
09:58:48.757,-4.346,-2.131,0.545,-0.008,0.467,Frame_526,,50.69
09:58:49.260,-4.355,-2.216,0.532,-0.079,0.478,Frame_526,,50.69
09:58:49.757,-4.366,-2.304,0.565,-0.068,0.491,Frame_527,,50.69
09:58:50.257,-4.376,-2.383,0.564,-0.063,0.486,Frame_527,,50.69
09:58:50.757,-4.388,-2.472,0.554,-0.046,0.501,Frame_527,,50.69
09:58:51.258,-4.399,-2.548,0.541,0.041,0.509,Frame_527,,50.69
09:58:51.757,-4.408,-2.612,0.543,0.076,0.476,Frame_527,,50.69
09:58:52.257,-4.421,-2.710,0.553,0.053,0.464,Frame_527,,50.69
09:58:52.758,-4.429,-2.776,0.540,0.058,0.453,Frame_528,,50.69
09:58:53.257,-4.439,-2.861,0.531,0.027,0.440,Frame_528,,50.69
09:58:53.757,-4.446,-2.925,0.522,0.043,0.435,Frame_528,,50.69
09:58:54.257,-4.454,-3.008,0.523,-0.020,0.466,Frame_528,,50.74
09:58:54.760,-4.462,-3.082,0.521,0.013,0.493,Frame_528,,50.74
09:58:55.260,-4.472,-3.173,0.505,0.090,0.542,Frame_528,,50.74
09:58:55.757,-4.477,-3.232,0.479,0.121,0.557,Frame_528,,50.74
09:58:56.257,-4.484,-3.317,0.471,0.085,0.598,Frame_529,,50.74
09:58:56.757,-4.487,-3.373,0.447,0.073,0.604,Frame_529,,50.74
09:58:57.257,-4.491,-3.452,0.413,0.089,0.614,Frame_529,,50.74
09:58:57.757,-4.493,-3.507,0.369,0.105,0.623,Frame_529,,50.74
09:58:58.257,-4.495,-3.565,0.345,0.118,0.636,Frame_529,,50.74
09:58:58.757,-4.495,-3.607,0.366,0.388,0.645,Frame_529,,50.74
09:58:59.257,-4.491,-3.675,0.391,0.540,0.656,Frame_530,,50.92
09:58:59.757,-4.485,-3.722,0.386,0.616,0.661,Frame_530,,50.92
09:59:00.259,-4.473,-3.781,0.360,0.637,0.674,Frame_530,,50.92
09:59:00.757,-4.458,-3.827,0.305,0.662,0.705,Frame_530,,50.92
09:59:01.257,-4.440,-3.869,0.260,0.654,0.721,Frame_530,,50.92
09:59:01.757,-4.424,-3.899,0.213,0.636,0.735,Frame_530,,50.92
09:59:02.257,-4.405,-3.926,0.166,0.616,0.702,Frame_530,,50.92
09:59:02.757,-4.396,-3.938,0.136,0.606,0.706,Frame_530,,50.92
09:59:03.257,-4.384,-3.951,0.106,0.569,0.678,Frame_531,,50.92
09:59:03.759,-4.373,-3.961,0.077,0.536,0.674,Frame_531,,50.92
09:59:04.257,-4.365,-3.966,0.019,0.417,0.679,Frame_531,,50.92
09:59:04.757,-4.367,-3.965,-0.042,0.186,0.671,Frame_531,,50.92
09:59:05.257,-4.371,-3.962,-0.030,-0.075,0.671,Frame_531,,50.92
09:59:05.760,-4.373,-3.961,-0.003,-0.402,0.672,Frame_531,,50.92
09:59:06.257,-4.373,-3.961,0.011,-0.605,0.680,Frame_531,,50.92
09:59:06.757,-4.372,-3.962,0.018,-0.795,0.667,Frame_532,,50.92
09:59:07.257,-4.369,-3.965,0.051,-0.900,0.663,Frame_532,,50.92
09:59:07.757,-4.364,-3.972,0.083,-0.965,0.659,Frame_532,,50.92
09:59:08.257,-4.357,-3.985,0.154,-1.009,0.637,Frame_532,,50.92
09:59:08.757,-4.348,-4.007,0.281,-0.941,0.603,Frame_532,,50.92
09:59:09.257,-4.335,-4.063,0.428,-0.819,0.589,Frame_532,,50.92
09:59:09.757,-4.328,-4.126,0.503,-0.719,0.547,Frame_532,,50.92
09:59:10.257,-4.328,-4.208,0.530,-0.607,0.539,Frame_533,,50.92
09:59:10.757,-4.335,-4.286,0.580,-0.432,0.502,Frame_533,,50.92
09:59:11.257,-4.349,-4.377,0.580,-0.330,0.496,Frame_533,,50.92
09:59:11.757,-4.368,-4.468,0.587,-0.254,0.489,Frame_533,,50.92
09:59:12.257,-4.398,-4.581,0.589,-0.190,0.486,Frame_533,,50.92
09:59:12.757,-4.421,-4.660,0.591,-0.113,0.483,Frame_533,,50.92
09:59:13.257,-4.449,-4.749,0.576,-0.069,0.471,Frame_534,,50.92
09:59:13.757,-4.470,-4.813,0.202,-0.634,0.493,Frame_534,,50.92
09:59:14.257,-4.480,-4.837,0.126,-0.820,0.505,Frame_534,,52.28
09:59:14.757,-4.492,-4.857,0.203,-0.910,0.497,Frame_534,,52.28
09:59:15.257,-4.513,-4.884,0.317,-0.922,0.489,Frame_534,,52.28
09:59:15.760,-4.548,-4.919,0.461,-0.809,0.501,Frame_534,,52.28
09:59:16.257,-4.609,-4.966,0.526,-0.709,0.527,Frame_534,,52.28
09:59:16.757,-4.674,-5.005,0.563,-0.538,0.550,Frame_535,,52.28
09:59:17.257,-4.766,-5.051,0.577,-0.492,0.615,Frame_535,,52.28
09:59:17.757,-4.828,-5.076,0.544,-0.544,0.656,Frame_535,,52.28
09:59:18.257,-4.921,-5.105,0.548,-0.452,0.740,Frame_535,,52.28
09:59:18.757,-4.986,-5.120,0.558,-0.359,0.738,Frame_535,,52.28
09:59:19.257,-5.084,-5.138,0.562,-0.279,0.704,Frame_535,,52.81
09:59:19.757,-5.152,-5.147,0.565,-0.216,0.679,Frame_536,,52.81
09:59:20.257,-5.242,-5.156,0.572,-0.166,0.623,Frame_536,,52.81
09:59:20.758,-5.322,-5.162,0.560,-0.048,0.597,Frame_536,,52.81
09:59:21.257,-5.399,-5.167,0.552,-0.005,0.575,Frame_536,,52.81
09:59:21.757,-5.486,-5.173,0.535,-0.001,0.589,Frame_536,,52.81
09:59:22.257,-5.571,-5.178,0.521,-0.003,0.581,Frame_536,,52.81
09:59:22.757,-5.643,-5.183,0.502,-0.039,0.587,Frame_536,,52.81
09:59:23.257,-5.722,-5.188,0.489,-0.042,0.604,Frame_537,,52.81
09:59:23.757,-5.790,-5.191,0.485,-0.071,0.637,Frame_537,,52.81
09:59:24.257,-5.867,-5.195,0.488,-0.064,0.659,Frame_537,,53.25
09:59:24.757,-5.936,-5.198,0.493,-0.071,0.709,Frame_537,,53.25
09:59:25.257,-6.015,-5.200,0.480,-0.084,0.729,Frame_537,,53.25
09:59:25.757,-6.091,-5.201,0.470,-0.080,0.742,Frame_537,,53.25
09:59:26.257,-6.165,-5.201,0.455,-0.083,0.783,Frame_537,,53.25
09:59:26.757,-6.227,-5.200,0.426,-0.068,0.801,Frame_538,,53.25
09:59:27.257,-6.292,-5.198,0.387,-0.054,0.833,Frame_538,,53.25
09:59:27.757,-6.352,-5.197,0.358,-0.043,0.818,Frame_538,,53.25
09:59:28.257,-6.400,-5.195,0.319,-0.032,0.800,Frame_538,,53.25
09:59:28.757,-6.444,-5.193,0.328,0.236,0.796,Frame_538,,53.25
09:59:29.257,-6.496,-5.192,0.324,0.475,0.772,Frame_538,,53.25
09:59:29.757,-6.540,-5.195,0.293,0.679,0.751,Frame_538,,53.25
09:59:30.258,-6.586,-5.202,0.274,0.892,0.741,Frame_539,,53.25
09:59:30.757,-6.624,-5.214,0.218,1.069,0.721,Frame_539,,53.25
09:59:31.257,-6.651,-5.227,0.165,1.186,0.707,Frame_539,,53.25
09:59:31.757,-6.667,-5.239,0.117,1.229,0.697,Frame_539,,53.25
09:59:32.257,-6.676,-5.248,0.063,1.252,0.689,Frame_539,,53.25
09:59:32.757,-6.679,-5.252,-0.002,1.249,0.682,Frame_539,,53.25
09:59:33.257,-6.677,-5.248,-0.044,1.220,0.690,Frame_540,,53.25
09:59:33.757,-6.676,-5.241,-0.082,1.162,0.688,Frame_540,,53.25
09:59:34.257,-6.675,-5.223,-0.115,1.095,0.704,Frame_540,,53.84
09:59:34.757,-6.678,-5.204,-0.165,0.989,0.725,Frame_540,,53.84
09:59:35.257,-6.684,-5.185,-0.165,0.923,0.744,Frame_540,,53.84
09:59:35.757,-6.694,-5.161,-0.198,0.867,0.755,Frame_540,,53.84
09:59:36.257,-6.711,-5.133,-0.227,0.874,0.766,Frame_540,,53.84
09:59:36.757,-6.735,-5.102,-0.264,0.823,0.782,Frame_541,,53.84
09:59:37.258,-6.763,-5.075,-0.286,0.752,0.792,Frame_541,,53.84
09:59:37.757,-6.796,-5.050,-0.312,0.744,0.801,Frame_541,,53.84
09:59:38.257,-6.841,-5.022,-0.326,0.667,0.806,Frame_541,,53.84
09:59:38.757,-6.881,-5.002,-0.316,0.640,0.802,Frame_541,,53.84
09:59:39.257,-6.937,-4.982,-0.333,0.603,0.795,Frame_541,,53.84
09:59:39.757,-6.987,-4.969,-0.321,0.553,0.795,Frame_542,,53.84
09:59:40.257,-7.037,-4.961,-0.303,0.493,0.780,Frame_542,,53.84
09:59:40.757,-7.080,-4.958,-0.302,0.447,0.758,Frame_542,,53.84
09:59:41.257,-7.126,-4.957,-0.311,0.431,0.744,Frame_542,,53.84
09:59:41.757,-7.170,-4.959,-0.292,0.429,0.710,Frame_542,,53.84
09:59:42.257,-7.214,-4.964,-0.258,0.413,0.685,Frame_542,,53.84
09:59:42.757,-7.249,-4.970,-0.235,0.392,0.663,Frame_542,,53.84
09:59:43.257,-7.284,-4.979,-0.212,0.386,0.656,Frame_543,,53.84
09:59:43.760,-7.311,-4.987,-0.188,0.373,0.627,Frame_543,,53.84
09:59:44.257,-7.338,-4.996,-0.199,0.431,0.604,Frame_543,,54.44
09:59:44.757,-7.364,-5.008,-0.194,0.493,0.579,Frame_543,,54.44
09:59:45.257,-7.389,-5.021,-0.151,0.639,0.567,Frame_543,,54.44
09:59:45.757,-7.406,-5.032,-0.080,0.734,0.533,Frame_543,,54.44
09:59:46.257,-7.412,-5.037,-0.065,0.845,0.524,Frame_544,,54.44
09:59:46.757,-7.419,-5.044,-0.054,0.880,0.512,Frame_544,,54.44
09:59:47.257,-7.423,-5.050,-0.028,0.933,0.508,Frame_544,,54.44
09:59:47.757,-7.425,-5.053,-0.020,1.001,0.486,Frame_544,,54.44
09:59:48.257,-7.425,-5.054,0.003,1.067,0.480,Frame_544,,54.44
09:59:48.758,-7.425,-5.052,0.023,1.113,0.474,Frame_544,,54.44
09:59:49.257,-7.425,-5.046,0.051,1.112,0.496,Frame_544,,55.14
09:59:49.757,-7.427,-5.036,0.109,1.097,0.490,Frame_545,,55.14
09:59:50.257,-7.434,-5.018,0.199,1.060,0.518,Frame_545,,55.14
09:59:50.757,-7.453,-4.985,0.356,0.931,0.535,Frame_545,,55.14
09:59:51.257,-7.486,-4.944,0.464,0.854,0.582,Frame_545,,55.14
09:59:51.757,-7.532,-4.899,0.459,0.819,0.608,Frame_545,,55.14
09:59:52.257,-7.575,-4.864,0.489,0.718,0.636,Frame_545,,55.14
09:59:52.757,-7.651,-4.815,0.530,0.559,0.673,Frame_545,,55.14
09:59:53.257,-7.709,-4.784,0.536,0.406,0.689,Frame_546,,55.14
09:59:53.757,-7.763,-4.759,0.150,0.475,0.698,Frame_546,,55.14
09:59:54.257,-7.751,-4.763,-0.255,0.373,0.710,Frame_546,,55.70
09:59:54.758,-7.710,-4.775,-0.271,0.360,0.707,Frame_546,,55.70
09:59:55.257,-7.678,-4.782,-0.263,0.362,0.719,Frame_546,,55.70
09:59:55.757,-7.636,-4.789,-0.275,0.385,0.717,Frame_546,,55.70
09:59:56.257,-7.598,-4.794,-0.273,0.367,0.745,Frame_546,,55.70
09:59:56.757,-7.559,-4.797,-0.301,0.276,0.752,Frame_547,,55.70
09:59:57.257,-7.515,-4.798,-0.334,0.200,0.759,Frame_547,,55.70
09:59:57.757,-7.469,-4.798,-0.302,0.055,0.788,Frame_547,,55.70
09:59:58.257,-7.422,-4.797,-0.288,-0.013,0.793,Frame_547,,55.70
09:59:58.757,-7.377,-4.797,-0.268,0.018,0.821,Frame_547,,55.70
09:59:59.257,-7.339,-4.796,-0.263,0.034,0.823,Frame_547,,55.70
09:59:59.757,-7.296,-4.795,-0.278,0.020,0.825,Frame_547,,55.70
10:00:00.257,-7.255,-4.795,-0.290,-0.009,0.807,Frame_548,,55.70
10:00:00.757,-7.208,-4.794,-0.289,0.079,0.792,Frame_548,,55.70
10:00:01.257,-7.160,-4.792,-0.304,0.126,0.780,Frame_548,,55.70
10:00:01.757,-7.110,-4.790,-0.349,0.080,0.757,Frame_548,,55.70
10:00:02.257,-7.061,-4.786,-0.343,0.055,0.729,Frame_548,,55.70
10:00:02.757,-7.006,-4.782,-0.347,0.047,0.713,Frame_549,,55.70
10:00:03.257,-6.954,-4.778,-0.316,0.038,0.677,Frame_549,,55.70
10:00:03.757,-6.916,-4.775,-0.279,0.014,0.670,Frame_549,,55.70
10:00:04.257,-6.866,-4.770,-0.199,0.085,0.651,Frame_549,,55.70
10:00:04.757,-6.838,-4.767,-0.225,0.210,0.632,Frame_549,,55.70
10:00:05.257,-6.800,-4.763,-0.309,0.039,0.625,Frame_549,,55.70
10:00:05.760,-6.756,-4.757,-0.321,-0.035,0.593,Frame_549,,55.70
10:00:06.257,-6.712,-4.751,-0.312,-0.097,0.581,Frame_550,,55.70
10:00:06.757,-6.664,-4.746,-0.300,-0.171,0.557,Frame_550,,55.70
10:00:07.257,-6.623,-4.743,-0.283,-0.203,0.541,Frame_550,,55.70
10:00:07.757,-6.584,-4.740,-0.254,-0.245,0.516,Frame_550,,55.70
10:00:08.257,-6.544,-4.740,-0.233,-0.295,0.516,Frame_550,,55.70
10:00:08.757,-6.505,-4.741,-0.253,-0.269,0.506,Frame_550,,55.70
10:00:09.257,-6.468,-4.743,-0.273,-0.235,0.497,Frame_550,,55.72
10:00:09.757,-6.430,-4.747,-0.271,-0.188,0.485,Frame_551,,55.72
10:00:10.257,-6.393,-4.752,-0.254,-0.190,0.481,Frame_551,,55.72
10:00:10.757,-6.357,-4.757,-0.250,-0.138,0.469,Frame_551,,55.72
10:00:11.257,-6.323,-4.763,-0.242,-0.084,0.474,Frame_551,,55.72
10:00:11.757,-6.285,-4.770,-0.236,-0.026,0.466,Frame_551,,55.72
10:00:12.257,-6.249,-4.777,-0.228,0.030,0.463,Frame_551,,55.72
10:00:12.757,-6.219,-4.783,-0.204,0.088,0.447,Frame_551,,55.72
10:00:13.257,-6.191,-4.788,-0.204,0.141,0.454,Frame_552,,55.72
10:00:13.758,-6.159,-4.793,-0.198,0.169,0.448,Frame_552,,55.72
10:00:14.257,-6.127,-4.797,-0.208,0.299,0.434,Frame_552,,55.72
10:00:14.757,-6.098,-4.800,-0.218,0.405,0.418,Frame_552,,55.72
10:00:15.257,-6.063,-4.801,-0.217,0.501,0.414,Frame_552,,55.72
10:00:15.757,-6.029,-4.799,-0.189,0.623,0.387,Frame_552,,55.72
10:00:16.260,-6.002,-4.795,-0.158,0.710,0.376,Frame_552,,55.72
10:00:16.757,-5.980,-4.789,-0.154,0.729,0.352,Frame_553,,55.72
10:00:17.257,-5.961,-4.782,-0.086,0.864,0.333,Frame_553,,55.72
10:00:17.757,-5.954,-4.778,-0.049,0.970,0.316,Frame_553,,55.72
10:00:18.259,-5.948,-4.774,-0.051,1.043,0.311,Frame_553,,55.72
10:00:18.757,-5.944,-4.770,-0.023,1.080,0.290,Frame_553,,55.72
10:00:19.257,-5.942,-4.767,-0.023,1.163,0.270,Frame_553,,55.72
10:00:19.759,-5.940,-4.764,0.000,1.231,0.264,Frame_554,,55.72
10:00:20.257,-5.940,-4.764,0.011,1.308,0.274,Frame_554,,55.72
10:00:20.757,-5.940,-4.767,0.032,1.327,0.280,Frame_554,,55.72
10:00:21.257,-5.939,-4.772,0.054,1.277,0.275,Frame_554,,55.72
10:00:21.757,-5.937,-4.782,0.108,1.251,0.290,Frame_554,,55.72
10:00:22.257,-5.927,-4.801,0.167,1.214,0.316,Frame_554,,55.72
10:00:22.757,-5.909,-4.824,0.273,1.148,0.328,Frame_554,,55.72
10:00:23.257,-5.883,-4.849,0.337,1.081,0.357,Frame_555,,55.72
10:00:23.757,-5.836,-4.881,0.375,0.993,0.379,Frame_555,,55.72
10:00:24.257,-5.787,-4.906,0.432,0.923,0.393,Frame_555,,55.73
10:00:24.757,-5.712,-4.930,0.445,0.861,0.418,Frame_555,,55.73
10:00:25.257,-5.644,-4.941,0.422,0.811,0.419,Frame_555,,55.73
10:00:25.757,-5.583,-4.944,0.461,0.768,0.417,Frame_555,,55.73
10:00:26.257,-5.518,-4.939,0.491,0.745,0.391,Frame_555,,55.73
10:00:26.758,-5.439,-4.925,0.499,0.695,0.372,Frame_556,,55.73
10:00:27.259,-5.362,-4.902,0.525,0.576,0.366,Frame_556,,55.73
10:00:27.757,-5.291,-4.873,0.575,0.504,0.339,Frame_556,,55.73
10:00:28.257,-5.207,-4.832,0.580,0.495,0.327,Frame_556,,55.73
10:00:28.757,-5.137,-4.792,0.580,0.451,0.336,Frame_556,,55.73
10:00:29.257,-5.069,-4.745,0.594,0.408,0.341,Frame_556,,55.76
10:00:29.757,-4.993,-4.687,0.604,0.326,0.391,Frame_557,,55.76
10:00:30.257,-4.937,-4.640,0.625,0.286,0.436,Frame_557,,55.76
10:00:30.758,-4.865,-4.574,0.617,0.171,0.473,Frame_557,,55.76
10:00:31.257,-4.805,-4.516,0.582,0.122,0.532,Frame_557,,55.76
10:00:31.757,-4.730,-4.441,0.574,0.108,0.561,Frame_557,,55.76
10:00:32.257,-4.684,-4.393,0.548,0.084,0.580,Frame_557,,55.76
10:00:32.757,-4.624,-4.329,0.535,0.023,0.628,Frame_557,,55.76
10:00:33.257,-4.561,-4.261,0.502,0.004,0.674,Frame_558,,55.76
10:00:33.761,-4.514,-4.210,0.483,0.033,0.692,Frame_558,,55.76
10:00:34.257,-4.463,-4.154,0.473,0.038,0.728,Frame_558,,55.84
10:00:34.757,-4.420,-4.106,0.432,-0.015,0.711,Frame_558,,55.84
10:00:35.257,-4.366,-4.047,0.435,-0.034,0.676,Frame_558,,55.84
10:00:35.757,-4.326,-4.003,0.421,-0.005,0.667,Frame_558,,55.84
10:00:36.257,-4.275,-3.947,0.412,-0.010,0.630,Frame_559,,55.84
10:00:36.757,-4.236,-3.906,0.399,0.000,0.601,Frame_559,,55.84
10:00:37.257,-4.193,-3.859,0.390,-0.010,0.585,Frame_559,,55.84
10:00:37.757,-4.157,-3.820,0.379,0.035,0.547,Frame_559,,55.84
10:00:38.257,-4.117,-3.776,0.349,-0.032,0.538,Frame_559,,55.84
10:00:38.757,-4.079,-3.735,0.353,-0.066,0.514,Frame_559,,55.84
10:00:39.257,-4.046,-3.700,0.346,-0.066,0.499,Frame_559,,55.84
10:00:39.758,-4.008,-3.660,0.339,-0.094,0.467,Frame_560,,55.84
10:00:40.257,-3.971,-3.622,0.331,-0.139,0.429,Frame_560,,55.84
10:00:40.757,-3.929,-3.582,0.303,-0.210,0.427,Frame_560,,55.84
10:00:41.257,-3.902,-3.557,0.306,-0.253,0.395,Frame_560,,55.84
10:00:41.757,-3.859,-3.521,0.308,-0.292,0.386,Frame_560,,55.84
10:00:42.257,-3.829,-3.498,0.324,-0.338,0.358,Frame_560,,55.84
10:00:42.757,-3.781,-3.465,0.349,-0.396,0.348,Frame_561,,55.84
10:00:43.257,-3.746,-3.444,0.321,-0.432,0.338,Frame_561,,55.84
10:00:43.757,-3.701,-3.419,0.325,-0.492,0.322,Frame_561,,55.84
10:00:44.257,-3.666,-3.404,0.307,-0.529,0.322,Frame_561,,55.84
10:00:44.757,-3.620,-3.387,0.307,-0.579,0.308,Frame_561,,55.84
10:00:45.257,-3.578,-3.377,0.333,-0.673,0.311,Frame_561,,55.84
10:00:45.757,-3.524,-3.368,0.343,-0.725,0.319,Frame_561,,55.84
10:00:46.257,-3.472,-3.366,0.396,-0.762,0.316,Frame_562,,55.84
10:00:46.758,-3.403,-3.371,0.394,-0.765,0.317,Frame_562,,55.84
10:00:47.257,-3.356,-3.380,0.380,-0.801,0.330,Frame_562,,55.84
10:00:47.757,-3.279,-3.405,0.436,-0.796,0.345,Frame_562,,55.84
10:00:48.257,-3.223,-3.432,0.469,-0.735,0.359,Frame_562,,55.84
10:00:48.757,-3.157,-3.474,0.516,-0.642,0.354,Frame_562,,55.84
10:00:49.257,-3.090,-3.527,0.554,-0.570,0.377,Frame_562,,55.88
10:00:49.758,-3.031,-3.582,0.587,-0.453,0.408,Frame_563,,55.88
10:00:50.257,-2.974,-3.642,0.590,-0.353,0.462,Frame_563,,55.88
10:00:50.757,-2.913,-3.714,0.590,-0.298,0.472,Frame_563,,55.88
10:00:51.257,-2.864,-3.778,0.578,-0.250,0.543,Frame_563,,55.88
10:00:51.757,-2.813,-3.849,0.299,0.000,0.590,Frame_563,"Chiave 5 raccolta! [X: -2.831, Y: -3.824]",55.88
10:00:52.257,-2.797,-3.874,0.321,-0.033,0.623,Frame_563,,55.88
10:00:52.757,-2.765,-3.921,0.410,-0.035,0.652,Frame_564,,55.88
10:00:53.257,-2.735,-3.966,0.477,0.004,0.674,Frame_564,,55.88
10:00:53.757,-2.692,-4.030,0.495,0.000,0.723,Frame_564,,55.88
10:00:54.257,-2.659,-4.079,0.487,-0.035,0.692,Frame_564,,55.88
10:00:54.759,-2.627,-4.127,0.475,-0.048,0.641,Frame_564,,55.88
10:00:55.257,-2.585,-4.191,0.473,0.008,0.579,Frame_564,,55.88
10:00:55.757,-2.550,-4.244,0.454,0.034,0.535,Frame_564,,55.88
10:00:56.257,-2.520,-4.290,0.448,0.021,0.525,Frame_564,,55.88
10:00:56.757,-2.481,-4.348,0.423,0.018,0.457,Frame_565,,55.88
10:00:57.257,-2.453,-4.390,0.415,0.029,0.440,Frame_565,,55.88
10:00:57.757,-2.421,-4.437,0.403,0.062,0.406,Frame_565,,55.88
10:00:58.258,-2.386,-4.488,0.371,0.093,0.403,Frame_565,,55.88
10:00:58.757,-2.361,-4.523,0.348,0.098,0.386,Frame_565,,55.88
10:00:59.257,-2.329,-4.567,0.318,0.076,0.382,Frame_565,,55.98
10:00:59.757,-2.307,-4.597,0.298,0.045,0.387,Frame_565,,55.98
10:01:00.257,-2.283,-4.629,0.284,0.042,0.394,Frame_566,,55.98
10:01:00.757,-2.256,-4.664,0.251,0.041,0.414,Frame_566,,55.98
10:01:01.257,-2.240,-4.684,0.063,0.225,0.417,Frame_566,,55.98
10:01:01.757,-2.237,-4.689,0.042,0.419,0.430,Frame_566,,55.98
10:01:02.257,-2.233,-4.693,-0.061,0.510,0.419,Frame_566,,55.98
10:01:02.759,-2.245,-4.681,-0.216,0.492,0.439,Frame_566,,55.98
10:01:03.257,-2.275,-4.657,-0.276,0.471,0.427,Frame_566,,55.98
10:01:03.757,-2.304,-4.637,-0.297,0.519,0.433,Frame_567,,55.98
10:01:04.258,-2.336,-4.616,-0.248,0.591,0.451,Frame_567,,55.98
10:01:04.757,-2.370,-4.599,-0.213,0.685,0.477,Frame_567,,55.98
10:01:05.258,-2.407,-4.586,-0.173,0.750,0.492,Frame_567,,55.98
10:01:05.757,-2.426,-4.581,-0.114,0.824,0.509,Frame_567,,55.98
10:01:06.257,-2.438,-4.580,-0.067,0.880,0.525,Frame_567,,55.98
10:01:06.758,-2.447,-4.580,-0.052,0.971,0.536,Frame_567,,55.98
10:01:07.257,-2.453,-4.581,-0.034,1.017,0.550,Frame_568,,55.98
10:01:07.757,-2.457,-4.582,-0.021,1.062,0.552,Frame_568,,55.98
10:01:08.257,-2.460,-4.583,-0.005,1.121,0.569,Frame_568,,55.98
10:01:08.757,-2.461,-4.584,0.008,1.175,0.566,Frame_568,,55.98
10:01:09.257,-2.459,-4.583,0.020,1.175,0.571,Frame_568,,55.98
10:01:09.757,-2.457,-4.579,0.037,1.182,0.569,Frame_568,,55.98
10:01:10.257,-2.455,-4.575,0.063,1.157,0.563,Frame_568,,55.98
10:01:10.757,-2.450,-4.559,0.126,1.096,0.579,Frame_569,,55.98
10:01:11.257,-2.448,-4.539,0.222,1.061,0.537,Frame_569,,55.98
10:01:11.757,-2.450,-4.495,0.355,0.949,0.521,Frame_569,,55.98
10:01:12.257,-2.461,-4.442,0.446,0.850,0.478,Frame_569,,55.98
10:01:12.758,-2.473,-4.403,0.078,0.636,0.449,Frame_569,,55.98
10:01:13.257,-2.470,-4.408,-0.177,0.600,0.440,Frame_569,,55.98
10:01:13.757,-2.455,-4.436,-0.217,0.542,0.442,Frame_570,,55.98
10:01:14.259,-2.437,-4.463,-0.242,0.510,0.443,Frame_570,,55.98
10:01:14.757,-2.412,-4.496,-0.276,0.472,0.422,Frame_570,,55.98
10:01:15.257,-2.392,-4.520,-0.248,0.420,0.430,Frame_570,,55.98
10:01:15.757,-2.362,-4.550,-0.218,0.421,0.420,Frame_570,,55.98
10:01:16.257,-2.339,-4.570,-0.213,0.404,0.429,Frame_570,,55.98
10:01:16.757,-2.312,-4.590,-0.203,0.418,0.420,Frame_570,,55.98
10:01:17.257,-2.286,-4.608,-0.186,0.490,0.425,Frame_571,,55.98
10:01:17.757,-2.262,-4.622,-0.189,0.569,0.411,Frame_571,,55.98
10:01:18.257,-2.233,-4.635,-0.152,0.696,0.415,Frame_571,,55.98
10:01:18.757,-2.209,-4.643,-0.162,0.782,0.412,Frame_571,,55.98
10:01:19.257,-2.189,-4.647,-0.081,0.859,0.395,Frame_571,,55.98
10:01:19.757,-2.180,-4.648,-0.056,0.971,0.386,Frame_571,,55.98
10:01:20.257,-2.174,-4.648,-0.049,1.024,0.373,Frame_571,,55.98
10:01:20.757,-2.165,-4.646,-0.056,1.084,0.367,Frame_572,,55.98
10:01:21.257,-2.160,-4.644,-0.053,1.086,0.362,Frame_572,,55.98
10:01:21.757,-2.153,-4.641,-0.028,1.156,0.347,Frame_572,,55.98
10:01:22.258,-2.151,-4.639,-0.017,1.194,0.330,Frame_572,,55.98
10:01:22.757,-2.149,-4.637,-0.011,1.225,0.320,Frame_572,,55.98
10:01:23.261,-2.149,-4.637,0.013,1.237,0.314,Frame_572,,55.98
10:01:23.757,-2.150,-4.638,0.025,1.238,0.311,Frame_572,,55.98
10:01:24.257,-2.151,-4.644,0.040,1.204,0.310,Frame_573,,55.98
10:01:24.757,-2.151,-4.652,0.108,1.165,0.324,Frame_573,,55.98
10:01:25.257,-2.149,-4.674,0.224,1.105,0.332,Frame_573,,55.98
10:01:25.757,-2.138,-4.710,0.358,0.999,0.360,Frame_573,,55.98
10:01:26.257,-2.120,-4.751,0.454,0.890,0.423,Frame_573,,55.98
10:01:26.757,-2.087,-4.809,0.517,0.775,0.449,Frame_573,,55.98
10:01:27.257,-2.056,-4.851,0.549,0.710,0.487,Frame_573,,55.98
10:01:27.757,-2.004,-4.912,0.576,0.564,0.520,Frame_574,,55.98
10:01:28.257,-1.955,-4.961,0.570,0.482,0.557,Frame_574,,55.98
10:01:28.757,-1.886,-5.021,0.562,0.411,0.608,Frame_574,,55.98
10:01:29.257,-1.833,-5.062,0.565,0.349,0.630,Frame_574,,56.29
10:01:29.757,-1.758,-5.114,0.582,0.260,0.679,Frame_574,,56.29
10:01:30.257,-1.692,-5.157,0.549,0.172,0.684,Frame_574,,56.29
10:01:30.757,-1.627,-5.196,0.538,0.120,0.718,Frame_574,,56.29
10:01:31.257,-1.563,-5.233,0.515,0.068,0.731,Frame_575,,56.29
10:01:31.757,-1.500,-5.269,0.511,0.020,0.721,Frame_575,,56.29
10:01:32.257,-1.420,-5.314,0.513,0.068,0.714,Frame_575,,56.29
10:01:32.757,-1.366,-5.343,0.498,0.027,0.685,Frame_575,,56.29
10:01:33.257,-1.287,-5.386,0.501,-0.069,0.683,Frame_575,,56.29
10:01:33.757,-1.226,-5.419,0.492,-0.099,0.657,Frame_575,,56.29
10:01:34.257,-1.158,-5.458,0.480,-0.033,0.648,Frame_575,,56.87
10:01:34.757,-1.119,-5.481,0.448,-0.081,0.643,Frame_576,,56.87
10:01:35.259,-1.050,-5.521,0.423,-0.058,0.618,Frame_576,,56.87
10:01:35.757,-1.007,-5.547,0.400,-0.056,0.606,Frame_576,,56.87
10:01:36.257,-0.954,-5.579,0.391,-0.160,0.591,Frame_576,,56.87
10:01:36.760,-0.907,-5.609,0.396,-0.173,0.573,Frame_576,,56.87
10:01:37.258,-0.864,-5.639,0.360,-0.130,0.568,Frame_576,,56.87
10:01:37.757,-0.815,-5.672,0.373,0.097,0.560,Frame_576,,56.87
10:01:38.257,-0.779,-5.697,0.361,0.188,0.543,Frame_577,,56.87
10:01:38.757,-0.731,-5.728,0.347,0.214,0.536,Frame_577,,56.87
10:01:39.257,-0.696,-5.749,0.321,0.214,0.518,Frame_577,,56.87
10:01:39.758,-0.652,-5.773,0.288,0.224,0.534,Frame_577,,56.87
10:01:40.257,-0.643,-5.778,-0.099,0.144,0.533,Frame_577,,56.87
10:01:40.757,-0.656,-5.772,-0.035,0.358,0.525,Frame_577,,56.87
10:01:41.257,-0.659,-5.770,-0.013,0.572,0.528,Frame_577,,56.87
10:01:41.757,-0.660,-5.770,0.001,0.724,0.509,Frame_578,,56.87
10:01:42.257,-0.658,-5.770,0.042,0.817,0.507,Frame_578,,56.87
10:01:42.757,-0.650,-5.771,0.081,0.888,0.507,Frame_578,,56.87
10:01:43.257,-0.635,-5.770,0.191,0.908,0.498,Frame_578,,56.87
10:01:43.757,-0.598,-5.762,0.346,0.865,0.513,Frame_578,,56.87
10:01:44.258,-0.556,-5.749,0.474,0.798,0.526,Frame_578,,56.87
10:01:44.757,-0.475,-5.711,0.550,0.687,0.596,Frame_579,,56.87
10:01:45.257,-0.415,-5.676,0.610,0.554,0.654,Frame_579,,56.87
10:01:45.757,-0.345,-5.626,0.626,0.473,0.766,Frame_579,,56.87
10:01:46.257,-0.266,-5.562,0.639,0.333,0.841,Frame_579,,56.87
10:01:46.757,-0.201,-5.503,0.628,0.241,0.811,Frame_579,,56.87
10:01:47.257,-0.130,-5.433,0.605,0.165,0.778,Frame_579,,56.87
10:01:47.757,-0.071,-5.373,0.594,0.142,0.730,Frame_579,,56.87
10:01:48.257,-0.023,-5.321,0.576,0.107,0.723,Frame_580,,56.87
10:01:48.757,0.039,-5.253,0.572,0.012,0.676,Frame_580,,56.87
10:01:49.257,0.108,-5.176,0.579,0.017,0.672,Frame_580,,57.96
10:01:49.757,0.153,-5.125,0.553,0.010,0.679,Frame_580,,57.96
10:01:50.257,0.219,-5.052,0.542,-0.045,0.690,Frame_580,,57.96
10:01:50.757,0.269,-4.997,0.525,-0.080,0.712,Frame_580,,57.96
10:01:51.257,0.325,-4.936,0.507,-0.112,0.730,Frame_580,,57.96
10:01:51.757,0.373,-4.886,0.491,-0.052,0.758,Frame_581,,57.96
10:01:52.257,0.426,-4.831,0.461,-0.039,0.741,Frame_581,,57.96
10:01:52.757,0.447,-4.809,-0.059,-0.163,0.713,Frame_581,,57.96
10:01:53.257,0.434,-4.821,-0.170,-0.190,0.707,Frame_581,,57.96
10:01:53.758,0.416,-4.839,-0.171,-0.237,0.732,Frame_581,,57.96
10:01:54.257,0.392,-4.859,-0.231,-0.358,0.726,Frame_581,,59.29
10:01:54.757,0.365,-4.879,-0.201,-0.474,0.750,Frame_581,,59.29
10:01:55.260,0.337,-4.898,-0.192,-0.594,0.738,Frame_582,,59.29
10:01:55.757,0.320,-4.907,-0.178,-0.693,0.734,Frame_582,,59.29
10:01:56.257,0.293,-4.919,-0.119,-0.762,0.704,Frame_582,,59.29
10:01:56.759,0.279,-4.923,-0.098,-0.867,0.696,Frame_582,,59.29
10:01:57.257,0.269,-4.925,-0.051,-0.927,0.656,Frame_582,,59.29
10:01:57.757,0.262,-4.926,-0.033,-1.023,0.664,Frame_582,,59.29
10:01:58.257,0.259,-4.926,-0.025,-1.042,0.656,Frame_582,,59.29
10:01:58.759,0.256,-4.925,-0.006,-1.126,0.651,Frame_583,,59.29
10:01:59.257,0.255,-4.924,0.003,-1.170,0.650,Frame_583,,59.29
10:01:59.760,0.256,-4.925,0.014,-1.208,0.647,Frame_583,,59.29
10:02:00.258,0.258,-4.927,0.029,-1.206,0.663,Frame_583,,59.29
10:02:00.757,0.261,-4.931,0.053,-1.208,0.666,Frame_583,,59.29
10:02:01.257,0.265,-4.938,0.069,-1.192,0.672,Frame_583,,59.29
10:02:01.757,0.269,-4.950,0.139,-1.150,0.699,Frame_583,,59.29
10:02:02.257,0.274,-4.978,0.264,-1.082,0.722,Frame_584,,59.29
10:02:02.757,0.274,-5.016,0.204,-0.950,0.734,Frame_584,,59.29
10:02:03.257,0.274,-5.023,-0.089,-0.897,0.760,Frame_584,,59.29
10:02:03.757,0.280,-5.000,-0.208,-0.731,0.749,Frame_584,,59.29
10:02:04.260,0.294,-4.966,-0.227,-0.612,0.753,Frame_584,,59.29
10:02:04.757,0.309,-4.936,-0.231,-0.658,0.726,Frame_584,,59.29
10:02:05.257,0.328,-4.907,-0.263,-0.698,0.729,Frame_584,,59.29
10:02:05.757,0.354,-4.874,-0.258,-0.670,0.709,Frame_585,,59.29
10:02:06.257,0.380,-4.848,-0.250,-0.629,0.695,Frame_585,,59.29
10:02:06.757,0.409,-4.823,-0.227,-0.628,0.698,Frame_585,,59.29
10:02:07.257,0.435,-4.805,-0.213,-0.606,0.662,Frame_585,,59.29
10:02:07.757,0.463,-4.789,-0.194,-0.560,0.657,Frame_585,,59.29
10:02:08.257,0.487,-4.778,-0.182,-0.546,0.632,Frame_585,,59.29
10:02:08.758,0.512,-4.769,-0.135,-0.513,0.616,Frame_586,,59.29
10:02:09.257,0.524,-4.765,-0.097,-0.535,0.598,Frame_586,,59.29
10:02:09.759,0.537,-4.763,-0.071,-0.549,0.586,Frame_586,,59.29
10:02:10.257,0.547,-4.761,-0.056,-0.588,0.578,Frame_586,,59.29
10:02:10.757,0.552,-4.761,-0.027,-0.623,0.578,Frame_586,,59.29
10:02:11.257,0.555,-4.761,0.008,-0.653,0.568,Frame_586,,59.29
10:02:11.757,0.553,-4.761,0.041,-0.664,0.558,Frame_586,,59.29
10:02:12.257,0.550,-4.760,-0.010,-0.664,0.573,Frame_587,,59.29
10:02:12.757,0.550,-4.760,-0.021,-0.694,0.562,Frame_587,,59.29
10:02:13.258,0.549,-4.760,0.032,-0.754,0.574,Frame_587,,59.29
10:02:13.757,0.545,-4.757,0.037,-0.821,0.571,Frame_587,,59.29
10:02:14.257,0.540,-4.753,0.066,-0.887,0.571,Frame_587,,59.29
10:02:14.757,0.532,-4.744,0.094,-0.896,0.583,Frame_587,,59.29
10:02:15.257,0.523,-4.731,0.157,-0.863,0.600,Frame_587,,59.29
10:02:15.757,0.511,-4.709,0.253,-0.833,0.639,Frame_588,,59.29
10:02:16.257,0.496,-4.672,0.351,-0.769,0.662,Frame_588,,59.29
10:02:16.757,0.479,-4.612,0.436,-0.662,0.716,Frame_588,,59.29
10:02:17.257,0.467,-4.541,0.467,-0.545,0.760,Frame_588,,59.29
10:02:17.757,0.461,-4.474,0.497,-0.456,0.795,Frame_588,,59.29
10:02:18.257,0.460,-4.395,0.484,-0.372,0.764,Frame_588,,59.29
10:02:18.757,0.463,-4.327,0.483,-0.327,0.725,Frame_588,,59.29
10:02:19.258,0.470,-4.251,0.459,-0.236,0.726,Frame_589,,60.25
10:02:19.757,0.478,-4.189,0.445,-0.186,0.680,Frame_589,,60.25
10:02:20.257,0.487,-4.127,0.246,-0.450,0.690,Frame_589,,60.25
10:02:20.757,0.494,-4.095,0.200,-0.596,0.676,Frame_589,,60.25
10:02:21.257,0.504,-4.066,0.255,-0.515,0.662,Frame_589,,60.25
10:02:21.760,0.524,-4.018,0.268,-0.460,0.669,Frame_589,,60.25
10:02:22.257,0.538,-3.991,0.026,-0.460,0.662,Frame_590,,60.25
10:02:22.757,0.532,-4.001,-0.153,-0.443,0.653,Frame_590,,60.25
10:02:23.257,0.515,-4.025,-0.198,-0.422,0.654,Frame_590,,60.25
10:02:23.757,0.497,-4.047,-0.223,-0.489,0.643,Frame_590,,60.25
10:02:24.257,0.472,-4.073,-0.226,-0.582,0.609,Frame_590,,60.25
10:02:24.757,0.449,-4.094,-0.215,-0.677,0.603,Frame_590,,60.25
10:02:25.257,0.424,-4.113,-0.153,-0.758,0.583,Frame_590,,60.25
10:02:25.757,0.410,-4.122,-0.129,-0.829,0.559,Frame_591,,60.25
10:02:26.257,0.397,-4.127,-0.066,-0.905,0.558,Frame_591,,60.25
10:02:26.759,0.388,-4.130,-0.046,-0.996,0.538,Frame_591,,60.25
10:02:27.257,0.384,-4.131,-0.023,-1.058,0.520,Frame_591,,60.25
10:02:27.757,0.380,-4.131,-0.022,-1.115,0.520,Frame_591,,60.25
10:02:28.257,0.378,-4.131,-0.025,-1.159,0.512,Frame_591,,60.25
10:02:28.757,0.374,-4.129,-0.021,-1.178,0.521,Frame_591,,60.25
10:02:29.257,0.372,-4.128,-0.004,-1.172,0.503,Frame_592,,60.25
10:02:29.757,0.372,-4.129,0.019,-1.206,0.510,Frame_592,,60.25
10:02:30.258,0.375,-4.132,0.033,-1.202,0.525,Frame_592,,60.25
10:02:30.760,0.378,-4.137,0.078,-1.168,0.528,Frame_592,,60.25
10:02:31.257,0.384,-4.151,0.164,-1.122,0.552,Frame_592,,60.25
10:02:31.757,0.392,-4.182,0.271,-1.029,0.558,Frame_592,,60.25
10:02:32.257,0.396,-4.224,0.387,-0.924,0.607,Frame_592,,60.25
10:02:32.757,0.393,-4.291,0.481,-0.775,0.613,Frame_593,,60.25
10:02:33.257,0.384,-4.349,0.520,-0.678,0.655,Frame_593,,60.25
10:02:33.757,0.367,-4.422,0.555,-0.506,0.661,Frame_593,,60.25
10:02:34.257,0.339,-4.506,0.557,-0.393,0.678,Frame_593,,60.25
10:02:34.757,0.300,-4.602,0.578,-0.227,0.675,Frame_593,,60.25
10:02:35.257,0.262,-4.685,0.567,-0.199,0.684,Frame_593,,60.25
10:02:35.757,0.227,-4.757,0.580,-0.097,0.674,Frame_594,,60.25
10:02:36.257,0.190,-4.830,0.593,-0.092,0.668,Frame_594,,60.25
10:02:36.758,0.150,-4.905,0.625,-0.011,0.656,Frame_594,,60.25
10:02:37.257,0.110,-4.982,0.629,-0.015,0.646,Frame_594,,60.25
10:02:37.759,0.063,-5.071,0.625,-0.012,0.635,Frame_594,,60.25
10:02:38.257,0.022,-5.147,0.610,-0.042,0.631,Frame_594,,60.25
10:02:38.757,-0.025,-5.233,0.618,-0.022,0.652,Frame_594,,60.25
10:02:39.259,-0.066,-5.309,0.625,-0.030,0.670,Frame_595,,60.75
10:02:39.757,-0.115,-5.397,0.619,-0.042,0.710,Frame_595,,60.75
10:02:40.257,-0.152,-5.462,0.623,-0.094,0.741,Frame_595,,60.75
10:02:40.757,-0.201,-5.548,0.623,-0.127,0.801,Frame_595,,60.75
10:02:41.257,-0.246,-5.622,0.609,-0.132,0.853,Frame_595,,60.75
10:02:41.757,-0.292,-5.695,0.617,-0.103,0.931,Frame_595,,60.75
10:02:42.257,-0.346,-5.778,0.622,-0.075,0.928,Frame_595,,60.75
10:02:42.757,-0.387,-5.840,0.296,-0.064,0.819,Frame_596,,60.75
10:02:43.257,-0.396,-5.853,-0.118,-0.205,0.791,Frame_596,,60.75
10:02:43.757,-0.385,-5.838,-0.187,-0.232,0.823,Frame_596,,60.75
10:02:44.257,-0.363,-5.810,-0.254,-0.343,0.844,Frame_596,,61.22
10:02:44.757,-0.341,-5.784,-0.246,-0.481,0.891,Frame_596,,61.22
10:02:45.257,-0.311,-5.754,-0.232,-0.594,0.898,Frame_596,,61.22
10:02:45.757,-0.295,-5.740,-0.188,-0.677,0.938,Frame_596,,61.22
10:02:46.260,-0.278,-5.727,-0.125,-0.778,0.959,Frame_597,,61.22
10:02:46.757,-0.263,-5.718,-0.091,-0.854,0.967,Frame_597,,61.22
10:02:47.257,-0.253,-5.714,-0.054,-0.904,0.966,Frame_597,,61.22
10:02:47.757,-0.248,-5.712,-0.043,-0.974,0.995,Frame_597,,61.22
10:02:48.257,-0.242,-5.711,-0.035,-1.033,1.002,Frame_597,,61.22
10:02:48.757,-0.239,-5.711,-0.020,-1.060,1.006,Frame_597,,61.22
10:02:49.257,-0.235,-5.711,-0.013,-1.088,0.994,Frame_597,,61.22
10:02:49.757,-0.235,-5.712,-0.002,-1.126,0.987,Frame_598,,61.22
10:02:50.257,-0.236,-5.711,0.023,-1.117,0.991,Frame_598,,61.22
10:02:50.757,-0.239,-5.708,0.042,-1.131,0.974,Frame_598,,61.22
10:02:51.257,-0.244,-5.703,0.053,-1.144,0.953,Frame_598,,61.22
10:02:51.757,-0.250,-5.693,0.121,-1.090,0.949,Frame_598,,61.22
10:02:52.257,-0.259,-5.673,0.179,-1.074,0.932,Frame_598,,61.22
10:02:52.757,-0.268,-5.635,0.344,-0.927,0.938,Frame_598,,61.22
10:02:53.257,-0.274,-5.573,0.473,-0.772,0.928,Frame_598,,61.22
10:02:53.759,-0.272,-5.492,0.537,-0.621,0.873,Frame_599,,61.22
10:02:54.257,-0.263,-5.416,0.570,-0.505,0.828,Frame_599,,61.22
10:02:54.757,-0.244,-5.326,0.592,-0.404,0.736,Frame_599,,61.22
10:02:55.257,-0.223,-5.246,0.598,-0.222,0.678,Frame_599,,61.22
10:02:55.757,-0.198,-5.166,0.600,-0.201,0.565,Frame_599,,61.22
10:02:56.257,-0.168,-5.077,0.579,-0.054,0.533,Frame_600,,61.22
10:02:56.759,-0.126,-4.956,0.577,-0.021,0.412,Frame_600,,61.22
10:02:57.257,-0.091,-4.859,0.579,0.015,0.399,Frame_600,,61.22
10:02:57.757,-0.053,-4.750,0.583,0.035,0.381,Frame_600,,61.22
10:02:58.257,-0.019,-4.651,0.580,0.028,0.375,Frame_600,,61.22
10:02:58.757,0.019,-4.539,0.591,0.005,0.365,Frame_600,,61.22
10:02:59.257,0.054,-4.438,0.594,-0.000,0.369,Frame_600,,61.32
10:02:59.757,0.084,-4.348,0.598,0.002,0.373,Frame_601,,61.32
10:03:00.257,0.122,-4.236,0.577,0.015,0.357,Frame_601,,61.32
10:03:00.757,0.154,-4.139,0.563,0.018,0.346,Frame_601,,61.32
10:03:01.258,0.189,-4.034,0.537,0.023,0.360,Frame_601,,61.32
10:03:01.757,0.218,-3.945,0.494,0.009,0.347,Frame_601,,61.32
10:03:02.257,0.244,-3.870,0.327,-0.376,0.337,Frame_602,,61.32
10:03:02.757,0.263,-3.820,0.289,-0.561,0.337,Frame_602,,61.32
10:03:03.257,0.286,-3.777,0.349,-0.529,0.349,Frame_602,,61.32
10:03:03.757,0.316,-3.728,0.370,-0.492,0.348,Frame_602,,61.32
10:03:04.257,0.351,-3.681,0.374,-0.396,0.347,Frame_602,,61.45
10:03:04.757,0.390,-3.636,0.358,-0.334,0.356,Frame_603,,61.45
10:03:05.257,0.429,-3.594,0.375,-0.153,0.377,Frame_603,,61.45
10:03:05.757,0.462,-3.562,0.386,-0.044,0.388,Frame_603,,61.45
10:03:06.257,0.504,-3.520,0.343,-0.092,0.420,Frame_603,,61.45
10:03:06.757,0.541,-3.484,0.296,-0.164,0.430,Frame_603,,61.45
10:03:07.257,0.570,-3.458,0.269,0.044,0.438,Frame_603,,61.45
10:03:07.757,0.603,-3.426,0.345,0.279,0.445,Frame_604,,61.45
10:03:08.259,0.640,-3.389,0.397,0.314,0.474,Frame_604,,61.45
10:03:08.757,0.684,-3.341,0.421,0.307,0.508,Frame_604,,61.45
10:03:09.258,0.721,-3.296,0.403,0.261,0.539,Frame_604,,61.68
10:03:09.757,0.759,-3.247,0.364,0.203,0.552,Frame_604,,61.68
10:03:10.257,0.788,-3.205,0.361,0.038,0.562,Frame_604,,61.68
10:03:10.758,0.821,-3.158,0.367,-0.240,0.578,Frame_604,,61.68
10:03:11.257,0.856,-3.112,0.354,-0.482,0.584,Frame_605,,61.68
10:03:11.757,0.893,-3.070,0.338,-0.583,0.597,Frame_605,,61.68
10:03:12.257,0.920,-3.043,0.310,-0.569,0.616,Frame_605,,61.68
10:03:12.757,0.963,-3.008,0.262,-0.204,0.624,Frame_605,,61.68
10:03:13.258,0.986,-2.990,0.167,0.243,0.641,Frame_605,,61.68
10:03:13.757,1.008,-2.972,0.238,0.465,0.650,Frame_605,,61.68
10:03:14.265,1.036,-2.945,0.341,0.504,0.682,Frame_605,,61.68
10:03:14.757,1.075,-2.902,0.432,0.462,0.702,Frame_606,,61.68
10:03:15.257,1.120,-2.845,0.494,0.385,0.733,Frame_606,,61.68
10:03:15.757,1.159,-2.787,0.499,0.380,0.718,Frame_606,,61.68
10:03:16.257,1.201,-2.719,0.500,0.305,0.700,Frame_606,,61.68
10:03:16.757,1.238,-2.649,0.472,0.221,0.680,Frame_606,,61.68
10:03:17.257,1.267,-2.591,0.461,0.161,0.683,Frame_606,,61.68
10:03:17.757,1.298,-2.526,0.422,0.156,0.670,Frame_607,,61.68
10:03:18.257,1.331,-2.450,0.398,0.114,0.662,Frame_607,,61.68
10:03:18.757,1.356,-2.387,0.345,-0.057,0.657,Frame_607,,61.68
10:03:19.260,1.382,-2.326,0.322,-0.229,0.651,Frame_607,,62.16
10:03:19.757,1.403,-2.279,0.322,-0.508,0.658,Frame_607,,62.16
10:03:20.258,1.425,-2.240,0.303,-0.658,0.659,Frame_607,,62.16
10:03:20.757,1.448,-2.206,0.281,-0.702,0.661,Frame_608,,62.16
10:03:21.257,1.478,-2.170,0.231,-0.737,0.646,Frame_608,,62.16
10:03:21.757,1.503,-2.147,0.180,-0.756,0.631,Frame_608,,62.16
10:03:22.257,1.518,-2.136,0.134,-0.731,0.636,Frame_608,,62.16
10:03:22.757,1.534,-2.126,0.164,-0.572,0.625,Frame_608,,62.16
10:03:23.257,1.559,-2.114,0.164,-0.290,0.616,Frame_608,,62.16
10:03:23.757,1.574,-2.107,0.156,-0.107,0.605,Frame_608,,62.16
10:03:24.257,1.597,-2.098,0.157,0.073,0.585,Frame_608,,62.79
10:03:24.759,1.609,-2.092,0.088,0.316,0.583,Frame_609,,62.79
10:03:25.258,1.618,-2.088,0.023,0.531,0.572,Frame_609,,62.79
10:03:25.757,1.622,-2.086,0.073,0.654,0.565,Frame_609,,62.79
10:03:26.257,1.630,-2.080,0.098,0.758,0.562,Frame_609,,62.79
10:03:26.757,1.644,-2.068,0.122,0.824,0.539,Frame_609,,62.79
10:03:27.257,1.659,-2.051,0.181,0.825,0.512,Frame_609,,62.79
10:03:27.757,1.677,-2.024,0.264,0.793,0.503,Frame_610,,62.79
10:03:28.257,1.696,-1.987,0.335,0.733,0.482,Frame_610,,62.79
10:03:28.757,1.720,-1.919,0.403,0.623,0.485,Frame_610,,62.79
10:03:29.257,1.736,-1.854,0.428,0.536,0.482,Frame_610,,62.79
10:03:29.758,1.745,-1.795,0.434,0.379,0.484,Frame_610,,62.79
10:03:30.257,1.751,-1.727,0.412,0.298,0.498,Frame_610,,62.79
10:03:30.757,1.754,-1.673,0.369,0.257,0.509,Frame_611,,62.79
10:03:31.259,1.754,-1.610,0.329,0.244,0.530,Frame_611,,62.79
10:03:31.757,1.752,-1.564,0.331,0.044,0.538,Frame_611,,62.79
10:03:32.259,1.750,-1.510,0.338,-0.287,0.562,Frame_611,,62.79
10:03:32.758,1.750,-1.456,0.337,-0.444,0.595,Frame_611,,62.79
10:03:33.257,1.753,-1.408,0.385,-0.400,0.615,Frame_611,,62.79
10:03:33.757,1.760,-1.350,0.465,-0.394,0.635,Frame_611,,62.79
10:03:34.257,1.774,-1.272,0.540,-0.295,0.631,Frame_612,,63.48
10:03:34.757,1.796,-1.177,0.547,-0.263,0.665,Frame_612,,63.48
10:03:35.257,1.813,-1.112,0.566,-0.237,0.680,Frame_612,,63.48
10:03:35.757,1.840,-1.026,0.575,-0.223,0.683,Frame_612,,63.48
10:03:36.257,1.875,-0.927,0.598,-0.139,0.629,Frame_612,,63.48
10:03:36.757,1.917,-0.816,0.581,-0.076,0.554,Frame_612,,63.48
10:03:37.257,1.951,-0.731,0.550,-0.028,0.516,Frame_613,,63.48
10:03:37.757,1.993,-0.629,0.549,-0.073,0.464,Frame_613,,63.48
10:03:38.257,2.031,-0.537,0.553,-0.042,0.425,Frame_613,,63.48
10:03:38.758,2.070,-0.446,0.547,-0.054,0.401,Frame_613,,63.48
10:03:39.257,2.114,-0.346,0.535,-0.041,0.393,Frame_613,,63.88
10:03:39.757,2.149,-0.268,0.527,-0.054,0.428,Frame_614,,63.88
10:03:40.258,2.187,-0.184,0.499,-0.035,0.457,Frame_614,,63.88
10:03:40.757,2.212,-0.132,0.466,-0.057,0.519,Frame_614,,63.88
10:03:41.258,2.243,-0.067,0.424,-0.087,0.528,Frame_614,,63.88
10:03:41.757,2.268,-0.015,0.392,-0.103,0.570,Frame_614,,63.88
10:03:42.257,2.286,0.021,-0.023,-0.233,0.631,Frame_614,,63.88
10:03:42.757,2.278,0.006,-0.193,-0.265,0.633,Frame_614,,63.88
10:03:43.257,2.261,-0.022,-0.202,-0.240,0.627,Frame_615,,63.88
10:03:43.757,2.249,-0.041,-0.191,-0.246,0.613,Frame_615,,63.88
10:03:44.257,2.231,-0.067,-0.254,-0.326,0.588,Frame_615,,63.88
10:03:44.758,2.206,-0.098,-0.250,-0.424,0.571,Frame_615,,63.88
10:03:45.258,2.182,-0.125,-0.255,-0.561,0.569,Frame_615,,63.88
10:03:45.757,2.155,-0.152,-0.213,-0.662,0.559,Frame_615,,63.88
10:03:46.260,2.130,-0.172,-0.177,-0.734,0.563,Frame_615,,63.88
10:03:46.757,2.111,-0.184,-0.146,-0.795,0.558,Frame_616,,63.88
10:03:47.257,2.097,-0.190,-0.093,-0.871,0.583,Frame_616,,63.88
10:03:47.757,2.088,-0.194,-0.049,-0.926,0.601,Frame_616,,63.88
10:03:48.257,2.082,-0.195,-0.039,-1.000,0.585,Frame_616,,63.88
10:03:48.757,2.077,-0.195,-0.031,-1.031,0.604,Frame_616,,63.88
10:03:49.257,2.073,-0.195,-0.013,-1.089,0.609,Frame_616,,63.88
10:03:49.757,2.072,-0.195,0.003,-1.100,0.621,Frame_616,,63.88
10:03:50.257,2.070,-0.194,-0.039,-1.133,0.619,Frame_617,,63.88
10:03:50.757,2.067,-0.192,-0.010,-1.150,0.615,Frame_617,,63.88
10:03:51.257,2.067,-0.191,0.010,-1.155,0.630,Frame_617,,63.88
10:03:51.757,2.068,-0.193,0.029,-1.166,0.631,Frame_617,,63.88
10:03:52.257,2.072,-0.199,0.059,-0.811,0.639,Frame_617,,63.88
10:03:52.757,2.076,-0.208,0.121,-0.541,0.618,Frame_617,,63.88
10:03:53.257,2.083,-0.227,0.159,-0.360,0.609,Frame_617,,63.88
10:03:53.757,2.088,-0.243,0.036,-0.049,0.583,Frame_618,,63.88
10:03:54.257,2.089,-0.247,0.017,0.094,0.572,Frame_618,,63.88
10:03:54.757,2.091,-0.252,0.056,0.251,0.587,Frame_618,,63.88
10:03:55.257,2.092,-0.257,0.058,0.339,0.572,Frame_618,,63.88
10:03:55.757,2.094,-0.262,0.020,0.433,0.559,Frame_618,,63.88
10:03:56.260,2.095,-0.265,0.008,0.535,0.560,Frame_618,,63.88
10:03:56.757,2.096,-0.266,0.027,0.677,0.555,Frame_618,,63.88
10:03:57.257,2.098,-0.269,0.063,0.751,0.558,Frame_619,,63.88
10:03:57.757,2.108,-0.280,0.108,0.784,0.555,Frame_619,,63.88
10:03:58.257,2.116,-0.288,0.116,0.753,0.533,Frame_619,,63.88
10:03:58.757,2.134,-0.302,0.152,0.728,0.527,Frame_619,,63.88
10:03:59.257,2.151,-0.313,0.151,0.683,0.512,Frame_619,,63.88
10:03:59.757,2.172,-0.323,0.201,0.709,0.473,Frame_619,,63.88
10:04:00.257,2.208,-0.336,0.338,0.546,0.443,Frame_619,,63.88
10:04:00.763,2.265,-0.352,0.428,0.462,0.402,Frame_620,,63.88
10:04:01.257,2.327,-0.364,0.481,0.360,0.362,Frame_620,,63.88
10:04:01.757,2.384,-0.373,0.494,0.241,0.337,Frame_620,,63.88
10:04:02.257,2.452,-0.380,0.470,0.106,0.263,Frame_620,,63.88
10:04:02.761,2.517,-0.387,0.452,0.045,0.253,Frame_620,,63.88
10:04:03.257,2.587,-0.393,0.420,0.018,0.237,Frame_620,,63.88
10:04:03.757,2.644,-0.398,0.375,-0.076,0.250,Frame_620,,63.88
10:04:04.257,2.693,-0.403,0.311,-0.072,0.266,Frame_621,,64.20
10:04:04.757,2.745,-0.408,0.335,-0.112,0.269,Frame_621,,64.20
10:04:05.257,2.791,-0.414,0.332,-0.115,0.292,Frame_621,,64.20
10:04:05.757,2.844,-0.421,0.317,-0.121,0.295,Frame_621,,64.20
10:04:06.257,2.879,-0.426,0.293,-0.107,0.311,Frame_621,,64.20
10:04:06.757,2.913,-0.432,0.264,-0.112,0.326,Frame_621,,64.20
10:04:07.257,2.952,-0.439,0.000,0.000,0.332,Frame_621,,64.20
10:04:07.757,2.960,-0.441,0.253,0.120,0.338,Frame_622,,64.20
10:04:08.257,2.993,-0.446,0.391,0.175,0.352,Frame_622,,64.20
10:04:08.757,3.034,-0.453,0.466,0.173,0.365,Frame_622,,64.20
10:04:09.257,3.098,-0.461,0.508,0.192,0.380,Frame_622,,64.20
10:04:09.757,3.170,-0.468,0.514,0.172,0.403,Frame_622,,64.20
10:04:10.265,3.274,-0.475,0.524,0.174,0.483,Frame_622,,64.20
10:04:10.757,3.328,-0.478,0.540,0.158,0.547,Frame_622,,64.20
10:04:11.257,3.415,-0.480,0.552,0.137,0.586,Frame_623,,64.20
10:04:11.757,3.492,-0.480,0.549,0.113,0.649,Frame_623,,64.20
10:04:12.257,3.579,-0.479,0.540,0.091,0.744,Frame_623,,64.20
10:04:12.757,3.637,-0.477,0.137,0.665,0.794,Frame_623,,64.20
10:04:13.258,3.655,-0.474,0.128,0.762,0.833,Frame_623,,64.20
10:04:13.757,3.658,-0.474,0.253,0.688,0.838,Frame_623,,64.20
10:04:14.257,3.713,-0.457,0.364,0.682,0.894,Frame_623,,65.52
10:04:14.757,3.772,-0.430,0.451,0.615,0.921,Frame_624,,65.52
10:04:15.257,3.828,-0.398,0.490,0.551,0.941,Frame_624,,65.52
10:04:15.757,3.886,-0.359,0.493,0.416,0.933,Frame_624,,65.52
10:04:16.257,3.933,-0.323,0.507,0.316,0.933,Frame_624,,65.52
10:04:16.757,3.987,-0.278,0.500,0.193,0.961,Frame_624,,65.52
10:04:17.257,4.046,-0.226,0.506,0.155,0.973,Frame_624,,65.52
10:04:17.759,4.091,-0.184,0.498,0.169,1.011,Frame_624,,65.52
10:04:18.257,4.141,-0.136,0.485,0.115,1.032,Frame_625,,65.52
10:04:18.757,4.190,-0.087,0.472,-0.075,1.051,Frame_625,,65.52
10:04:19.257,4.235,-0.042,0.435,-0.145,1.114,Frame_625,,67.12
10:04:19.757,4.285,0.005,0.417,-0.162,1.146,Frame_625,,67.12
10:04:20.257,4.315,0.033,0.402,-0.152,1.189,Frame_625,,67.12
10:04:20.758,4.362,0.074,0.372,-0.130,1.235,Frame_625,,67.12
10:04:21.257,4.406,0.111,0.353,-0.203,1.274,Frame_625,,67.12
10:04:21.757,4.445,0.143,0.383,-0.389,1.297,Frame_626,,67.12
10:04:22.257,4.489,0.174,0.382,-0.449,1.296,Frame_626,,67.12
10:04:22.757,4.539,0.205,0.355,-0.275,1.351,Frame_626,,67.12
10:04:23.259,4.581,0.229,0.354,0.097,1.362,Frame_626,,67.12
10:04:23.757,4.619,0.251,0.371,0.079,1.405,Frame_626,,67.12
10:04:24.257,4.678,0.285,0.383,-0.087,1.424,Frame_626,,67.12
10:04:24.757,4.717,0.308,0.375,-0.103,1.456,Frame_626,,67.12
10:04:25.257,4.768,0.336,0.360,-0.095,1.503,Frame_626,,67.12
10:04:25.757,4.805,0.355,0.292,-0.120,1.529,Frame_627,,67.12
10:04:26.257,4.833,0.370,0.091,-0.380,1.505,Frame_627,,67.12
10:04:26.758,4.841,0.373,0.038,-0.481,1.492,Frame_627,,67.12
10:04:27.257,4.850,0.376,0.136,-0.456,1.494,Frame_627,,67.12
10:04:27.757,4.874,0.384,0.186,-0.463,1.481,Frame_627,,67.12
10:04:28.257,4.903,0.390,0.260,-0.396,1.458,Frame_627,,67.12
10:04:28.758,4.946,0.398,0.287,-0.363,1.430,Frame_628,,67.12
10:04:29.257,4.991,0.402,0.340,-0.301,1.391,Frame_628,,68.05
10:04:29.757,5.046,0.406,0.345,-0.244,1.365,Frame_628,,68.05
10:04:30.260,5.086,0.407,0.306,-0.218,1.336,Frame_628,,68.05
10:04:30.757,5.134,0.407,0.283,-0.195,1.269,Frame_628,,68.05
10:04:31.257,5.171,0.406,0.250,-0.175,1.247,Frame_628,,68.05
10:04:31.757,5.197,0.405,0.119,-0.008,1.193,Frame_628,,68.05
10:04:32.257,5.212,0.404,0.266,0.268,1.205,Frame_629,,68.05
10:04:32.757,5.253,0.404,0.405,0.353,1.157,Frame_629,,68.05
10:04:33.257,5.309,0.406,0.490,0.357,1.126,Frame_629,,68.05
10:04:33.757,5.380,0.412,0.530,0.355,1.053,Frame_629,,68.05
10:04:34.257,5.465,0.424,0.542,0.334,1.003,Frame_629,,68.78
10:04:34.757,5.550,0.441,0.535,0.286,0.920,Frame_629,,68.78
10:04:35.257,5.624,0.459,0.551,0.230,0.883,Frame_629,,68.78
10:04:35.759,5.688,0.476,0.560,0.185,0.814,Frame_630,,68.78
10:04:36.257,5.785,0.505,0.564,0.111,0.797,Frame_630,,68.78
10:04:36.757,5.859,0.529,0.546,0.104,0.742,Frame_630,,68.78
10:04:37.257,5.941,0.557,0.533,0.089,0.721,Frame_630,,68.78
10:04:37.758,6.009,0.582,0.521,0.080,0.701,Frame_630,,68.78
10:04:38.257,6.078,0.607,0.516,0.037,0.689,Frame_630,,68.78
10:04:38.757,6.154,0.636,0.493,0.038,0.705,Frame_631,,68.78
10:04:39.257,6.225,0.663,0.462,0.113,0.708,Frame_631,,69.61
10:04:39.757,6.282,0.686,0.425,0.140,0.729,Frame_631,,69.61
10:04:40.260,6.343,0.712,0.384,0.164,0.742,Frame_631,,69.61
10:04:40.757,6.390,0.733,0.357,0.155,0.786,Frame_631,,69.61
10:04:41.258,6.441,0.758,0.349,-0.056,0.780,Frame_631,,69.61
10:04:41.759,6.486,0.780,0.360,-0.258,0.730,Frame_631,,69.61
10:04:42.257,6.512,0.791,-0.062,-0.325,0.711,Frame_632,,69.61
10:04:42.758,6.498,0.786,-0.117,-0.469,0.713,Frame_632,,69.61
10:04:43.257,6.485,0.782,-0.037,-0.628,0.711,Frame_632,,69.61
10:04:43.757,6.481,0.781,-0.027,-0.756,0.711,Frame_632,,69.61
10:04:44.257,6.477,0.781,-0.013,-0.873,0.698,Frame_632,,69.61
10:04:44.757,6.476,0.781,0.003,-0.972,0.694,Frame_632,,69.61
10:04:45.262,6.477,0.780,0.017,-1.017,0.690,Frame_633,,69.61
10:04:45.757,6.481,0.779,0.037,-1.020,0.678,Frame_633,,69.61
10:04:46.257,6.489,0.775,0.101,-1.012,0.671,Frame_633,,69.61
10:04:46.757,6.500,0.767,0.219,-1.025,0.668,Frame_633,,69.61
10:04:47.257,6.523,0.744,0.328,-0.976,0.667,Frame_633,,69.61
10:04:47.758,6.548,0.713,0.439,-0.902,0.680,Frame_633,,69.61
10:04:48.257,6.582,0.658,0.502,-0.771,0.703,Frame_633,,69.61
10:04:48.757,6.618,0.584,0.535,-0.633,0.769,Frame_634,,69.61
10:04:49.257,6.643,0.512,0.543,-0.514,0.745,Frame_634,,69.61
10:04:49.757,6.667,0.428,0.555,-0.388,0.687,Frame_634,,69.61
10:04:50.257,6.683,0.351,0.557,-0.325,0.677,Frame_634,,69.61
10:04:50.757,6.697,0.262,0.575,-0.266,0.602,Frame_634,,69.61
10:04:51.257,6.706,0.183,0.570,-0.205,0.565,Frame_634,,69.61
10:04:51.757,6.714,0.092,0.565,-0.106,0.508,Frame_634,,69.61
10:04:52.257,6.719,0.025,0.552,-0.059,0.478,Frame_635,,69.61
10:04:52.757,6.725,-0.074,0.555,-0.016,0.425,Frame_635,,69.61
10:04:53.257,6.728,-0.141,0.554,-0.027,0.436,Frame_635,,69.61
10:04:53.757,6.734,-0.241,0.564,-0.039,0.422,Frame_635,,69.61
10:04:54.257,6.737,-0.308,0.544,-0.053,0.429,Frame_635,,70.23
10:04:54.757,6.740,-0.384,0.548,-0.044,0.457,Frame_635,,70.23
10:04:55.259,6.743,-0.472,0.560,-0.010,0.483,Frame_635,,70.23
10:04:55.757,6.746,-0.549,0.525,0.067,0.507,Frame_636,,70.23
10:04:56.257,6.749,-0.622,0.509,0.080,0.514,Frame_636,,70.23
10:04:56.757,6.752,-0.693,0.502,0.067,0.543,Frame_636,,70.23
10:04:57.257,6.757,-0.763,0.504,0.056,0.552,Frame_636,,70.23
10:04:57.757,6.761,-0.832,0.492,-0.029,0.576,Frame_636,,70.23
10:04:58.257,6.766,-0.910,0.471,-0.049,0.608,Frame_636,,70.23
10:04:58.757,6.771,-0.985,0.465,-0.061,0.624,Frame_636,,70.23
10:04:59.257,6.774,-1.048,0.448,-0.064,0.647,Frame_637,,70.78
10:04:59.757,6.776,-1.109,0.416,-0.037,0.659,Frame_637,,70.78
10:05:00.257,6.778,-1.165,0.387,-0.011,0.689,Frame_637,,70.78
10:05:00.757,6.780,-1.227,0.389,-0.088,0.702,Frame_637,,70.78
10:05:01.257,6.781,-1.281,0.381,0.064,0.712,Frame_637,,70.78
10:05:01.761,6.782,-1.341,0.369,0.317,0.723,Frame_637,,70.78
10:05:02.257,6.786,-1.391,0.345,0.532,0.737,Frame_637,,70.78
10:05:02.757,6.791,-1.427,0.101,0.283,0.716,Frame_638,,70.78
10:05:03.257,6.792,-1.434,0.019,0.072,0.722,Frame_638,,70.78
10:05:03.757,6.793,-1.438,0.087,-0.046,0.722,Frame_638,,70.78
10:05:04.257,6.795,-1.447,0.040,-0.261,0.705,Frame_638,,70.78
10:05:04.758,6.796,-1.453,0.037,-0.456,0.700,Frame_638,,70.78
10:05:05.257,6.797,-1.459,0.063,-0.628,0.693,Frame_638,,70.78
10:05:05.757,6.797,-1.470,0.113,-0.701,0.687,Frame_638,,70.78
10:05:06.259,6.795,-1.491,0.165,-0.732,0.684,Frame_639,,70.78
10:05:06.758,6.786,-1.529,0.240,-0.698,0.669,Frame_639,,70.78
10:05:07.257,6.774,-1.563,0.278,-0.629,0.665,Frame_639,,70.78
10:05:07.757,6.754,-1.605,0.295,-0.510,0.669,Frame_639,,70.78
10:05:08.257,6.736,-1.637,0.312,-0.435,0.669,Frame_639,,70.78
10:05:08.757,6.706,-1.684,0.355,-0.027,0.670,Frame_639,,70.78
10:05:09.257,6.673,-1.732,0.366,0.296,0.695,Frame_640,,71.34
10:05:09.757,6.643,-1.782,0.365,0.542,0.710,Frame_640,,71.34
10:05:10.257,6.620,-1.825,0.331,0.736,0.730,Frame_640,,71.34
10:05:10.757,6.602,-1.872,0.280,0.848,0.720,Frame_640,,71.34
10:05:11.258,6.592,-1.918,0.217,0.898,0.707,Frame_640,,71.34
10:05:11.758,6.590,-1.953,0.152,0.915,0.703,Frame_640,,71.34
10:05:12.257,6.591,-1.971,0.112,0.907,0.699,Frame_641,,71.34
10:05:12.757,6.595,-1.987,0.150,0.784,0.687,Frame_641,,71.34
10:05:13.257,6.602,-2.009,0.164,0.300,0.692,Frame_641,,71.34
10:05:13.757,6.609,-2.026,0.159,-0.192,0.703,Frame_641,,71.34
10:05:14.257,6.619,-2.054,0.241,-0.409,0.719,Frame_641,,71.34
10:05:14.757,6.630,-2.090,0.339,-0.547,0.723,Frame_641,,71.34
10:05:15.259,6.643,-2.147,0.411,-0.549,0.705,Frame_641,,71.34
10:05:15.757,6.649,-2.190,0.481,-0.517,0.656,Frame_642,,71.34
10:05:16.257,6.656,-2.279,0.516,-0.472,0.635,Frame_642,,71.34
10:05:16.757,6.655,-2.352,0.531,-0.388,0.597,Frame_642,,71.34
10:05:17.257,6.651,-2.426,0.523,-0.289,0.578,Frame_642,,71.34
10:05:17.757,6.644,-2.498,0.515,-0.295,0.568,Frame_642,,71.34
10:05:18.257,6.632,-2.580,0.505,-0.259,0.539,Frame_642,,71.34
10:05:18.757,6.620,-2.648,0.482,-0.225,0.523,Frame_642,,71.34
10:05:19.257,6.600,-2.740,0.453,-0.191,0.516,Frame_643,,71.87
10:05:19.757,6.586,-2.792,0.433,-0.156,0.509,Frame_643,,71.87
10:05:20.257,6.563,-2.873,0.392,-0.131,0.499,Frame_643,,71.87
10:05:20.757,6.541,-2.945,0.351,-0.101,0.494,Frame_643,,71.87
10:05:21.257,6.522,-3.002,0.312,0.177,0.503,Frame_643,,71.87
10:05:21.757,6.503,-3.061,0.314,0.443,0.492,Frame_644,,71.87
10:05:22.257,6.492,-3.114,0.287,0.642,0.504,Frame_644,,71.87
10:05:22.757,6.487,-3.153,0.269,0.717,0.501,Frame_644,,71.87
10:05:23.257,6.486,-3.189,0.141,0.452,0.490,Frame_644,,71.87
10:05:23.757,6.486,-3.199,0.029,0.154,0.491,Frame_644,,71.87
10:05:24.257,6.487,-3.205,0.089,-0.087,0.496,Frame_644,,71.87
10:05:24.757,6.487,-3.212,0.045,-0.287,0.488,Frame_644,,71.87
10:05:25.257,6.488,-3.220,0.045,-0.495,0.480,Frame_645,,71.87
10:05:25.757,6.487,-3.226,0.079,-0.651,0.479,Frame_645,,71.87
10:05:26.257,6.485,-3.243,0.128,-0.726,0.474,Frame_645,,71.87
10:05:26.757,6.480,-3.261,0.206,-0.727,0.450,Frame_645,,71.87
10:05:27.257,6.464,-3.305,0.294,-0.695,0.454,Frame_645,,71.87
10:05:27.757,6.443,-3.344,0.369,-0.632,0.428,Frame_645,,71.87
10:05:28.258,6.408,-3.397,0.445,-0.451,0.457,Frame_646,,71.87
10:05:28.757,6.370,-3.448,0.475,-0.367,0.469,Frame_646,,71.87
10:05:29.257,6.319,-3.508,0.482,-0.169,0.483,Frame_646,,72.39
10:05:29.757,6.281,-3.551,0.468,-0.115,0.523,Frame_646,,72.39
10:05:30.257,6.230,-3.605,0.468,-0.006,0.533,Frame_646,,72.39
10:05:30.757,6.185,-3.653,0.466,0.067,0.556,Frame_646,,72.39
10:05:31.258,6.142,-3.700,0.457,0.120,0.593,Frame_646,,72.39
10:05:31.757,6.100,-3.747,0.438,0.140,0.615,Frame_647,,72.39
10:05:32.257,6.055,-3.800,0.446,0.115,0.650,Frame_647,,72.39
10:05:32.757,6.014,-3.850,0.480,0.099,0.658,Frame_647,,72.39
10:05:33.257,5.965,-3.911,0.493,0.111,0.692,Frame_647,,72.39
10:05:33.757,5.923,-3.966,0.493,0.101,0.711,Frame_647,,72.39
10:05:34.257,5.882,-4.020,0.481,0.089,0.733,Frame_647,,72.39
10:05:34.758,5.837,-4.082,0.468,0.076,0.710,Frame_647,,72.39
10:05:35.257,5.805,-4.127,0.462,0.172,0.704,Frame_648,,72.39
10:05:35.757,5.758,-4.196,0.464,0.186,0.663,Frame_648,,72.39
10:05:36.257,5.724,-4.250,0.446,0.166,0.644,Frame_648,,72.39
10:05:36.757,5.692,-4.302,0.417,0.139,0.618,Frame_648,,72.39
10:05:37.257,5.663,-4.351,0.393,0.090,0.618,Frame_648,,72.39
10:05:37.757,5.634,-4.404,0.345,0.023,0.599,Frame_648,,72.39
10:05:38.257,5.611,-4.444,0.304,0.014,0.594,Frame_648,,72.39
10:05:38.758,5.590,-4.482,0.348,0.275,0.583,Frame_649,,72.39
10:05:39.257,5.567,-4.528,0.373,0.545,0.589,Frame_649,,72.89
10:05:39.757,5.544,-4.585,0.388,0.702,0.579,Frame_649,,72.89
10:05:40.257,5.528,-4.636,0.371,0.758,0.561,Frame_649,,72.89
10:05:40.757,5.518,-4.692,0.329,0.794,0.564,Frame_649,,72.89
10:05:41.257,5.515,-4.736,0.277,0.807,0.570,Frame_649,,72.89
10:05:41.759,5.517,-4.775,0.214,0.805,0.573,Frame_650,,72.89
10:05:42.257,5.523,-4.806,0.161,0.795,0.564,Frame_650,,72.89
10:05:42.757,5.527,-4.820,0.071,0.421,0.582,Frame_650,,72.89
10:05:43.261,5.529,-4.826,0.021,0.163,0.577,Frame_650,,72.89
10:05:43.757,5.531,-4.831,0.160,0.073,0.592,Frame_650,,72.89
10:05:44.257,5.538,-4.848,0.104,-0.318,0.595,Frame_650,,72.89
10:05:44.759,5.544,-4.864,0.143,-0.495,0.603,Frame_650,,72.89
10:05:45.257,5.551,-4.889,0.190,-0.572,0.625,Frame_651,,72.89
10:05:45.757,5.555,-4.910,0.038,-0.841,0.638,Frame_651,,72.89
10:05:46.258,5.556,-4.920,0.105,-0.863,0.654,Frame_651,,72.89
10:05:46.757,5.555,-4.937,0.137,-0.848,0.679,Frame_651,,72.89
10:05:47.257,5.549,-4.965,0.188,-0.798,0.685,Frame_651,,72.89
10:05:47.757,5.539,-4.994,0.256,-0.688,0.684,Frame_651,,72.89
10:05:48.257,5.521,-5.034,0.291,-0.586,0.708,Frame_651,,72.89
10:05:48.758,5.501,-5.069,0.283,-0.460,0.702,Frame_652,,72.89
10:05:49.260,5.477,-5.106,0.270,-0.357,0.700,Frame_652,,73.40
10:05:49.758,5.453,-5.140,0.331,0.162,0.688,Frame_652,,73.40
10:05:50.259,5.420,-5.186,0.384,0.490,0.677,Frame_652,,73.40
10:05:50.757,5.392,-5.233,0.391,0.654,0.662,Frame_652,,73.40
10:05:51.257,5.365,-5.288,0.359,0.773,0.644,Frame_652,,73.40
10:05:51.757,5.351,-5.327,0.332,0.824,0.611,Frame_652,,73.40
10:05:52.257,5.338,-5.381,0.293,0.854,0.608,Frame_653,,73.40
10:05:52.757,5.335,-5.415,0.312,0.745,0.615,Frame_653,,73.40
10:05:53.257,5.336,-5.478,0.404,0.218,0.602,Frame_653,,73.40
10:05:53.757,5.338,-5.520,0.426,0.036,0.612,Frame_653,,73.40
10:05:54.257,5.338,-5.520,0.438,-0.047,0.646,Frame_653,,73.73
10:05:54.757,5.346,-5.659,0.457,-0.125,0.664,Frame_653,,73.73
10:05:55.257,5.348,-5.734,0.479,-0.156,0.681,Frame_654,,73.73
10:05:55.757,5.349,-5.802,0.496,-0.163,0.706,Frame_654,,73.73
10:05:56.259,5.349,-5.880,0.487,-0.160,0.732,Frame_654,,73.73
10:05:56.757,5.347,-5.946,0.458,-0.133,0.717,Frame_654,,73.73
10:05:57.257,5.343,-6.018,0.440,-0.116,0.687,Frame_654,,73.73
10:05:57.757,5.339,-6.069,0.413,-0.094,0.671,Frame_654,,73.73
10:05:58.257,5.334,-6.141,0.385,-0.046,0.658,Frame_654,,73.73
10:05:58.757,5.330,-6.184,0.341,-0.030,0.656,Frame_655,,73.73
10:05:59.257,5.324,-6.245,0.349,0.166,0.638,Frame_655,,73.73
10:05:59.759,5.321,-6.288,0.355,0.434,0.630,Frame_655,,73.73
10:06:00.258,5.320,-6.344,0.340,0.584,0.610,Frame_655,,73.73
10:06:00.757,5.323,-6.390,0.304,0.645,0.607,Frame_655,,73.73
10:06:01.257,5.330,-6.430,0.255,0.678,0.591,Frame_655,,73.73
10:06:01.757,5.339,-6.467,0.209,0.704,0.586,Frame_655,,73.73
10:06:02.257,5.348,-6.489,0.176,0.701,0.567,Frame_656,,73.73
10:06:02.757,5.357,-6.509,0.137,0.691,0.552,Frame_656,,73.73
10:06:03.257,5.358,-6.511,-0.175,0.659,0.558,Frame_656,,73.73
10:06:03.757,5.346,-6.494,-0.159,0.732,0.575,Frame_656,,73.73
10:06:04.260,5.330,-6.476,-0.064,0.828,0.586,Frame_656,,74.23
10:06:04.757,5.325,-6.472,-0.037,0.903,0.604,Frame_656,,74.23
10:06:05.257,5.321,-6.469,-0.035,1.004,0.615,Frame_656,,74.23
10:06:05.757,5.318,-6.468,-0.017,1.060,0.621,Frame_657,,74.23
10:06:06.257,5.316,-6.467,-0.009,1.094,0.628,Frame_657,,74.23
10:06:06.757,5.316,-6.467,0.008,1.131,0.638,Frame_657,,74.23
10:06:07.258,5.318,-6.467,0.022,1.137,0.628,Frame_657,,74.23
10:06:07.757,5.323,-6.466,0.042,1.158,0.625,Frame_657,,74.23
10:06:08.257,5.330,-6.464,0.092,1.119,0.621,Frame_657,,74.23
10:06:08.757,5.346,-6.454,0.152,1.076,0.606,Frame_657,,74.23
10:06:09.257,5.363,-6.441,0.275,1.000,0.582,Frame_658,,74.23
10:06:09.757,5.390,-6.412,0.392,0.905,0.543,Frame_658,,74.23
10:06:10.257,5.431,-6.357,0.494,0.733,0.527,Frame_658,,74.23
10:06:10.757,5.457,-6.314,0.521,0.629,0.494,Frame_658,,74.23
10:06:11.258,5.499,-6.228,0.555,0.447,0.482,Frame_658,,74.23
10:06:11.757,5.525,-6.164,0.566,0.304,0.477,Frame_658,,74.23
10:06:12.258,5.555,-6.079,0.568,0.241,0.453,Frame_658,,74.23
10:06:12.757,5.581,-5.993,0.563,0.181,0.459,Frame_659,,74.23
10:06:13.257,5.608,-5.894,0.571,0.014,0.449,Frame_659,,74.23
10:06:13.757,5.637,-5.783,0.586,-0.037,0.452,Frame_659,,74.23
10:06:14.257,5.668,-5.669,0.574,0.053,0.447,Frame_659,,74.31
10:06:14.757,5.697,-5.559,0.568,0.112,0.466,Frame_659,,74.31
10:06:15.257,5.718,-5.469,0.588,0.106,0.470,Frame_660,,74.31
10:06:15.757,5.739,-5.378,0.587,0.061,0.471,Frame_660,,74.31
10:06:16.257,5.759,-5.287,0.584,0.048,0.471,Frame_660,,74.31
10:06:16.757,5.775,-5.207,0.569,0.014,0.477,Frame_660,,74.31
10:06:17.257,5.794,-5.118,0.577,0.008,0.490,Frame_660,,74.31
10:06:17.757,5.810,-5.040,0.571,0.001,0.487,Frame_660,,74.31
10:06:18.257,5.829,-4.950,0.562,-0.020,0.503,Frame_660,,74.31
10:06:18.760,5.847,-4.861,0.564,-0.023,0.504,Frame_661,,74.31
10:06:19.257,5.866,-4.772,0.575,-0.023,0.513,Frame_661,,74.32
10:06:19.758,5.889,-4.670,0.578,-0.024,0.526,Frame_661,,74.32
10:06:20.260,5.904,-4.603,0.564,-0.032,0.529,Frame_661,,74.32
10:06:20.757,5.926,-4.503,0.575,-0.015,0.538,Frame_661,,74.32
10:06:21.257,5.942,-4.435,0.561,-0.011,0.546,Frame_661,,74.32
10:06:21.757,5.963,-4.347,0.586,-0.036,0.543,Frame_662,,74.32
10:06:22.257,5.981,-4.268,0.566,-0.022,0.556,Frame_662,,74.32
10:06:22.757,6.008,-4.158,0.568,-0.006,0.554,Frame_662,,74.32
10:06:23.257,6.035,-4.048,0.563,-0.008,0.562,Frame_662,,74.32
10:06:23.757,6.056,-3.960,0.558,-0.010,0.566,Frame_662,,74.32
10:06:24.257,6.083,-3.851,0.575,0.004,0.573,Frame_662,,74.33
10:06:24.757,6.111,-3.739,0.573,0.006,0.584,Frame_663,,74.33
10:06:25.257,6.136,-3.639,0.567,0.007,0.577,Frame_663,,74.33
10:06:25.757,6.160,-3.540,0.570,0.004,0.589,Frame_663,,74.33
10:06:26.257,6.187,-3.429,0.571,-0.009,0.584,Frame_663,,74.33
10:06:26.757,6.214,-3.318,0.577,-0.002,0.601,Frame_663,,74.33
10:06:27.257,6.242,-3.206,0.586,-0.007,0.600,Frame_664,,74.33
10:06:27.757,6.270,-3.093,0.573,0.007,0.607,Frame_664,,74.33
10:06:28.257,6.294,-2.993,0.568,-0.026,0.609,Frame_664,,74.33
10:06:28.757,6.320,-2.894,0.568,-0.016,0.623,Frame_664,,74.33
10:06:29.257,6.342,-2.804,0.570,-0.019,0.622,Frame_664,,74.33
10:06:29.757,6.374,-2.682,0.568,-0.018,0.618,Frame_664,,74.33
10:06:30.257,6.403,-2.569,0.604,-0.009,0.627,Frame_665,,74.33
10:06:30.757,6.430,-2.465,0.591,0.021,0.642,Frame_665,,74.33
10:06:31.257,6.459,-2.352,0.579,-0.007,0.638,Frame_665,,74.33
10:06:31.757,6.486,-2.252,0.578,-0.015,0.645,Frame_665,,74.33
10:06:32.257,6.512,-2.152,0.579,0.009,0.642,Frame_665,,74.33
10:06:32.757,6.542,-2.038,0.595,0.006,0.643,Frame_666,,74.33
10:06:33.257,6.571,-1.925,0.585,0.005,0.651,Frame_666,,74.33
10:06:33.757,6.601,-1.810,0.593,0.018,0.658,Frame_666,,74.33
10:06:34.257,6.627,-1.707,0.593,0.002,0.665,Frame_666,,74.35
10:06:34.757,6.656,-1.592,0.585,0.009,0.654,Frame_666,,74.35
10:06:35.257,6.682,-1.490,0.589,-0.008,0.670,Frame_667,,74.35
10:06:35.757,6.708,-1.389,0.577,0.018,0.671,Frame_667,,74.35
10:06:36.257,6.734,-1.288,0.573,0.005,0.670,Frame_667,,74.35
10:06:36.757,6.762,-1.176,0.571,0.005,0.664,Frame_667,,74.35
10:06:37.257,6.790,-1.066,0.566,-0.009,0.684,Frame_667,,74.35
10:06:37.757,6.815,-0.967,0.571,-0.010,0.690,Frame_668,,74.35
10:06:38.257,6.844,-0.855,0.578,-0.029,0.691,Frame_668,,74.35
10:06:38.757,6.871,-0.753,0.591,-0.033,0.697,Frame_668,,74.35
10:06:39.257,6.899,-0.651,0.591,-0.015,0.694,Frame_668,,74.37
10:06:39.757,6.927,-0.548,0.600,-0.014,0.701,Frame_668,,74.37
10:06:40.257,6.959,-0.433,0.601,-0.022,0.698,Frame_668,,74.37
10:06:40.757,6.985,-0.341,0.588,-0.057,0.708,Frame_669,,74.37
10:06:41.257,7.018,-0.228,0.584,-0.107,0.695,Frame_669,,74.37
10:06:41.758,7.046,-0.139,0.590,-0.128,0.705,Frame_669,,74.37
10:06:42.257,7.080,-0.039,0.593,-0.067,0.696,Frame_669,,74.37
10:06:42.757,7.115,0.061,0.581,-0.074,0.694,Frame_669,,74.37
10:06:43.257,7.142,0.136,0.572,-0.025,0.702,Frame_670,,74.37
10:06:43.757,7.169,0.210,0.554,-0.028,0.700,Frame_670,,74.37
10:06:44.257,7.193,0.272,0.554,-0.045,0.693,Frame_670,,74.45
10:06:44.759,7.224,0.354,0.549,-0.053,0.680,Frame_670,,74.45
10:06:45.259,7.247,0.415,0.531,-0.023,0.679,Frame_670,,74.45
10:06:45.757,7.274,0.484,0.526,-0.018,0.665,Frame_670,,74.45
10:06:46.257,7.304,0.561,0.502,-0.045,0.658,Frame_670,,74.45
10:06:46.757,7.330,0.625,0.492,-0.062,0.659,Frame_670,,74.45
10:06:47.257,7.360,0.696,0.458,-0.100,0.651,Frame_671,,74.45
10:06:47.757,7.384,0.753,0.432,-0.113,0.643,Frame_671,,74.45
10:06:48.257,7.412,0.815,0.419,-0.091,0.642,Frame_671,,74.45
10:06:48.757,7.437,0.868,0.398,-0.081,0.634,Frame_671,,74.45
10:06:49.257,7.463,0.922,0.339,-0.084,0.625,Frame_671,,74.68
10:06:49.757,7.483,0.962,0.320,-0.082,0.607,Frame_671,,74.68
10:06:50.257,7.500,0.996,0.306,0.030,0.601,Frame_672,,74.68
10:06:50.758,7.519,1.034,0.314,0.104,0.595,Frame_672,,74.68
10:06:51.259,7.541,1.079,0.314,-0.116,0.583,Frame_672,,74.68
10:06:51.757,7.561,1.119,0.317,-0.421,0.584,Frame_672,,74.68
10:06:52.257,7.586,1.162,0.321,-0.400,0.575,Frame_672,,74.68
10:06:52.757,7.610,1.199,0.209,-0.122,0.575,Frame_672,,74.68
10:06:53.257,7.621,1.215,0.115,0.075,0.554,Frame_672,,74.68
10:06:53.757,7.628,1.225,0.053,0.259,0.552,Frame_673,,74.68
10:06:54.257,7.632,1.232,0.088,0.462,0.549,Frame_673,,75.02
10:06:54.757,7.637,1.241,0.113,0.628,0.551,Frame_673,,75.02
10:06:55.257,7.644,1.256,0.168,0.672,0.524,Frame_673,,75.02
10:06:55.758,7.655,1.288,0.242,0.648,0.533,Frame_673,,75.02
10:06:56.257,7.662,1.323,0.321,0.624,0.516,Frame_673,,75.02
10:06:56.757,7.669,1.371,0.391,0.567,0.512,Frame_673,,75.02
10:06:57.257,7.672,1.427,0.419,0.477,0.528,Frame_674,,75.02
10:06:57.757,7.671,1.486,0.415,0.399,0.534,Frame_674,,75.02
10:06:58.257,7.666,1.543,0.410,0.291,0.550,Frame_674,,75.02
10:06:58.757,7.660,1.599,0.370,0.153,0.552,Frame_674,,75.02
10:06:59.257,7.652,1.656,0.349,0.054,0.594,Frame_674,,75.02
10:06:59.757,7.646,1.695,0.308,-0.048,0.608,Frame_674,,75.02
10:07:00.257,7.639,1.737,0.324,-0.215,0.644,Frame_674,,75.02
10:07:00.759,7.633,1.792,0.383,-0.527,0.657,Frame_675,,75.02
10:07:01.257,7.630,1.847,0.403,-0.670,0.685,Frame_675,,75.02
10:07:01.757,7.634,1.911,0.394,-0.789,0.703,Frame_675,,75.02
10:07:02.257,7.639,1.949,0.365,-0.792,0.728,Frame_675,,75.02
10:07:02.758,7.659,2.021,0.353,-0.414,0.730,Frame_675,,75.02
10:07:03.257,7.674,2.063,0.193,-0.047,0.734,Frame_675,,75.02
10:07:03.757,7.681,2.083,0.135,0.294,0.729,Frame_675,,75.02
10:07:04.257,7.687,2.100,0.189,0.486,0.735,Frame_676,,75.40
10:07:04.757,7.697,2.139,0.283,0.510,0.732,Frame_676,,75.40
10:07:05.257,7.706,2.192,0.313,0.487,0.715,Frame_676,,75.40
10:07:05.757,7.710,2.238,0.340,0.468,0.724,Frame_676,,75.40
10:07:06.257,7.711,2.293,0.358,0.428,0.730,Frame_676,,75.40
10:07:06.757,7.708,2.346,0.392,0.273,0.728,Frame_676,,75.40
10:07:07.257,7.704,2.399,0.380,0.227,0.723,Frame_676,,75.40
10:07:07.757,7.698,2.449,0.332,0.092,0.717,Frame_677,,75.40
10:07:08.258,7.692,2.495,0.319,0.063,0.683,Frame_677,,75.40
10:07:08.757,7.686,2.537,0.316,-0.262,0.676,Frame_677,,75.40
10:07:09.257,7.681,2.584,0.376,-0.550,0.671,Frame_677,,75.40
10:07:09.757,7.679,2.631,0.396,-0.703,0.648,Frame_677,,75.40
10:07:10.257,7.683,2.693,0.371,-0.806,0.626,Frame_677,,75.40
10:07:10.757,7.692,2.742,0.327,-0.830,0.609,Frame_677,,75.40
10:07:11.257,7.706,2.789,0.276,-0.840,0.594,Frame_678,,75.40
10:07:11.757,7.725,2.829,0.214,-0.845,0.599,Frame_678,,75.40
10:07:12.257,7.738,2.849,0.158,-0.840,0.606,Frame_678,,75.40
10:07:12.757,7.748,2.861,-0.109,-0.756,0.610,Frame_678,,75.40
10:07:13.257,7.730,2.845,-0.209,-0.756,0.600,Frame_678,,75.40
10:07:13.757,7.708,2.828,-0.171,-0.800,0.569,Frame_678,,75.40
10:07:14.257,7.689,2.816,-0.069,-0.869,0.558,Frame_679,,75.92
10:07:14.757,7.681,2.812,-0.045,-0.942,0.517,Frame_679,,75.92
10:07:15.257,7.674,2.810,-0.036,-0.999,0.526,Frame_679,,75.92
10:07:15.757,7.671,2.810,-0.021,-1.025,0.515,Frame_679,,75.92
10:07:16.257,7.669,2.810,-0.013,-1.078,0.509,Frame_679,,75.92
10:07:16.757,7.668,2.810,0.009,-1.107,0.511,Frame_679,,75.92
10:07:17.257,7.669,2.809,0.017,-1.148,0.515,Frame_679,,75.92
10:07:17.757,7.672,2.808,0.035,-1.180,0.511,Frame_680,,75.92
10:07:18.257,7.678,2.803,0.056,-1.174,0.532,Frame_680,,75.92
10:07:18.758,7.683,2.797,0.088,-1.135,0.532,Frame_680,,75.92
10:07:19.257,7.693,2.783,0.177,-1.094,0.546,Frame_680,,75.92
10:07:19.757,7.703,2.760,0.259,-1.039,0.576,Frame_680,,75.92
10:07:20.259,7.717,2.715,0.409,-0.881,0.606,Frame_680,,75.92
10:07:20.757,7.727,2.657,0.490,-0.757,0.652,Frame_680,,75.92
10:07:21.257,7.731,2.586,0.531,-0.610,0.667,Frame_681,,75.92
10:07:21.757,7.729,2.509,0.565,-0.413,0.710,Frame_681,,75.92
10:07:22.257,7.720,2.418,0.571,-0.283,0.717,Frame_681,,75.92
10:07:22.757,7.709,2.340,0.565,-0.201,0.734,Frame_681,,75.92
10:07:23.257,7.692,2.241,0.555,-0.131,0.726,Frame_681,,75.92
10:07:23.757,7.673,2.141,0.563,-0.101,0.722,Frame_681,,75.92
10:07:24.257,7.651,2.042,0.581,-0.062,0.724,Frame_681,,76.10
10:07:24.757,7.626,1.931,0.556,-0.102,0.712,Frame_682,,76.10
10:07:25.257,7.602,1.834,0.556,-0.020,0.713,Frame_682,,76.10
10:07:25.758,7.577,1.736,0.572,0.001,0.727,Frame_682,,76.10
10:07:26.257,7.549,1.625,0.572,-0.018,0.709,Frame_682,,76.10
10:07:26.757,7.524,1.525,0.569,-0.008,0.716,Frame_682,,76.10
10:07:27.260,7.493,1.405,0.554,0.023,0.717,Frame_683,,76.10
10:07:27.757,7.468,1.307,0.576,0.041,0.710,Frame_683,,76.10
10:07:28.257,7.441,1.196,0.567,0.089,0.720,Frame_683,,76.10
10:07:28.757,7.415,1.086,0.569,0.058,0.713,Frame_683,,76.10
10:07:29.257,7.391,0.975,0.568,0.039,0.716,Frame_683,,76.11
10:07:29.757,7.370,0.874,0.576,0.013,0.707,Frame_684,,76.11
10:07:30.257,7.348,0.764,0.556,0.029,0.708,Frame_684,,76.11
10:07:30.757,7.326,0.656,0.558,0.003,0.712,Frame_684,,76.11
10:07:31.257,7.306,0.556,0.578,-0.000,0.701,Frame_684,,76.11
10:07:31.757,7.284,0.442,0.586,-0.018,0.695,Frame_684,,76.11
10:07:32.257,7.261,0.327,0.583,-0.005,0.689,Frame_685,,76.11
10:07:32.757,7.241,0.227,0.563,-0.019,0.691,Frame_685,,76.11
10:07:33.257,7.218,0.116,0.567,0.059,0.679,Frame_685,,76.11
10:07:33.757,7.200,0.027,0.572,0.059,0.674,Frame_685,,76.11
10:07:34.257,7.180,-0.084,0.564,0.047,0.680,Frame_685,,76.16
10:07:34.757,7.168,-0.151,0.556,0.027,0.670,Frame_685,,76.16
10:07:35.257,7.150,-0.250,0.555,0.013,0.662,Frame_686,,76.16
10:07:35.758,7.139,-0.316,0.547,0.018,0.650,Frame_686,,76.16
10:07:36.257,7.120,-0.423,0.547,-0.010,0.652,Frame_686,,76.16
10:07:36.757,7.109,-0.489,0.563,-0.005,0.651,Frame_686,,76.16
10:07:37.257,7.094,-0.577,0.565,-0.020,0.637,Frame_686,,76.16
10:07:37.757,7.079,-0.665,0.549,-0.025,0.630,Frame_686,,76.16
10:07:38.257,7.065,-0.740,0.544,-0.003,0.631,Frame_687,,76.16
10:07:38.757,7.049,-0.828,0.550,0.006,0.617,Frame_687,,76.16
10:07:39.257,7.034,-0.916,0.558,0.000,0.612,Frame_687,,76.18
10:07:39.757,7.018,-1.002,0.542,-0.011,0.608,Frame_687,,76.18
10:07:40.257,7.005,-1.078,0.560,-0.016,0.609,Frame_687,,76.18
10:07:40.757,6.989,-1.167,0.572,-0.015,0.593,Frame_687,,76.18
10:07:41.257,6.977,-1.234,0.561,-0.021,0.597,Frame_687,,76.18
10:07:41.757,6.958,-1.333,0.561,0.005,0.593,Frame_688,,76.18
10:07:42.257,6.946,-1.400,0.562,0.017,0.590,Frame_688,,76.18
10:07:42.757,6.928,-1.498,0.559,0.009,0.577,Frame_688,,76.18
10:07:43.257,6.916,-1.564,0.562,0.002,0.575,Frame_688,,76.18
10:07:43.757,6.901,-1.651,0.557,0.026,0.562,Frame_688,,76.18
10:07:44.258,6.887,-1.729,0.568,0.016,0.573,Frame_688,,76.18
10:07:44.757,6.870,-1.828,0.549,0.002,0.562,Frame_688,,76.18
10:07:45.257,6.856,-1.905,0.557,-0.009,0.560,Frame_689,,76.18
10:07:45.757,6.839,-2.003,0.551,-0.019,0.540,Frame_689,,76.18
10:07:46.257,6.824,-2.089,0.550,-0.024,0.543,Frame_689,,76.18
10:07:46.757,6.810,-2.165,0.563,-0.072,0.543,Frame_689,,76.18
10:07:47.257,6.790,-2.265,0.572,-0.044,0.520,Frame_689,,76.18
10:07:47.757,6.769,-2.375,0.561,0.046,0.525,Frame_689,,76.18
10:07:48.257,6.748,-2.485,0.564,0.053,0.521,Frame_690,,76.18
10:07:48.757,6.734,-2.563,0.559,0.019,0.513,Frame_690,,76.18
10:07:49.257,6.722,-2.628,0.556,0.020,0.515,Frame_690,,76.20
10:07:49.757,6.707,-2.716,0.551,-0.001,0.507,Frame_690,,76.20
10:07:50.257,6.690,-2.815,0.561,-0.019,0.493,Frame_690,,76.20
10:07:50.757,6.676,-2.891,0.570,-0.031,0.486,Frame_690,,76.20
10:07:51.257,6.658,-2.991,0.560,-0.015,0.492,Frame_691,,76.20
10:07:51.757,6.644,-3.070,0.571,-0.043,0.480,Frame_691,,76.20
10:07:52.257,6.626,-3.160,0.567,-0.049,0.472,Frame_691,,76.20
10:07:52.757,6.604,-3.272,0.574,-0.014,0.470,Frame_691,,76.20
10:07:53.257,6.581,-3.384,0.566,-0.034,0.472,Frame_691,,76.20
10:07:53.757,6.558,-3.496,0.570,-0.023,0.459,Frame_692,,76.20
10:07:54.257,6.542,-3.573,0.551,-0.001,0.461,Frame_692,,76.21
10:07:54.758,6.523,-3.660,0.554,0.006,0.457,Frame_692,,76.21
10:07:55.257,6.499,-3.770,0.576,0.006,0.455,Frame_692,,76.21
10:07:55.757,6.480,-3.861,0.566,0.005,0.444,Frame_692,,76.21
10:07:56.257,6.456,-3.972,0.576,-0.003,0.449,Frame_692,,76.21
10:07:56.757,6.437,-4.061,0.567,0.012,0.446,Frame_693,,76.21
10:07:57.257,6.416,-4.162,0.591,0.020,0.450,Frame_693,,76.21
10:07:57.757,6.392,-4.276,0.571,0.013,0.440,Frame_693,,76.21
10:07:58.257,6.371,-4.378,0.584,-0.014,0.442,Frame_693,,76.21
10:07:58.757,6.352,-4.468,0.572,0.000,0.425,Frame_693,,76.21
10:07:59.257,6.330,-4.570,0.586,-0.012,0.426,Frame_693,,76.21
10:07:59.757,6.305,-4.683,0.573,-0.085,0.429,Frame_693,,76.21
10:08:00.257,6.282,-4.783,0.562,-0.134,0.423,Frame_694,,76.21
10:08:00.760,6.254,-4.892,0.568,-0.085,0.421,Frame_694,,76.21
10:08:01.258,6.227,-4.990,0.557,-0.049,0.426,Frame_694,,76.21
10:08:01.757,6.202,-5.077,0.566,-0.007,0.421,Frame_694,,76.21
10:08:02.257,6.176,-5.165,0.572,0.035,0.417,Frame_695,,76.21
10:08:02.757,6.144,-5.276,0.579,-0.015,0.432,Frame_695,,76.21
10:08:03.257,6.112,-5.386,0.573,-0.065,0.440,Frame_695,,76.21
10:08:03.757,6.086,-5.474,0.574,-0.083,0.450,Frame_695,,76.21
10:08:04.257,6.062,-5.551,0.589,-0.034,0.444,Frame_695,,76.19
10:08:04.757,6.033,-5.641,0.591,-0.027,0.457,Frame_695,,76.19
10:08:05.257,6.008,-5.720,0.602,-0.009,0.455,Frame_695,,76.19
10:08:05.757,5.986,-5.789,0.602,-0.012,0.473,Frame_695,,76.19
10:08:06.257,5.953,-5.890,0.581,0.045,0.467,Frame_696,,76.19
10:08:06.757,5.933,-5.956,0.567,0.011,0.476,Frame_696,,76.19
10:08:07.257,5.905,-6.044,0.576,-0.022,0.480,Frame_696,,76.19
10:08:07.757,5.881,-6.120,0.559,-0.041,0.487,Frame_696,,76.19
10:08:08.257,5.854,-6.205,0.567,-0.012,0.496,Frame_696,,76.19
10:08:08.757,5.830,-6.280,0.562,-0.027,0.498,Frame_697,,76.19
10:08:09.258,5.802,-6.365,0.544,0.015,0.506,Frame_697,,76.20
10:08:09.757,5.780,-6.435,0.511,0.009,0.507,Frame_697,,76.20
10:08:10.257,5.755,-6.511,0.496,-0.075,0.514,Frame_697,,76.20
10:08:10.757,5.736,-6.568,0.504,-0.120,0.519,Frame_697,,76.20
10:08:11.257,5.705,-6.652,0.489,-0.209,0.531,Frame_697,,76.20
10:08:11.757,5.684,-6.708,0.496,-0.196,0.533,Frame_697,,76.20
10:08:12.257,5.649,-6.790,0.501,-0.091,0.537,Frame_697,,76.20
10:08:12.757,5.623,-6.848,0.564,-0.045,0.546,Frame_698,,76.20
10:08:13.257,5.600,-6.901,0.584,-0.061,0.575,Frame_698,,76.20
10:08:13.759,5.561,-6.987,0.601,-0.080,0.579,Frame_698,,76.20
10:08:14.257,5.525,-7.063,0.609,-0.012,0.593,Frame_698,,76.68
10:08:14.757,5.483,-7.152,0.622,-0.008,0.619,Frame_698,,76.68
10:08:15.258,5.435,-7.254,0.623,-0.014,0.644,Frame_698,,76.68
10:08:15.760,5.393,-7.344,0.631,-0.049,0.655,Frame_699,,76.68
10:08:16.260,5.360,-7.412,0.621,-0.048,0.670,Frame_699,,76.68
10:08:16.757,5.310,-7.512,0.631,-0.059,0.696,Frame_699,,76.68
10:08:17.257,5.276,-7.579,0.614,-0.060,0.701,Frame_699,,76.68
10:08:17.760,5.237,-7.655,0.598,-0.060,0.724,Frame_699,,76.68
10:08:18.257,5.199,-7.728,0.563,-0.073,0.723,Frame_699,,76.68
10:08:18.757,5.156,-7.808,0.567,-0.067,0.692,Frame_699,,76.68
10:08:19.260,5.117,-7.878,0.562,-0.076,0.670,Frame_700,,77.27
10:08:19.757,5.074,-7.955,0.549,-0.078,0.645,Frame_700,,77.27
10:08:20.257,5.035,-8.022,0.539,-0.060,0.626,Frame_700,,77.27
10:08:20.757,4.997,-8.087,0.539,-0.061,0.603,Frame_700,,77.27
10:08:21.257,4.952,-8.160,0.527,-0.098,0.598,Frame_700,,77.27
10:08:21.757,4.914,-8.220,0.490,-0.115,0.580,Frame_700,,77.27
10:08:22.257,4.878,-8.277,0.409,-0.177,0.584,Frame_700,,77.27
10:08:22.757,4.867,-8.292,-0.094,-0.269,0.585,Frame_701,,77.27
10:08:23.257,4.888,-8.264,-0.244,-0.320,0.595,Frame_701,,77.27
10:08:23.758,4.904,-8.245,-0.261,-0.412,0.585,Frame_701,,77.27
10:08:24.257,4.931,-8.215,-0.227,-0.577,0.598,Frame_701,,77.64
10:08:24.757,4.952,-8.196,-0.178,-0.689,0.615,Frame_701,,77.64
10:08:25.257,4.973,-8.180,-0.135,-0.759,0.623,Frame_701,,77.64
10:08:25.758,4.985,-8.172,-0.047,-0.856,0.647,Frame_702,,77.64
10:08:26.257,4.989,-8.171,-0.029,-0.938,0.658,Frame_702,,77.64
10:08:26.758,4.995,-8.169,-0.051,-0.993,0.647,Frame_702,,77.64
10:08:27.257,5.001,-8.168,-0.029,-1.074,0.682,Frame_702,,77.64
10:08:27.757,5.005,-8.168,-0.014,-1.128,0.684,Frame_702,,77.64
10:08:28.257,5.007,-8.168,-0.004,-1.167,0.692,Frame_702,,77.64
10:08:28.757,5.006,-8.168,0.011,-1.194,0.692,Frame_702,,77.64
10:08:29.257,5.004,-8.166,0.025,-1.189,0.692,Frame_702,,77.64
10:08:29.757,4.998,-8.161,0.055,-1.142,0.676,Frame_703,,77.64
10:08:30.258,4.992,-8.155,0.091,-1.126,0.669,Frame_703,,77.64
10:08:30.757,4.984,-8.143,0.188,-1.090,0.660,Frame_703,,77.64
10:08:31.261,4.971,-8.113,0.312,-1.012,0.625,Frame_703,,77.64
10:08:31.757,4.967,-8.102,0.431,-0.834,0.600,Frame_703,,77.64
10:08:32.257,4.949,-8.006,0.482,-0.707,0.536,Frame_703,,77.64
10:08:32.757,4.945,-7.924,0.545,-0.465,0.514,Frame_704,,77.64
10:08:33.257,4.946,-7.847,0.559,-0.363,0.476,Frame_704,,77.64
10:08:33.757,4.953,-7.757,0.569,-0.294,0.454,Frame_704,,77.64
10:08:34.257,4.964,-7.667,0.569,-0.280,0.439,Frame_704,,77.87
10:08:34.757,4.977,-7.589,0.567,-0.125,0.433,Frame_704,,77.87
10:08:35.257,4.992,-7.510,0.567,-0.069,0.415,Frame_704,,77.87
10:08:35.757,5.013,-7.399,0.562,-0.012,0.410,Frame_704,,77.87
10:08:36.259,5.035,-7.289,0.562,0.001,0.402,Frame_705,,77.87
10:08:36.757,5.058,-7.178,0.568,-0.000,0.397,Frame_705,,77.87
10:08:37.257,5.078,-7.077,0.555,0.001,0.396,Frame_705,,77.87
10:08:37.757,5.100,-6.969,0.556,0.006,0.395,Frame_705,,77.87
10:08:38.257,5.120,-6.871,0.557,-0.000,0.391,Frame_705,,77.87
10:08:38.758,5.142,-6.761,0.567,-0.013,0.382,Frame_706,,77.87
10:08:39.257,5.162,-6.661,0.568,-0.015,0.379,Frame_706,,77.88
10:08:39.757,5.183,-6.562,0.566,0.014,0.375,Frame_706,,77.88
10:08:40.257,5.206,-6.451,0.568,0.007,0.369,Frame_706,,77.88
10:08:40.757,5.228,-6.340,0.565,0.006,0.363,Frame_706,,77.88
10:08:41.257,5.246,-6.252,0.571,-0.005,0.358,Frame_706,,77.88
10:08:41.757,5.268,-6.141,0.573,-0.017,0.360,Frame_707,,77.88
10:08:42.258,5.289,-6.040,0.556,-0.019,0.350,Frame_707,,77.88
10:08:42.757,5.311,-5.929,0.556,-0.026,0.341,Frame_707,,77.88
10:08:43.257,5.334,-5.822,0.552,-0.053,0.344,Frame_707,,77.88
10:08:43.757,5.355,-5.725,0.541,-0.057,0.341,Frame_707,,77.88
10:08:44.257,5.379,-5.620,0.535,-0.044,0.337,Frame_708,,77.88
10:08:44.757,5.401,-5.525,0.539,-0.040,0.337,Frame_708,,77.88
10:08:45.259,5.425,-5.430,0.544,-0.008,0.334,Frame_708,,77.88
10:08:45.758,5.450,-5.326,0.533,-0.005,0.335,Frame_708,,77.88
10:08:46.257,5.471,-5.244,0.533,0.006,0.329,Frame_708,,77.88
10:08:46.757,5.497,-5.139,0.538,-0.005,0.327,Frame_709,,77.88
10:08:47.257,5.523,-5.034,0.561,-0.063,0.335,Frame_709,,77.88
10:08:47.757,5.551,-4.926,0.557,-0.064,0.316,Frame_709,,77.88
10:08:48.257,5.577,-4.830,0.549,-0.015,0.330,Frame_709,,77.88
10:08:48.757,5.603,-4.735,0.548,0.025,0.328,Frame_709,,77.88
10:08:49.257,5.626,-4.651,0.552,0.042,0.339,Frame_709,,77.88
10:08:49.757,5.654,-4.545,0.546,0.052,0.334,Frame_710,,77.88
10:08:50.257,5.678,-4.451,0.544,0.045,0.344,Frame_710,,77.88
10:08:50.757,5.704,-4.345,0.544,0.025,0.340,Frame_710,,77.88
10:08:51.257,5.730,-4.238,0.565,-0.033,0.339,Frame_710,,77.88
10:08:51.760,5.757,-4.127,0.568,-0.042,0.345,Frame_711,,77.88
10:08:52.257,5.782,-4.028,0.573,0.029,0.331,Frame_711,,77.88
10:08:52.759,5.811,-3.915,0.585,0.047,0.338,Frame_711,,77.88
10:08:53.257,5.832,-3.826,0.566,0.009,0.345,Frame_711,,77.88
10:08:53.759,5.858,-3.717,0.544,0.001,0.327,Frame_711,,77.88
10:08:54.257,5.879,-3.632,0.549,-0.007,0.334,Frame_711,,77.88
10:08:54.757,5.905,-3.524,0.564,-0.004,0.346,Frame_712,,77.88
10:08:55.260,5.931,-3.415,0.550,0.010,0.341,Frame_712,,77.88
10:08:55.757,5.957,-3.307,0.565,0.021,0.344,Frame_712,,77.88
10:08:56.257,5.983,-3.198,0.549,0.008,0.342,Frame_712,,77.88
10:08:56.758,6.005,-3.102,0.535,-0.004,0.334,Frame_712,,77.88
10:08:57.257,6.027,-3.008,0.555,-0.033,0.333,Frame_713,,77.88
10:08:57.757,6.053,-2.899,0.578,-0.040,0.331,Frame_713,,77.88
10:08:58.264,6.081,-2.787,0.561,-0.033,0.328,Frame_713,,77.88
10:08:58.757,6.106,-2.689,0.559,-0.022,0.336,Frame_713,,77.88
10:08:59.257,6.131,-2.591,0.546,0.002,0.322,Frame_713,,77.88
10:08:59.757,6.159,-2.485,0.557,0.020,0.328,Frame_714,,77.88
10:09:00.257,6.184,-2.386,0.578,0.012,0.343,Frame_714,,77.88
10:09:00.757,6.212,-2.276,0.561,0.021,0.338,Frame_714,,77.88
10:09:01.257,6.236,-2.179,0.557,0.044,0.343,Frame_714,,77.88
10:09:01.760,6.258,-2.091,0.564,0.029,0.347,Frame_714,,77.88
10:09:02.257,6.281,-1.993,0.565,-0.004,0.334,Frame_714,,77.88
10:09:02.757,6.304,-1.894,0.580,-0.034,0.338,Frame_715,,77.88
10:09:03.257,6.331,-1.782,0.576,-0.022,0.340,Frame_715,,77.88
10:09:03.757,6.359,-1.671,0.568,0.006,0.334,Frame_715,,77.88
10:09:04.259,6.386,-1.561,0.564,0.026,0.334,Frame_715,,77.88
10:09:04.758,6.410,-1.462,0.561,-0.012,0.339,Frame_715,,77.88
10:09:05.258,6.435,-1.363,0.576,-0.016,0.331,Frame_716,,77.88
10:09:05.757,6.457,-1.275,0.560,-0.015,0.333,Frame_716,,77.88
10:09:06.259,6.484,-1.166,0.549,0.031,0.331,Frame_716,,77.88
10:09:06.757,6.508,-1.070,0.556,0.008,0.329,Frame_716,,77.88
10:09:07.257,6.531,-0.972,0.565,0.014,0.342,Frame_716,,77.88
10:09:07.758,6.557,-0.863,0.552,0.037,0.326,Frame_717,,77.88
10:09:08.257,6.577,-0.777,0.545,0.049,0.334,Frame_717,,77.88
10:09:08.757,6.602,-0.670,0.564,-0.046,0.336,Frame_717,,77.88
10:09:09.259,6.628,-0.558,0.580,-0.066,0.317,Frame_717,,77.89
10:09:09.757,6.650,-0.469,0.576,-0.019,0.332,Frame_717,,77.89
10:09:10.257,6.678,-0.357,0.570,-0.014,0.329,Frame_717,,77.89
10:09:10.757,6.703,-0.257,0.570,0.010,0.320,Frame_718,,77.89
10:09:11.257,6.725,-0.169,0.571,0.008,0.335,Frame_718,,77.89
10:09:11.757,6.747,-0.079,0.583,0.024,0.336,Frame_718,,77.89
10:09:12.257,6.774,0.033,0.574,0.007,0.341,Frame_718,,77.89
10:09:12.757,6.799,0.136,0.586,0.021,0.410,Frame_718,,77.89
10:09:13.257,6.818,0.216,0.578,0.002,0.478,Frame_718,,77.89
10:09:13.757,6.841,0.317,0.578,0.016,0.568,Frame_719,,77.89
10:09:14.257,6.868,0.431,0.596,-0.004,0.620,Frame_719,,77.92
10:09:14.757,6.893,0.535,0.589,-0.075,0.728,Frame_719,,77.92
10:09:15.257,6.915,0.625,0.575,-0.097,0.839,Frame_719,,77.92
10:09:15.757,6.939,0.716,0.585,-0.059,0.851,Frame_719,,77.92
10:09:16.257,6.967,0.817,0.592,-0.038,0.734,Frame_720,,77.92
10:09:16.759,6.993,0.907,0.589,-0.013,0.638,Frame_720,,77.92
10:09:17.257,7.022,1.009,0.586,-0.026,0.555,Frame_720,,77.92
10:09:17.757,7.051,1.111,0.592,0.008,0.499,Frame_720,,77.92
10:09:18.257,7.080,1.211,0.568,-0.007,0.442,Frame_720,,77.92
10:09:18.757,7.106,1.299,0.581,-0.050,0.372,Frame_720,,77.92
10:09:19.261,7.132,1.388,0.581,-0.087,0.364,Frame_721,,77.93
10:09:19.757,7.157,1.466,0.591,-0.061,0.356,Frame_721,,77.93
10:09:20.257,7.182,1.544,0.580,-0.042,0.357,Frame_721,,77.93
10:09:20.757,7.204,1.610,0.579,-0.031,0.348,Frame_721,,77.93
10:09:21.257,7.234,1.700,0.595,-0.021,0.360,Frame_721,,77.93
10:09:21.757,7.260,1.779,0.585,-0.057,0.379,Frame_721,,77.93
10:09:22.257,7.291,1.867,0.580,-0.081,0.381,Frame_721,,77.93
10:09:22.758,7.318,1.944,0.584,-0.071,0.392,Frame_722,,77.93
10:09:23.258,7.342,2.008,0.560,-0.058,0.398,Frame_722,,77.93
10:09:23.757,7.379,2.104,0.569,-0.071,0.407,Frame_722,,77.93
10:09:24.257,7.403,2.168,0.561,-0.102,0.420,Frame_722,,77.95
10:09:24.760,7.441,2.260,0.525,-0.130,0.425,Frame_722,,77.95
10:09:25.257,7.466,2.317,0.506,-0.128,0.439,Frame_722,,77.95
10:09:25.757,7.499,2.391,0.504,-0.172,0.446,Frame_722,,77.95
10:09:26.257,7.530,2.455,0.507,-0.156,0.450,Frame_723,,77.95
10:09:26.757,7.566,2.526,0.504,-0.168,0.469,Frame_723,,77.95
10:09:27.257,7.600,2.589,0.501,-0.146,0.489,Frame_723,,77.95
10:09:27.758,7.639,2.658,0.493,-0.104,0.500,Frame_723,,77.95
10:09:28.257,7.675,2.717,0.497,-0.023,0.513,Frame_723,,77.95
10:09:28.757,7.716,2.786,0.502,-0.018,0.554,Frame_723,,77.95
10:09:29.257,7.752,2.845,0.476,-0.021,0.562,Frame_723,,78.11
10:09:29.757,7.781,2.893,0.451,-0.031,0.590,Frame_724,,78.11
10:09:30.257,7.817,2.953,0.424,0.230,0.603,Frame_724,,78.11
10:09:30.757,7.847,3.005,0.426,0.270,0.636,Frame_724,,78.11
10:09:31.257,7.878,3.065,0.418,0.219,0.644,Frame_724,,78.11
10:09:31.757,7.902,3.116,0.390,0.194,0.666,Frame_724,,78.11
10:09:32.257,7.927,3.172,0.376,0.184,0.678,Frame_724,,78.11
10:09:32.757,7.947,3.221,0.381,-0.239,0.696,Frame_724,,78.11
10:09:33.257,7.961,3.251,-0.045,-0.388,0.698,Frame_725,,78.11
10:09:33.757,7.950,3.231,-0.206,-0.418,0.684,Frame_725,,78.11
10:09:34.257,7.936,3.208,-0.252,-0.474,0.689,Frame_725,,78.11
10:09:34.757,7.913,3.176,-0.239,-0.576,0.665,Frame_725,,78.11
10:09:35.257,7.893,3.151,-0.220,-0.660,0.650,Frame_725,,78.11
10:09:35.757,7.872,3.131,-0.183,-0.751,0.637,Frame_725,,78.11
10:09:36.257,7.851,3.113,-0.133,-0.831,0.610,Frame_726,,78.11
10:09:36.757,7.840,3.106,-0.054,-0.888,0.597,Frame_726,,78.11
10:09:37.258,7.833,3.103,-0.060,-0.976,0.581,Frame_726,,78.11
10:09:37.757,7.825,3.101,-0.043,-1.007,0.571,Frame_726,,78.11
10:09:38.257,7.819,3.100,-0.027,-1.058,0.557,Frame_726,,78.11
10:09:38.757,7.816,3.100,-0.013,-1.142,0.555,Frame_726,,78.11
10:09:39.257,7.814,3.100,-0.008,-1.199,0.552,Frame_726,,78.11
10:09:39.757,7.815,3.100,0.014,-1.230,0.551,Frame_727,,78.11
10:09:40.257,7.817,3.098,0.040,-1.212,0.562,Frame_727,,78.11
10:09:40.757,7.822,3.094,0.051,-1.197,0.572,Frame_727,,78.11
10:09:41.257,7.827,3.088,0.090,-1.154,0.569,Frame_727,,78.11
10:09:41.757,7.833,3.076,0.136,-1.158,0.597,Frame_727,,78.11
10:09:42.257,7.843,3.048,0.281,-1.050,0.613,Frame_727,,78.11
10:09:42.757,7.851,3.012,0.386,-0.975,0.652,Frame_727,,78.11
10:09:43.260,7.854,2.948,0.497,-0.796,0.674,Frame_728,,78.11
10:09:43.757,7.851,2.886,0.569,-0.613,0.689,Frame_728,,78.11
10:09:44.257,7.838,2.796,0.577,-0.501,0.712,Frame_728,,78.11
10:09:44.757,7.815,2.695,0.582,-0.375,0.737,Frame_728,,78.11
10:09:45.257,7.780,2.582,0.600,-0.242,0.731,Frame_728,,78.11
10:09:45.759,7.756,2.514,0.599,-0.155,0.730,Frame_728,,78.11
10:09:46.257,7.726,2.436,0.595,-0.181,0.726,Frame_728,,78.11
10:09:46.757,7.689,2.346,0.613,-0.187,0.723,Frame_729,,78.11
10:09:47.257,7.650,2.257,0.607,-0.186,0.717,Frame_729,,78.11
10:09:47.757,7.608,2.169,0.602,-0.086,0.696,Frame_729,,78.11
10:09:48.257,7.572,2.095,0.582,-0.059,0.689,Frame_729,,78.11
10:09:48.757,7.530,2.013,0.559,-0.059,0.652,Frame_729,,78.11
10:09:49.257,7.495,1.946,0.528,-0.083,0.651,Frame_729,,78.30
10:09:49.757,7.456,1.872,0.502,-0.090,0.623,Frame_730,,78.30
10:09:50.257,7.418,1.804,0.470,-0.096,0.607,Frame_730,,78.30
10:09:50.760,7.380,1.738,0.489,-0.077,0.595,Frame_730,,78.30
10:09:51.257,7.346,1.679,0.492,-0.097,0.575,Frame_730,,78.30
10:09:51.758,7.306,1.614,0.457,-0.081,0.557,Frame_730,,78.30
10:09:52.257,7.273,1.561,0.437,-0.058,0.533,Frame_730,,78.30
10:09:52.757,7.236,1.502,0.422,-0.078,0.523,Frame_730,,78.30
10:09:53.257,7.195,1.440,0.411,-0.114,0.504,Frame_731,,78.30
10:09:53.757,7.167,1.399,0.404,-0.143,0.494,Frame_731,,78.30
10:09:54.257,7.130,1.347,0.402,-0.166,0.459,Frame_731,,78.30
10:09:54.757,7.096,1.301,0.407,-0.199,0.443,Frame_731,,78.30
10:09:55.257,7.055,1.250,0.412,-0.273,0.430,Frame_731,,78.30
10:09:55.759,7.017,1.207,0.412,-0.347,0.419,Frame_731,,78.30
10:09:56.257,6.971,1.159,0.422,-0.408,0.408,Frame_732,,78.30
10:09:56.757,6.928,1.119,0.438,-0.450,0.414,Frame_732,,78.30
10:09:57.257,6.873,1.075,0.444,-0.479,0.418,Frame_732,,78.30
10:09:57.758,6.822,1.039,0.450,-0.512,0.418,Frame_732,,78.30
10:09:58.257,6.759,1.003,0.458,-0.549,0.449,Frame_732,,78.30
10:09:58.757,6.701,0.975,0.434,-0.637,0.458,Frame_732,,78.30
10:09:59.257,6.629,0.948,0.435,-0.590,0.493,Frame_732,,78.31
10:09:59.757,6.577,0.934,0.483,-0.504,0.503,Frame_733,,78.31
10:10:00.257,6.492,0.918,0.486,-0.450,0.556,Frame_733,,78.31
10:10:00.757,6.434,0.911,0.493,-0.451,0.556,Frame_733,,78.31
10:10:01.257,6.364,0.907,0.518,-0.420,0.595,Frame_733,,78.31
10:10:01.757,6.281,0.908,0.519,-0.328,0.614,Frame_733,,78.31
10:10:02.257,6.208,0.912,0.528,-0.264,0.655,Frame_733,,78.31
10:10:02.757,6.123,0.920,0.542,-0.153,0.660,Frame_733,,78.31
10:10:03.257,6.048,0.930,0.548,-0.078,0.672,Frame_734,,78.31
10:10:03.757,5.962,0.942,0.554,-0.034,0.681,Frame_734,,78.31
10:10:04.257,5.887,0.953,0.542,-0.017,0.708,Frame_734,,78.33
10:10:04.757,5.799,0.966,0.541,-0.048,0.704,Frame_734,,78.33
10:10:05.257,5.713,0.979,0.546,-0.053,0.721,Frame_734,,78.33
10:10:05.758,5.638,0.991,0.545,-0.007,0.736,Frame_734,,78.33
10:10:06.257,5.551,1.005,0.555,0.043,0.745,Frame_735,,78.33
10:10:06.757,5.473,1.017,0.568,0.038,0.753,Frame_735,,78.33
10:10:07.258,5.385,1.030,0.557,0.035,0.753,Frame_735,,78.33
10:10:07.757,5.309,1.041,0.543,-0.001,0.759,Frame_735,,78.33
10:10:08.259,5.224,1.054,0.542,-0.005,0.782,Frame_735,,78.33
10:10:08.757,5.148,1.064,0.546,0.023,0.790,Frame_735,,78.33
10:10:09.257,5.061,1.077,0.551,0.003,0.801,Frame_735,,78.40
10:10:09.757,4.997,1.086,0.539,0.019,0.807,Frame_736,,78.40
10:10:10.257,4.922,1.096,0.524,0.117,0.819,Frame_736,,78.40
10:10:10.757,4.839,1.106,0.524,0.147,0.833,Frame_736,,78.40
10:10:11.257,4.777,1.113,0.413,-0.399,0.843,Frame_736,,78.40
10:10:11.757,4.712,1.125,0.430,-0.479,0.850,Frame_736,,78.40
10:10:12.257,4.649,1.140,0.508,-0.454,0.858,Frame_736,,78.40
10:10:12.757,4.559,1.170,0.559,-0.386,0.873,Frame_736,,78.40
10:10:13.257,4.475,1.204,0.576,-0.294,0.878,Frame_737,,78.40
10:10:13.757,4.400,1.238,0.579,-0.196,0.882,Frame_737,,78.40
10:10:14.257,4.326,1.274,0.574,-0.148,0.857,Frame_737,,78.61
10:10:14.757,4.244,1.317,0.596,-0.215,0.850,Frame_737,,78.61
10:10:15.257,4.172,1.358,0.585,-0.185,0.832,Frame_737,,78.61
10:10:15.760,4.093,1.405,0.567,-0.136,0.831,Frame_737,,78.61
10:10:16.257,4.026,1.448,0.565,-0.076,0.803,Frame_737,,78.61
10:10:16.757,3.951,1.496,0.541,-0.020,0.798,Frame_738,,78.61
10:10:17.257,3.889,1.537,0.520,0.009,0.769,Frame_738,,78.61
10:10:17.757,3.821,1.582,0.498,0.023,0.757,Frame_738,,78.61
10:10:18.257,3.763,1.620,0.491,-0.002,0.728,Frame_738,,78.61
10:10:18.757,3.699,1.661,0.473,-0.003,0.727,Frame_738,,78.61
10:10:19.257,3.651,1.692,0.448,-0.035,0.698,Frame_738,,78.61
10:10:19.759,3.585,1.735,0.434,-0.065,0.690,Frame_739,,78.61
10:10:20.257,3.543,1.764,0.422,-0.097,0.673,Frame_739,,78.61
10:10:20.757,3.487,1.802,0.427,-0.129,0.653,Frame_739,,78.61
10:10:21.257,3.439,1.837,0.425,-0.187,0.648,Frame_739,,78.61
10:10:21.760,3.391,1.873,0.443,-0.248,0.622,Frame_739,,78.61
10:10:22.257,3.343,1.912,0.441,-0.304,0.627,Frame_739,,78.61
10:10:22.757,3.290,1.959,0.448,-0.360,0.613,Frame_739,,78.61
10:10:23.257,3.251,1.997,0.452,-0.393,0.596,Frame_740,,78.61
10:10:23.757,3.209,2.042,0.452,-0.424,0.598,Frame_740,,78.61
10:10:24.257,3.174,2.085,0.466,-0.444,0.601,Frame_740,,78.78
10:10:24.757,3.131,2.145,0.479,-0.455,0.607,Frame_740,,78.78
10:10:25.257,3.105,2.186,0.452,-0.530,0.607,Frame_740,,78.78
10:10:25.757,3.074,2.242,0.471,-0.544,0.617,Frame_740,,78.78
10:10:26.259,3.041,2.313,0.517,-0.496,0.639,Frame_740,,78.78
10:10:26.759,3.017,2.380,0.499,-0.452,0.639,Frame_740,,78.78
10:10:27.257,2.994,2.458,0.521,-0.371,0.645,Frame_741,,78.78
10:10:27.757,2.980,2.520,0.532,-0.286,0.689,Frame_741,,78.78
10:10:28.257,2.966,2.594,0.533,-0.257,0.706,Frame_741,,78.78
10:10:28.757,2.954,2.666,0.489,-0.191,0.721,Frame_741,,78.78
10:10:29.257,2.946,2.733,0.481,-0.172,0.754,Frame_741,,78.79
10:10:29.757,2.938,2.808,0.445,-0.127,0.745,Frame_741,,78.79
10:10:30.257,2.933,2.862,0.447,-0.086,0.701,Frame_741,,78.79
10:10:30.757,2.929,2.922,0.409,-0.032,0.694,Frame_742,,78.79
10:10:31.258,2.925,2.978,0.389,0.028,0.669,Frame_742,,78.79
10:10:31.757,2.921,3.038,0.371,0.036,0.636,Frame_742,,78.79
10:10:32.257,2.917,3.097,0.365,0.103,0.630,Frame_742,,78.79
10:10:32.757,2.913,3.133,0.352,0.061,0.611,Frame_742,,78.79
10:10:33.257,2.908,3.186,0.309,0.049,0.585,Frame_742,,78.79
10:10:33.757,2.905,3.222,0.294,0.058,0.577,Frame_742,,78.79
10:10:34.257,2.901,3.256,0.280,0.118,0.560,Frame_743,,78.79
10:10:34.757,2.895,3.304,0.330,0.006,0.539,Frame_743,,78.79
10:10:35.257,2.890,3.344,0.325,-0.000,0.517,Frame_743,,78.79
10:10:35.759,2.884,3.388,0.335,-0.071,0.484,Frame_743,,78.79
10:10:36.257,2.878,3.438,0.387,-0.284,0.471,Frame_743,,78.79
10:10:36.757,2.874,3.495,0.439,-0.400,0.455,Frame_743,,78.79
10:10:37.258,2.873,3.531,0.000,0.000,0.413,Frame_743,,78.79
10:10:37.757,2.873,3.531,0.000,0.000,0.417,Frame_744,,78.79
10:10:38.257,2.873,3.531,0.000,0.000,0.420,Frame_744,,78.79
10:10:38.757,2.873,3.531,0.000,0.000,0.408,Frame_744,,78.79
10:10:39.257,2.873,3.531,0.000,1.000,0.409,Frame_744,,78.73
10:10:39.757,2.873,3.531,0.000,1.000,0.408,Frame_744,,78.73
10:10:40.257,2.873,3.531,0.000,1.000,0.419,Frame_744,,78.73
10:10:40.757,2.873,3.531,0.000,1.000,0.430,Frame_744,,78.73
10:10:41.257,2.873,3.531,0.000,1.000,0.437,Frame_745,,78.73
10:10:41.757,2.873,3.531,0.000,1.000,0.450,Frame_745,,78.73
10:10:42.257,2.873,3.531,0.000,1.000,0.460,Frame_745,,78.73
10:10:42.757,2.873,3.531,0.000,1.000,0.467,Frame_745,,78.73
10:10:43.260,2.873,3.531,0.000,1.000,0.468,Frame_745,,78.73
10:10:43.757,2.873,3.531,0.000,1.000,0.477,Frame_745,,78.73
10:10:44.257,2.873,3.531,0.000,0.983,0.472,Frame_745,,78.73
10:10:44.757,2.873,3.531,0.000,0.400,0.473,Frame_746,,78.73
10:10:45.257,2.877,3.532,-0.098,0.258,0.476,Frame_746,,78.73
10:10:45.757,2.893,3.533,-0.116,0.448,0.483,Frame_746,,78.73
10:10:46.257,2.907,3.535,-0.020,0.623,0.498,Frame_746,,78.73
10:10:46.757,2.910,3.536,-0.003,0.779,0.501,Frame_746,,78.73
10:10:47.257,2.909,3.536,0.018,0.942,0.506,Frame_746,,78.73
10:10:47.757,2.907,3.534,0.026,1.021,0.492,Frame_746,,78.73
10:10:48.257,2.904,3.532,0.037,1.088,0.494,Frame_747,,78.73
10:10:48.758,2.899,3.528,0.055,1.137,0.476,Frame_747,,78.73
10:10:49.257,2.892,3.518,0.103,1.101,0.464,Frame_747,,78.73
10:10:49.757,2.885,3.503,0.173,1.069,0.443,Frame_747,,78.73
10:10:50.257,2.875,3.471,0.280,0.980,0.442,Frame_747,,78.73
10:10:50.757,2.867,3.412,0.398,0.915,0.426,Frame_747,,78.73
10:10:51.257,2.866,3.358,0.504,0.722,0.421,Frame_747,,78.73
10:10:51.757,2.875,3.275,0.555,0.589,0.425,Frame_748,,78.73
10:10:52.257,2.889,3.199,0.567,0.472,0.435,Frame_748,,78.73
10:10:52.757,2.913,3.111,0.586,0.376,0.479,Frame_748,,78.73
10:10:53.257,2.938,3.033,0.590,0.287,0.494,Frame_748,,78.73
10:10:53.757,2.972,2.945,0.588,0.227,0.544,Frame_748,,78.73
10:10:54.257,3.004,2.870,0.603,0.154,0.614,Frame_748,,78.73
10:10:54.757,3.043,2.783,0.588,0.101,0.647,Frame_749,,78.73
10:10:55.257,3.082,2.699,0.561,0.269,0.668,Frame_749,,78.73
10:10:55.757,3.119,2.629,0.575,0.326,0.742,Frame_749,,78.73
10:10:56.257,3.159,2.559,0.580,0.339,0.748,Frame_749,,78.73
10:10:56.757,3.196,2.500,0.577,0.306,0.727,Frame_749,,78.73
10:10:57.257,3.250,2.423,0.602,0.262,0.666,Frame_749,,78.73
10:10:57.757,3.292,2.368,0.546,0.418,0.648,Frame_749,,78.73
10:10:58.257,3.340,2.311,0.524,0.443,0.617,Frame_749,,78.73
10:10:58.757,3.391,2.258,0.525,0.392,0.584,Frame_750,,78.73
10:10:59.257,3.444,2.209,0.504,0.332,0.572,Frame_750,,78.73
10:10:59.757,3.489,2.170,0.491,0.257,0.558,Frame_750,,78.73
10:11:00.257,3.549,2.123,0.453,0.179,0.554,Frame_750,,78.73
10:11:00.757,3.598,2.086,0.433,0.142,0.546,Frame_750,,78.73
10:11:01.257,3.653,2.046,0.414,0.034,0.567,Frame_750,,78.73
10:11:01.757,3.699,2.013,0.394,0.016,0.550,Frame_750,,78.73
10:11:02.257,3.750,1.978,0.384,-0.005,0.567,Frame_751,,78.73
10:11:02.758,3.781,1.956,0.380,-0.006,0.575,Frame_751,,78.73
10:11:03.257,3.829,1.922,0.352,-0.015,0.609,Frame_751,,78.73
10:11:03.758,3.869,1.894,0.344,-0.039,0.618,Frame_751,,78.73
10:11:04.257,3.907,1.866,0.332,-0.035,0.643,Frame_751,,78.74
10:11:04.757,3.949,1.835,0.320,-0.053,0.660,Frame_751,,78.74
10:11:05.257,3.975,1.817,0.323,-0.061,0.696,Frame_751,,78.74
10:11:05.757,4.009,1.791,0.113,-0.359,0.708,Frame_752,,78.74
10:11:06.257,4.020,1.782,0.114,-0.658,0.704,Frame_752,,78.74
10:11:06.757,4.032,1.770,0.215,-0.761,0.719,Frame_752,,78.74
10:11:07.257,4.054,1.744,0.363,-0.842,0.718,Frame_752,,78.74
10:11:07.757,4.078,1.708,0.376,-0.972,0.746,Frame_752,,78.74
10:11:08.257,4.100,1.665,0.437,-0.936,0.762,Frame_752,,78.74
10:11:08.757,4.127,1.587,0.502,-0.873,0.725,Frame_752,,78.74
10:11:09.257,4.140,1.525,0.557,-0.747,0.717,Frame_753,,78.74
10:11:09.757,4.149,1.434,0.577,-0.653,0.652,Frame_753,,78.74
10:11:10.257,4.149,1.353,0.573,-0.531,0.621,Frame_753,,78.74
10:11:10.757,4.142,1.274,0.556,-0.528,0.554,Frame_753,,78.74
10:11:11.257,4.126,1.175,0.562,-0.481,0.499,Frame_753,,78.74
10:11:11.757,4.101,1.078,0.544,-0.463,0.472,Frame_753,,78.74
10:11:12.257,4.077,1.006,0.544,-0.452,0.449,Frame_753,,78.74
10:11:12.757,4.044,0.926,0.532,-0.459,0.436,Frame_754,,78.74
10:11:13.257,4.010,0.858,0.542,-0.472,0.413,Frame_754,,78.74
10:11:13.757,3.966,0.782,0.546,-0.475,0.399,Frame_754,,78.74
10:11:14.257,3.923,0.719,0.539,-0.484,0.409,Frame_754,,78.74
10:11:14.758,3.869,0.651,0.552,-0.474,0.414,Frame_754,,78.74
10:11:15.257,3.817,0.595,0.534,-0.449,0.437,Frame_754,,78.74
10:11:15.757,3.755,0.537,0.510,-0.406,0.454,Frame_754,,78.74
10:11:16.257,3.709,0.498,0.497,-0.363,0.491,Frame_755,,78.74
10:11:16.757,3.645,0.450,0.506,-0.291,0.512,Frame_755,,78.74
10:11:17.257,3.595,0.415,0.504,-0.142,0.564,Frame_755,,78.74
10:11:17.757,3.528,0.370,0.500,-0.093,0.596,Frame_755,,78.74
10:11:18.257,3.461,0.327,0.498,-0.070,0.631,Frame_755,,78.74
10:11:18.757,3.403,0.291,0.482,-0.066,0.689,Frame_755,,78.74
10:11:19.257,3.347,0.256,0.459,-0.045,0.720,Frame_756,,78.83
10:11:19.757,3.283,0.218,0.457,0.007,0.719,Frame_756,,78.83
10:11:20.260,3.229,0.185,0.455,0.049,0.688,Frame_756,,78.83
10:11:20.757,3.175,0.152,0.452,0.019,0.621,Frame_756,,78.83
10:11:21.258,3.114,0.114,0.432,0.020,0.599,Frame_756,,78.83
10:11:21.757,3.063,0.082,0.427,0.048,0.532,Frame_756,,78.83
10:11:22.257,3.005,0.046,0.422,0.090,0.494,Frame_756,,78.83
10:11:22.757,2.954,0.013,0.436,0.149,0.446,Frame_756,,78.83
10:11:23.257,2.897,-0.026,0.433,0.249,0.419,Frame_757,,78.83
10:11:23.757,2.848,-0.062,0.419,0.343,0.362,Frame_757,,78.83
10:11:24.257,2.797,-0.105,0.423,0.428,0.363,Frame_757,,78.91
10:11:24.757,2.754,-0.145,0.411,0.519,0.337,Frame_757,,78.91
10:11:25.257,2.710,-0.193,0.421,0.533,0.327,Frame_757,,78.91
10:11:25.757,2.682,-0.227,0.432,0.565,0.314,Frame_757,,78.91
10:11:26.257,2.634,-0.300,0.444,0.582,0.295,Frame_758,,78.91
10:11:26.757,2.604,-0.356,0.472,0.545,0.326,Frame_758,,78.91
10:11:27.257,2.573,-0.427,0.487,0.495,0.319,Frame_758,,78.91
10:11:27.757,2.553,-0.482,0.500,0.465,0.348,Frame_758,,78.91
10:11:28.257,2.528,-0.572,0.527,0.400,0.372,Frame_758,,78.91
10:11:28.757,2.509,-0.666,0.535,0.332,0.414,Frame_758,,78.91
10:11:29.257,2.496,-0.761,0.551,0.256,0.487,Frame_759,,78.91
10:11:29.757,2.488,-0.838,0.547,0.227,0.511,Frame_759,,78.91
10:11:30.257,2.483,-0.914,0.547,0.155,0.592,Frame_759,,78.91
10:11:30.757,2.480,-1.001,0.551,0.081,0.632,Frame_759,,78.91
10:11:31.262,2.478,-1.089,0.548,-0.079,0.633,Frame_759,,78.91
10:11:31.757,2.475,-1.164,0.523,-0.143,0.629,Frame_759,,78.91
10:11:32.257,2.470,-1.258,0.533,-0.142,0.602,Frame_760,,78.91
10:11:32.757,2.465,-1.334,0.544,-0.134,0.600,Frame_760,,78.91
10:11:33.257,2.456,-1.420,0.545,-0.115,0.583,Frame_760,,78.91
10:11:33.757,2.449,-1.484,0.529,-0.083,0.582,Frame_760,,78.91
10:11:34.257,2.437,-1.580,0.543,-0.061,0.569,Frame_760,,78.92
10:11:34.757,2.426,-1.664,0.537,-0.012,0.560,Frame_760,,78.92
10:11:35.257,2.414,-1.750,0.542,0.032,0.558,Frame_760,,78.92
10:11:35.757,2.404,-1.825,0.551,0.014,0.538,Frame_760,,78.92
10:11:36.257,2.392,-1.912,0.537,0.027,0.558,Frame_761,,78.92
10:11:36.757,2.383,-1.987,0.554,0.060,0.539,Frame_761,,78.92
10:11:37.257,2.375,-2.052,0.545,0.056,0.535,Frame_761,,78.92
10:11:37.760,2.366,-2.127,0.532,0.041,0.535,Frame_761,,78.92
10:11:38.257,2.359,-2.191,0.541,0.024,0.530,Frame_761,,78.92
10:11:38.757,2.349,-2.286,0.541,-0.028,0.528,Frame_761,,78.92
10:11:39.257,2.342,-2.351,0.541,-0.030,0.513,Frame_762,,78.92
10:11:39.757,2.330,-2.447,0.542,-0.030,0.512,Frame_762,,78.92
10:11:40.257,2.323,-2.511,0.537,-0.016,0.509,Frame_762,,78.92
10:11:40.757,2.312,-2.597,0.542,-0.013,0.499,Frame_762,,78.92
10:11:41.257,2.302,-2.672,0.539,0.036,0.490,Frame_762,,78.92
10:11:41.758,2.292,-2.756,0.510,0.024,0.488,Frame_762,,78.92
10:11:42.257,2.285,-2.817,0.519,0.045,0.477,Frame_762,,78.92
10:11:42.757,2.277,-2.888,0.497,0.039,0.470,Frame_763,,78.92
10:11:43.259,2.269,-2.966,0.482,0.043,0.479,Frame_763,,78.92
10:11:43.757,2.262,-3.032,0.464,0.086,0.455,Frame_763,,78.92
10:11:44.257,2.256,-3.105,0.454,0.117,0.461,Frame_763,,78.94
10:11:44.757,2.251,-3.167,0.429,0.089,0.458,Frame_763,,78.94
10:11:45.257,2.248,-3.226,0.412,0.081,0.437,Frame_763,,78.94
10:11:45.758,2.246,-3.274,0.367,0.072,0.434,Frame_763,,78.94
10:11:46.257,2.243,-3.332,0.352,0.058,0.436,Frame_764,,78.94
10:11:46.757,2.242,-3.382,0.386,0.086,0.432,Frame_764,,78.94
10:11:47.257,2.241,-3.446,0.418,0.135,0.405,Frame_764,,78.94
10:11:47.757,2.242,-3.506,0.428,0.200,0.409,Frame_764,,78.94
10:11:48.257,2.244,-3.566,0.442,0.276,0.390,Frame_764,,78.94
10:11:48.757,2.249,-3.637,0.461,0.342,0.388,Frame_764,,78.94
10:11:49.260,2.258,-3.703,0.474,0.393,0.361,Frame_764,,80.50
10:11:49.757,2.272,-3.782,0.511,0.226,0.360,Frame_765,,80.50
10:11:50.257,2.282,-3.829,0.457,0.211,0.358,Frame_765,,80.50
10:11:50.757,2.299,-3.898,0.305,-0.228,0.345,Frame_765,,80.50
10:11:51.257,2.308,-3.936,0.286,-0.477,0.365,Frame_765,,80.50
10:11:51.760,2.314,-3.974,0.363,-0.563,0.376,Frame_765,,80.50
10:11:52.257,2.320,-4.037,0.425,-0.588,0.399,Frame_765,,80.50
10:11:52.757,2.320,-4.088,0.457,-0.598,0.421,Frame_765,,80.50
10:11:53.257,2.316,-4.144,0.504,-0.540,0.486,Frame_766,,80.50
10:11:53.757,2.305,-4.226,0.518,-0.515,0.524,Frame_766,,80.50
10:11:54.257,2.289,-4.299,0.544,-0.405,0.558,Frame_766,,80.50
10:11:54.757,2.262,-4.394,0.555,-0.347,0.662,Frame_766,,80.50
10:11:55.257,2.228,-4.488,0.554,-0.258,0.758,Frame_766,,80.50
10:11:55.758,2.199,-4.559,0.550,-0.222,0.707,Frame_766,,80.50
10:11:56.257,2.173,-4.620,0.546,-0.144,0.606,Frame_766,,80.50
10:11:56.757,2.134,-4.702,0.595,-0.253,0.546,Frame_767,,80.50
10:11:57.257,2.097,-4.774,0.565,-0.226,0.478,Frame_767,,80.50
10:11:57.757,2.052,-4.854,0.610,-0.186,0.433,Frame_767,,80.50
10:11:58.257,2.010,-4.927,0.597,0.014,0.354,Frame_767,,80.50
10:11:58.758,1.974,-4.989,0.595,0.080,0.349,Frame_767,,80.50
10:11:59.257,1.932,-5.062,0.590,0.105,0.318,Frame_767,,80.85
10:11:59.759,1.887,-5.145,0.592,0.107,0.338,Frame_768,,80.85
10:12:00.257,1.855,-5.206,0.544,0.333,0.341,Frame_768,,80.85
10:12:00.757,1.814,-5.294,0.558,0.339,0.374,Frame_768,,80.85
10:12:01.257,1.785,-5.367,0.564,0.251,0.414,Frame_768,,80.85
10:12:01.757,1.762,-5.431,0.568,0.198,0.469,Frame_768,,80.85
10:12:02.257,1.738,-5.503,0.131,0.444,0.499,Frame_768,,80.85
10:12:02.757,1.736,-5.508,-0.026,0.656,0.530,Frame_768,,80.85
10:12:03.257,1.737,-5.505,-0.008,0.738,0.537,Frame_768,,80.85
10:12:03.757,1.737,-5.504,0.002,0.889,0.533,Frame_769,,80.85
10:12:04.257,1.737,-5.506,0.028,0.959,0.536,Frame_769,,81.20
10:12:04.758,1.738,-5.509,0.048,1.022,0.549,Frame_769,,81.20
10:12:05.257,1.741,-5.519,0.088,1.039,0.573,Frame_769,,81.20
10:12:05.757,1.748,-5.532,0.189,1.027,0.563,Frame_769,,81.20
10:12:06.257,1.763,-5.552,0.322,0.946,0.576,Frame_769,,81.20
10:12:06.757,1.784,-5.576,0.438,0.878,0.578,Frame_769,,81.20
10:12:07.257,1.829,-5.618,0.514,0.737,0.576,Frame_770,,81.20
10:12:07.759,1.888,-5.662,0.550,0.594,0.545,Frame_770,,81.20
10:12:08.257,1.945,-5.698,0.578,0.472,0.559,Frame_770,,81.20
10:12:08.757,2.016,-5.738,0.586,0.373,0.552,Frame_770,,81.20
10:12:09.257,2.099,-5.777,0.578,0.258,0.550,Frame_770,,81.51
10:12:09.758,2.174,-5.809,0.580,0.245,0.547,Frame_770,,81.51
10:12:10.257,2.249,-5.838,0.578,0.157,0.561,Frame_770,,81.51
10:12:10.757,2.314,-5.862,0.592,0.114,0.563,Frame_771,,81.51
10:12:11.257,2.403,-5.893,0.586,0.078,0.578,Frame_771,,81.51
10:12:11.757,2.480,-5.918,0.567,0.056,0.563,Frame_771,,81.51
10:12:12.257,2.554,-5.942,0.539,0.205,0.592,Frame_771,,81.51
10:12:12.757,2.638,-5.967,0.550,0.197,0.594,Frame_771,,81.51
10:12:13.257,2.735,-5.992,0.561,0.087,0.598,Frame_771,,81.51
10:12:13.760,2.812,-6.010,0.568,-0.002,0.605,Frame_771,,81.51
10:12:14.257,2.922,-6.036,0.576,-0.026,0.594,Frame_772,,81.51
10:12:14.758,3.011,-6.058,0.574,-0.025,0.601,Frame_772,,81.51
10:12:15.259,3.111,-6.083,0.574,0.004,0.594,Frame_772,,81.51
10:12:15.757,3.200,-6.105,0.575,0.014,0.601,Frame_772,,81.51
10:12:16.257,3.300,-6.129,0.566,0.018,0.602,Frame_772,,81.51
10:12:16.757,3.376,-6.148,0.552,0.013,0.596,Frame_772,,81.51
10:12:17.257,3.473,-6.171,0.561,0.005,0.598,Frame_773,,81.51
10:12:17.758,3.571,-6.195,0.563,0.018,0.588,Frame_773,,81.51
10:12:18.259,3.668,-6.218,0.537,0.028,0.589,Frame_773,,81.51
10:12:18.757,3.751,-6.237,0.534,0.019,0.590,Frame_773,,81.51
10:12:19.257,3.834,-6.256,0.516,0.016,0.605,Frame_773,,82.38
10:12:19.757,3.922,-6.276,0.493,0.022,0.625,Frame_773,,82.38
10:12:20.257,3.978,-6.288,0.430,0.052,0.663,Frame_774,,82.38
10:12:20.757,4.027,-6.298,0.095,0.466,0.684,Frame_774,,82.38
10:12:21.257,4.035,-6.299,0.000,0.000,0.688,Frame_774,,82.38
10:12:21.758,4.035,-6.299,0.000,0.000,0.703,Frame_774,,82.38
10:12:22.257,4.035,-6.299,0.000,0.000,0.699,Frame_774,,82.38
10:12:22.757,4.035,-6.299,0.000,0.000,0.691,Frame_774,,82.38
10:12:23.257,4.035,-6.299,0.000,0.000,0.709,Frame_775,,82.38
10:12:23.758,4.035,-6.299,0.000,0.000,0.691,Frame_775,,82.38
10:12:24.259,4.035,-6.299,0.000,0.000,0.701,Frame_775,,81.34
10:12:24.758,4.035,-6.299,0.000,0.000,0.708,Frame_775,,81.34
10:12:25.257,4.035,-6.299,0.000,0.000,0.717,Frame_775,,81.34
10:12:25.757,4.035,-6.299,0.000,0.000,0.713,Frame_775,,81.34
10:12:26.257,4.035,-6.299,0.000,0.000,0.691,Frame_775,,81.34
10:12:26.757,4.035,-6.299,0.000,0.000,0.705,Frame_775,,81.34
10:12:27.257,4.035,-6.299,0.000,0.000,0.698,Frame_776,,81.34
10:12:27.757,4.035,-6.299,0.000,0.000,0.706,Frame_776,,81.34
10:12:28.258,4.035,-6.299,0.000,0.000,0.700,Frame_776,,81.34
10:12:28.757,4.035,-6.299,0.000,0.000,0.714,Frame_776,,81.34
10:12:29.257,4.035,-6.299,0.000,0.000,0.713,Frame_776,,81.34
10:12:29.757,4.035,-6.299,0.000,0.000,0.700,Frame_776,,81.34
10:12:30.257,4.035,-6.299,0.000,0.000,0.704,Frame_777,,81.34
10:12:30.757,4.035,-6.299,0.000,0.000,0.696,Frame_777,,81.34
10:12:31.257,4.035,-6.299,0.000,0.000,0.707,Frame_777,,81.34
10:12:31.757,4.035,-6.299,0.000,0.000,0.695,Frame_777,,81.34
10:12:32.257,4.035,-6.299,0.000,0.000,0.701,Frame_777,,81.34
10:12:32.757,4.035,-6.299,0.000,0.000,0.706,Frame_777,,81.34
10:12:33.257,4.035,-6.299,0.000,0.000,0.688,Frame_777,,81.34
10:12:33.758,4.035,-6.299,0.000,0.000,0.705,Frame_778,,81.34
10:12:34.257,4.035,-6.299,0.000,0.000,0.693,Frame_778,,81.34
10:12:34.757,4.035,-6.299,0.000,0.000,0.708,Frame_778,,81.34
10:12:35.257,4.035,-6.299,0.000,0.000,0.713,Frame_778,,81.34
10:12:35.758,4.035,-6.299,0.000,0.000,0.709,Frame_778,,81.34
10:12:36.257,4.035,-6.299,0.000,0.000,0.701,Frame_778,,81.34
10:12:36.757,4.035,-6.299,0.000,0.000,0.693,Frame_778,,81.34
10:12:37.257,4.035,-6.299,0.000,0.000,0.703,Frame_778,,81.34
10:12:37.757,4.035,-6.299,0.000,0.000,0.698,Frame_779,,81.34
10:12:38.257,4.035,-6.299,0.000,0.000,0.690,Frame_779,,81.34
10:12:38.758,4.035,-6.299,0.000,0.000,0.700,Frame_779,,81.34
10:12:39.258,4.035,-6.299,0.000,0.000,0.706,Frame_779,,81.34
10:12:39.757,4.035,-6.299,0.000,0.000,0.703,Frame_779,,81.34
10:12:40.257,4.035,-6.299,0.000,0.000,0.711,Frame_779,,81.34
10:12:40.757,4.035,-6.299,0.000,0.000,0.715,Frame_779,,81.34
10:12:41.257,4.035,-6.299,0.000,0.000,0.706,Frame_780,,81.34
10:12:41.757,4.035,-6.299,0.000,0.000,0.710,Frame_780,,81.34
10:12:42.257,4.035,-6.299,0.000,0.000,0.700,Frame_780,,81.34
10:12:42.757,4.035,-6.299,0.000,0.000,0.698,Frame_780,,81.34
10:12:43.257,4.035,-6.299,0.000,0.000,0.695,Frame_780,,81.34
10:12:43.757,4.035,-6.299,0.000,0.000,0.699,Frame_780,,81.34
10:12:44.257,4.035,-6.299,0.000,0.000,0.716,Frame_780,,81.34
10:12:44.757,4.035,-6.299,0.000,0.000,0.694,Frame_781,,81.34
10:12:45.260,4.035,-6.299,0.000,0.000,0.688,Frame_781,,81.34
10:12:45.757,4.035,-6.299,0.000,0.000,0.702,Frame_781,,81.34
10:12:46.257,4.035,-6.299,0.000,0.000,0.698,Frame_781,,81.34
10:12:46.757,4.035,-6.299,0.000,0.000,0.691,Frame_781,,81.34
10:12:47.259,4.035,-6.299,0.000,0.000,0.711,Frame_781,,81.34
10:12:47.758,4.035,-6.299,0.000,0.000,0.697,Frame_782,,81.34
10:12:48.257,4.035,-6.299,0.000,0.000,0.691,Frame_782,,81.34
10:12:48.757,4.035,-6.299,0.000,0.000,0.691,Frame_782,,81.34
10:12:49.257,4.035,-6.299,0.000,0.000,0.695,Frame_782,,81.34
10:12:49.757,4.035,-6.299,0.000,0.000,0.687,Frame_782,,81.34
10:12:50.259,4.035,-6.299,0.000,0.000,0.699,Frame_782,,81.34
10:12:50.757,4.035,-6.299,0.000,0.000,0.701,Frame_782,,81.34
10:12:51.257,4.035,-6.299,0.000,0.000,0.702,Frame_783,,81.34
10:12:51.757,4.035,-6.299,0.000,0.000,0.693,Frame_783,,81.34
10:12:52.257,4.035,-6.299,0.000,0.000,0.698,Frame_783,,81.34
10:12:52.757,4.035,-6.299,0.000,0.000,0.702,Frame_783,,81.34
10:12:53.257,4.035,-6.299,0.000,0.000,0.705,Frame_783,,81.34
10:12:53.757,4.035,-6.299,0.000,0.000,0.695,Frame_783,,81.34
10:12:54.257,4.035,-6.299,0.000,0.000,0.692,Frame_783,,81.34
10:12:54.757,4.035,-6.299,0.000,0.000,0.695,Frame_784,,81.34
10:12:55.257,4.035,-6.299,0.000,0.000,0.695,Frame_784,,81.34
10:12:55.757,4.035,-6.299,0.000,0.000,0.713,Frame_784,,81.34
10:12:56.262,4.035,-6.299,0.000,0.000,0.698,Frame_784,,81.34
10:12:56.757,4.035,-6.299,0.000,0.000,0.684,Frame_784,,81.34
10:12:57.260,4.035,-6.299,0.000,0.000,0.698,Frame_784,,81.34
10:12:57.757,4.035,-6.299,0.000,0.000,0.695,Frame_784,,81.34
10:12:58.257,4.035,-6.299,0.000,0.000,0.695,Frame_785,,81.34
10:12:58.757,4.035,-6.299,0.000,0.000,0.689,Frame_785,,81.34
10:12:59.257,4.035,-6.299,0.000,0.000,0.681,Frame_785,,81.34
10:12:59.758,4.035,-6.299,0.000,0.000,0.706,Frame_785,,81.34
10:13:00.257,4.035,-6.299,0.000,0.000,0.701,Frame_785,,81.34
10:13:00.760,4.035,-6.299,0.000,0.000,0.693,Frame_785,,81.34
10:13:01.257,4.035,-6.299,0.000,0.000,0.685,Frame_785,,81.34
10:13:01.757,4.035,-6.299,0.000,0.000,0.698,Frame_785,,81.34
10:13:02.257,4.035,-6.299,0.000,0.000,0.709,Frame_786,,81.34
10:13:02.757,4.035,-6.299,0.000,0.000,0.703,Frame_786,,81.34
10:13:03.257,4.035,-6.299,0.000,0.000,0.700,Frame_786,,81.34
10:13:03.757,4.035,-6.299,0.000,0.000,0.695,Frame_786,,81.34
10:13:04.257,4.035,-6.299,0.000,0.000,0.708,Frame_786,,81.34
10:13:04.757,4.035,-6.299,0.000,0.000,0.704,Frame_786,,81.34
10:13:05.257,4.035,-6.299,0.000,0.000,0.707,Frame_786,,81.34
10:13:05.757,4.035,-6.299,0.000,0.000,0.705,Frame_787,,81.34
10:13:06.257,4.035,-6.299,0.000,0.000,0.699,Frame_787,,81.34
10:13:06.757,4.035,-6.299,0.000,0.000,0.690,Frame_787,,81.34
10:13:07.257,4.035,-6.299,0.000,0.000,0.705,Frame_787,,81.34
10:13:07.757,4.035,-6.299,0.000,0.000,0.705,Frame_787,,81.34
10:13:08.258,4.035,-6.299,0.000,0.000,0.682,Frame_787,,81.34
10:13:08.757,4.035,-6.299,0.000,0.000,0.696,Frame_787,,81.34
10:13:09.257,4.035,-6.299,0.000,0.000,0.685,Frame_788,,81.34
10:13:09.757,4.035,-6.299,0.000,0.000,0.699,Frame_788,,81.34
10:13:10.260,4.035,-6.299,0.000,0.000,0.686,Frame_788,,81.34
10:13:10.757,4.035,-6.299,0.000,0.000,0.700,Frame_788,,81.34
10:13:11.257,4.035,-6.299,0.000,0.000,0.689,Frame_788,,81.34
10:13:11.757,4.035,-6.299,0.000,0.000,0.709,Frame_788,,81.34
10:13:12.257,4.035,-6.299,0.000,0.000,0.693,Frame_788,,81.34
10:13:12.757,4.035,-6.299,0.000,0.000,0.708,Frame_789,,81.34
10:13:13.257,4.035,-6.299,0.000,0.000,0.695,Frame_789,,81.34
10:13:13.757,4.035,-6.299,0.000,0.000,0.702,Frame_789,,81.34
10:13:14.257,4.035,-6.299,0.000,0.000,0.696,Frame_789,,81.34
10:13:14.757,4.035,-6.299,0.000,0.000,0.702,Frame_789,,81.34
10:13:15.258,4.035,-6.299,0.000,0.000,0.671,Frame_789,,81.34
10:13:15.757,4.035,-6.299,0.000,0.000,0.694,Frame_789,,81.34
10:13:16.257,4.035,-6.299,0.000,0.000,0.679,Frame_790,,81.34
10:13:16.757,4.035,-6.299,0.000,0.000,0.706,Frame_790,,81.34
10:13:17.257,4.035,-6.299,0.000,0.000,0.680,Frame_790,,81.34
10:13:17.757,4.035,-6.299,0.000,0.000,0.695,Frame_790,,81.34
10:13:18.257,4.035,-6.299,0.000,0.000,0.704,Frame_790,,81.34
10:13:18.757,4.035,-6.299,0.000,0.000,0.701,Frame_790,,81.34
10:13:19.257,4.035,-6.299,0.000,0.000,0.695,Frame_791,,81.34
10:13:19.757,4.035,-6.299,0.000,0.000,0.694,Frame_791,,81.34
10:13:20.257,4.035,-6.299,0.000,0.000,0.704,Frame_791,,81.34
10:13:20.757,4.035,-6.299,0.000,0.000,0.686,Frame_791,,81.34
10:13:21.257,4.035,-6.299,0.000,0.000,0.708,Frame_791,,81.34
10:13:21.757,4.035,-6.299,0.000,0.000,0.704,Frame_791,,81.34
10:13:22.257,4.035,-6.299,0.000,0.000,0.704,Frame_791,,81.34
10:13:22.758,4.035,-6.299,0.000,0.000,0.691,Frame_792,,81.34
10:13:23.257,4.035,-6.299,0.000,0.000,0.697,Frame_792,,81.34
10:13:23.757,4.035,-6.299,0.000,0.000,0.697,Frame_792,,81.34
10:13:24.257,4.035,-6.299,0.000,0.000,0.707,Frame_792,,81.34
10:13:24.757,4.035,-6.299,0.000,0.000,0.706,Frame_792,,81.34
10:13:25.257,4.035,-6.299,0.000,0.000,0.701,Frame_792,,81.34
10:13:25.757,4.035,-6.299,0.000,0.000,0.698,Frame_792,,81.34
10:13:26.257,4.035,-6.299,0.000,0.000,0.698,Frame_793,,81.34
10:13:26.757,4.035,-6.299,0.000,0.000,0.698,Frame_793,,81.34
10:13:27.257,4.035,-6.299,0.000,0.000,0.701,Frame_793,,81.34
10:13:27.757,4.035,-6.299,0.000,0.000,0.707,Frame_793,,81.34
10:13:28.257,4.035,-6.299,0.000,0.000,0.707,Frame_793,,81.34
10:13:28.757,4.035,-6.299,0.000,0.000,0.711,Frame_793,,81.34
10:13:29.257,4.035,-6.299,0.000,0.000,0.674,Frame_793,,81.34
10:13:29.757,4.035,-6.299,0.000,0.000,0.706,Frame_794,,81.34
10:13:30.257,4.035,-6.299,0.000,0.000,0.708,Frame_794,,81.34
10:13:30.757,4.035,-6.299,0.000,0.000,0.706,Frame_794,,81.34
10:13:31.258,4.035,-6.299,0.000,0.000,0.695,Frame_794,,81.34
10:13:31.758,4.035,-6.299,0.000,0.000,0.708,Frame_794,,81.34
10:13:32.257,4.035,-6.299,0.000,0.000,0.693,Frame_794,,81.34
10:13:32.757,4.035,-6.299,0.000,0.000,0.703,Frame_794,,81.34
10:13:33.257,4.035,-6.299,0.000,0.000,0.703,Frame_795,,81.34
10:13:33.757,4.035,-6.299,0.000,0.000,0.702,Frame_795,,81.34
10:13:34.257,4.035,-6.299,0.000,0.000,0.704,Frame_795,,81.34
10:13:34.760,4.035,-6.299,0.000,0.000,0.709,Frame_795,,81.34
10:13:35.257,4.035,-6.299,0.000,0.000,0.691,Frame_795,,81.34
10:13:35.757,4.035,-6.299,0.000,0.000,0.702,Frame_795,,81.34
10:13:36.257,4.035,-6.299,0.000,0.000,0.688,Frame_795,,81.34
10:13:36.757,4.035,-6.299,0.000,0.000,0.700,Frame_796,,81.34
10:13:37.257,4.035,-6.299,0.000,0.000,0.683,Frame_796,,81.34
10:13:37.757,4.035,-6.299,0.000,0.000,0.699,Frame_796,,81.34
10:13:38.257,4.035,-6.299,0.000,0.000,0.707,Frame_796,,81.34
10:13:38.757,4.035,-6.299,0.000,0.000,0.703,Frame_796,,81.34
10:13:39.257,4.035,-6.299,0.000,0.000,0.683,Frame_796,,81.34
10:13:39.757,4.035,-6.299,0.000,0.000,0.714,Frame_796,,81.34
