Timestamp_Sistema,Posizione_X,Posizione_Y,Velocita_Lineare,Velocita_Angolare,Ostacolo_Piu_Vicino_Lidar(m),Stato_Telecamera,Eventi_ChiaviEsplorazione_Completata(%)
15:46:43.080,0.000,0.000,0.000,0.000,0.000,N/A,
15:46:43.580,0.000,0.000,0.000,0.000,0.000,N/A,
15:46:44.080,0.000,0.000,0.000,0.000,0.000,N/A,
15:46:44.580,0.000,0.000,0.000,0.000,0.000,N/A,
15:46:45.080,0.000,0.000,0.000,0.000,0.000,N/A,
15:46:45.580,0.000,0.000,0.000,0.000,0.000,N/A,
15:46:46.079,0.000,0.000,0.000,0.000,1.467,Frame_0,
15:46:46.580,0.000,-0.000,0.000,0.000,1.202,Frame_0,
15:46:47.080,0.000,-0.000,0.000,0.000,1.189,Frame_0,
15:46:47.579,0.000,-0.000,0.000,0.000,1.197,Frame_0,
15:46:48.079,0.000,0.000,0.000,0.000,1.195,Frame_1,
15:46:48.579,0.000,0.000,0.000,0.000,1.201,Frame_1,
15:46:49.080,0.000,0.000,0.000,0.000,1.176,Frame_1,
15:46:49.581,0.000,0.000,0.000,0.000,1.208,Frame_2,
15:46:50.079,0.000,0.000,0.000,0.000,1.201,Frame_2,
15:46:50.585,0.000,0.000,0.000,0.000,1.191,Frame_2,
15:46:51.081,0.000,0.000,0.000,0.000,1.194,Frame_3,
15:46:51.586,0.000,0.000,0.000,0.000,1.189,Frame_3,
15:46:52.079,0.000,0.000,0.000,0.000,1.190,Frame_3,
15:46:52.580,0.000,0.000,0.000,0.000,1.202,Frame_3,
15:46:53.080,0.000,0.000,0.000,0.000,1.193,Frame_4,
15:46:53.580,0.000,0.000,0.000,0.000,1.202,Frame_4,
15:46:54.079,0.000,0.000,0.000,0.000,1.200,Frame_4,
15:46:54.580,0.000,0.000,0.000,0.000,1.205,Frame_5,
15:46:55.079,0.000,0.000,0.000,0.000,1.197,Frame_5,
15:46:55.579,0.000,0.000,0.000,0.000,1.216,Frame_5,
15:46:56.080,0.000,0.000,0.000,0.000,1.190,Frame_6,
15:46:56.586,-0.002,-0.000,-0.088,0.073,1.191,Frame_6,
15:46:57.080,-0.038,-0.001,-0.174,0.179,1.239,Frame_6,
15:46:57.584,-0.084,-0.004,-0.169,0.339,1.238,Frame_6,
15:46:58.080,-0.115,-0.008,-0.019,0.575,1.276,Frame_7,
15:46:58.579,-0.122,-0.010,-0.010,0.752,1.296,Frame_7,
15:46:59.080,-0.124,-0.011,-0.006,0.913,1.300,Frame_7,
15:46:59.580,-0.123,-0.010,0.021,0.988,1.316,Frame_7,
15:47:00.081,-0.119,-0.005,0.042,1.007,1.303,Frame_7,
15:47:00.579,-0.113,0.007,0.095,1.026,1.285,Frame_8,
15:47:01.080,-0.105,0.040,0.184,0.916,1.267,Frame_8,
15:47:01.579,-0.104,0.096,0.289,0.779,1.218,Frame_8,
15:47:02.080,-0.115,0.165,0.356,0.632,1.175,Frame_8,
15:47:02.580,-0.136,0.237,0.398,0.498,1.138,Frame_9,
15:47:03.080,-0.168,0.314,0.448,0.379,1.110,Frame_9,
15:47:03.580,-0.214,0.405,0.480,0.280,1.094,Frame_9,
15:47:04.080,-0.267,0.495,0.464,0.185,1.101,Frame_9,
15:47:04.579,-0.322,0.580,0.461,0.098,1.101,Frame_9,
15:47:05.080,-0.366,0.647,0.428,-0.097,1.126,Frame_10,
15:47:05.579,-0.416,0.724,0.413,-0.146,1.158,Frame_10,
15:47:06.081,-0.458,0.794,0.398,-0.176,1.132,Frame_10,
15:47:06.579,-0.497,0.863,0.393,-0.154,1.088,Frame_10,
15:47:07.080,-0.532,0.933,0.394,-0.148,1.053,Frame_10,
15:47:07.587,-0.570,1.011,0.401,-0.121,1.011,Frame_11,
15:47:08.079,-0.602,1.084,0.385,-0.093,0.975,Frame_11,
15:47:08.580,-0.629,1.146,0.359,-0.076,0.953,Frame_11,
15:47:09.080,-0.655,1.211,0.328,-0.065,0.925,Frame_11,
15:47:09.580,-0.678,1.270,0.302,-0.054,0.904,Frame_11,
15:47:10.079,-0.696,1.316,0.079,-0.285,0.867,Frame_12,
15:47:10.580,-0.700,1.330,0.081,-0.505,0.865,Frame_12,
15:47:11.080,-0.704,1.350,0.133,-0.528,0.850,Frame_12,
15:47:11.579,-0.708,1.381,0.199,-0.552,0.827,Frame_12,
15:47:12.080,-0.706,1.445,0.334,-0.684,0.835,Frame_13,
15:47:12.579,-0.694,1.514,0.364,-0.723,0.821,Frame_13,
15:47:13.080,-0.672,1.581,0.331,-0.737,0.838,Frame_13,
15:47:13.580,-0.651,1.626,0.286,-0.732,0.862,Frame_13,
15:47:14.080,-0.623,1.669,0.208,-0.697,0.858,Frame_13,
15:47:14.580,-0.600,1.695,0.146,-0.670,0.886,Frame_13,
15:47:15.079,-0.582,1.712,0.094,-0.618,0.894,Frame_14,
15:47:15.580,-0.571,1.719,0.053,-0.566,0.893,Frame_14,
15:47:16.080,-0.563,1.723,0.029,-0.525,0.913,Frame_14,
15:47:16.582,-0.560,1.725,0.000,-0.457,0.897,Frame_14,
15:47:17.079,-0.562,1.724,-0.057,-0.418,0.894,Frame_14,
15:47:17.580,-0.578,1.721,-0.037,-0.571,0.884,Frame_15,
15:47:18.080,-0.579,1.721,-0.018,-0.742,0.897,Frame_15,
15:47:18.580,-0.583,1.721,-0.010,-0.788,0.895,Frame_15,
15:47:19.080,-0.581,1.720,0.047,-0.874,0.881,Frame_15,
15:47:19.580,-0.567,1.714,0.160,-0.873,0.875,Frame_15,
15:47:20.080,-0.530,1.690,0.336,-0.832,0.845,Frame_16,
15:47:20.580,-0.485,1.651,0.448,-0.770,0.841,Frame_16,
15:47:21.079,-0.414,1.570,0.539,-0.652,0.849,Frame_16,
15:47:21.579,-0.364,1.496,0.592,-0.490,0.894,Frame_16,
15:47:22.079,-0.307,1.391,0.601,-0.369,0.961,Frame_16,
15:47:22.580,-0.262,1.293,0.606,-0.237,1.022,Frame_17,
15:47:23.080,-0.218,1.183,0.594,-0.220,1.019,Frame_17,
15:47:23.579,-0.182,1.082,0.597,-0.137,0.974,Frame_17,
15:47:24.080,-0.145,0.968,0.599,-0.092,0.907,Frame_17,
15:47:24.580,-0.111,0.855,0.589,-0.013,0.884,Frame_17,
15:47:25.080,-0.078,0.741,0.595,0.029,0.850,Frame_18,
15:47:25.580,-0.044,0.628,0.588,0.011,0.833,Frame_18,
15:47:26.080,-0.011,0.517,0.581,0.020,0.812,Frame_18,
15:47:26.587,0.023,0.407,0.576,0.209,0.819,Frame_18,
15:47:27.085,0.054,0.319,0.586,0.255,0.838,Frame_18,
15:47:27.580,0.105,0.192,0.558,-0.025,0.862,Frame_19,
15:47:28.079,0.143,0.099,0.560,-0.088,0.887,Frame_19,
15:47:28.580,0.180,0.005,0.565,-0.035,0.962,Frame_19,
15:47:29.080,0.212,-0.080,0.561,-0.005,1.016,Frame_19,
15:47:29.580,0.252,-0.184,0.553,-0.005,1.053,Frame_19,
15:47:30.080,0.291,-0.286,0.525,0.014,1.104,Frame_19,
15:47:30.579,0.328,-0.383,0.505,0.059,1.199,Frame_20,
15:47:31.079,0.361,-0.467,0.497,0.062,1.178,Frame_20,
15:47:31.580,0.393,-0.546,0.463,-0.067,1.146,Frame_20,
15:47:32.080,0.426,-0.629,0.425,-0.092,1.106,Frame_20,
15:47:32.592,0.449,-0.691,0.389,-0.068,1.077,Frame_20,
15:47:33.080,0.475,-0.761,0.372,0.311,1.041,Frame_21,
15:47:33.580,0.498,-0.815,0.365,0.512,0.999,Frame_21,
15:47:34.080,0.532,-0.880,0.342,0.546,0.956,Frame_21,
15:47:34.580,0.568,-0.933,0.280,0.585,0.923,Frame_21,
15:47:35.080,0.599,-0.969,0.239,0.592,0.917,Frame_21,
15:47:35.580,0.624,-0.994,0.193,0.578,0.902,Frame_21,
15:47:36.080,0.646,-1.011,0.146,0.559,0.902,Frame_22,
15:47:36.579,0.667,-1.025,0.110,0.508,0.901,Frame_22,
15:47:37.085,0.681,-1.032,0.066,0.473,0.880,Frame_22,
15:47:37.580,0.689,-1.035,0.015,0.366,0.877,Frame_22,
15:47:38.079,0.687,-1.035,-0.038,0.156,0.865,Frame_22,
15:47:38.580,0.681,-1.033,-0.037,-0.014,0.866,Frame_23,
15:47:39.080,0.677,-1.032,0.014,-0.244,0.870,Frame_23,
15:47:39.580,0.683,-1.034,0.062,-0.399,0.863,Frame_23,
15:47:40.080,0.690,-1.037,0.018,-0.583,0.864,Frame_23,
15:47:40.580,0.694,-1.039,0.044,-0.759,0.852,Frame_23,
15:47:41.080,0.702,-1.045,0.077,-0.824,0.852,Frame_23,
15:47:41.580,0.714,-1.057,0.146,-0.838,0.828,Frame_24,
15:47:42.079,0.730,-1.077,0.235,-0.804,0.798,Frame_24,
15:47:42.580,0.756,-1.121,0.361,-0.709,0.782,Frame_24,
15:47:43.080,0.785,-1.192,0.425,-0.578,0.747,Frame_24,
15:47:43.580,0.810,-1.278,0.470,-0.453,0.705,Frame_24,
15:47:44.080,0.818,-1.323,0.215,-0.870,0.678,Frame_24,
15:47:44.580,0.820,-1.371,0.250,-0.819,0.660,Frame_25,
15:47:45.080,0.812,-1.426,0.323,-0.648,0.655,Frame_25,
15:47:45.579,0.794,-1.493,0.378,-0.515,0.666,Frame_25,
15:47:46.080,0.777,-1.539,0.308,0.121,0.672,Frame_25,
15:47:46.580,0.756,-1.598,0.318,0.307,0.690,Frame_25,
15:47:47.080,0.746,-1.630,0.065,-0.171,0.709,Frame_26,
15:47:47.579,0.744,-1.636,0.008,-0.492,0.710,Frame_26,
15:47:48.080,0.742,-1.642,0.080,-0.637,0.711,Frame_26,
15:47:48.580,0.732,-1.658,0.185,-0.758,0.707,Frame_26,
15:47:49.080,0.730,-1.662,-0.146,-0.374,0.721,Frame_26,Chiave 1 raccolta!
15:47:49.580,0.751,-1.637,-0.213,-0.400,0.699,Frame_26,
15:47:50.080,0.775,-1.612,-0.198,-0.512,0.677,Frame_27,
15:47:50.580,0.799,-1.591,-0.164,-0.645,0.640,Frame_27,
15:47:51.080,0.815,-1.580,-0.077,-0.769,0.614,Frame_27,
15:47:51.580,0.822,-1.576,-0.024,-0.927,0.608,Frame_27,
15:47:52.080,0.827,-1.574,-0.040,-1.017,0.597,Frame_27,
15:47:52.580,0.834,-1.573,-0.017,-1.054,0.587,Frame_28,
15:47:53.080,0.836,-1.574,0.004,-1.074,0.589,Frame_28,
15:47:53.580,0.835,-1.573,0.023,-1.115,0.592,Frame_28,
15:47:54.080,0.829,-1.570,0.044,-1.124,0.605,Frame_28,
15:47:54.579,0.823,-1.565,0.091,-1.103,0.623,Frame_28,
15:47:55.080,0.809,-1.548,0.184,-1.057,0.634,Frame_28,
15:47:55.580,0.788,-1.508,0.330,-0.930,0.655,Frame_29,
15:47:56.080,0.765,-1.434,0.485,-0.747,0.699,Frame_29,
15:47:56.580,0.749,-1.334,0.543,-0.577,0.711,Frame_29,
15:47:57.080,0.745,-1.211,0.572,-0.347,0.746,Frame_29,
15:47:57.588,0.749,-1.119,0.574,-0.163,0.741,Frame_29,
15:47:58.080,0.756,-1.017,0.564,-0.122,0.731,Frame_30,
15:47:58.580,0.764,-0.928,0.558,-0.075,0.735,Frame_30,
15:47:59.080,0.775,-0.827,0.567,-0.072,0.706,Frame_30,
15:47:59.579,0.786,-0.726,0.571,-0.045,0.705,Frame_30,
15:48:00.080,0.797,-0.636,0.559,0.032,0.685,Frame_30,
15:48:00.582,0.809,-0.537,0.547,0.039,0.675,Frame_30,
15:48:01.080,0.820,-0.440,0.536,-0.002,0.664,Frame_31,
15:48:01.580,0.831,-0.347,0.509,-0.020,0.643,Frame_31,
15:48:02.080,0.840,-0.267,0.488,-0.048,0.618,Frame_31,
15:48:02.580,0.849,-0.191,0.460,-0.035,0.628,Frame_31,
15:48:03.080,0.861,-0.102,0.435,-0.050,0.608,Frame_31,
15:48:03.580,0.870,-0.038,0.379,-0.077,0.599,Frame_32,
15:48:04.080,0.877,0.014,0.354,-0.088,0.593,Frame_32,
15:48:04.580,0.890,0.084,0.368,-0.450,0.579,Frame_32,
15:48:05.079,0.904,0.142,0.376,-0.572,0.573,Frame_32,
15:48:05.580,0.922,0.191,0.367,-0.637,0.566,Frame_32,
15:48:06.089,0.945,0.243,0.305,-0.608,0.528,Frame_32,
15:48:06.580,0.969,0.283,0.289,-0.606,0.517,Frame_33,
15:48:07.080,0.992,0.316,0.232,-0.572,0.500,Frame_33,
15:48:07.580,1.012,0.339,0.193,-0.597,0.491,Frame_33,
15:48:08.080,1.032,0.358,0.156,-0.588,0.468,Frame_33,
15:48:08.580,1.046,0.370,0.117,-0.582,0.451,Frame_33,
15:48:09.079,1.061,0.380,0.087,-0.559,0.438,Frame_33,
15:48:09.579,1.069,0.384,0.046,-0.528,0.434,Frame_33,
15:48:10.080,1.075,0.387,0.024,-0.467,0.435,Frame_34,
15:48:10.580,1.077,0.388,0.008,-0.420,0.422,Frame_34,
15:48:11.080,1.078,0.388,0.000,0.000,0.412,Frame_34,Chiave 2 raccolta!
15:48:11.591,1.061,0.384,-0.178,0.074,0.432,Frame_34,
15:48:12.080,1.041,0.378,-0.239,0.146,0.439,Frame_34,
15:48:12.580,0.996,0.365,-0.282,0.264,0.488,Frame_34,
15:48:13.079,0.955,0.352,-0.248,0.395,0.541,Frame_34,
15:48:13.579,0.923,0.339,-0.193,0.557,0.532,Frame_35,
15:48:14.079,0.902,0.328,0.000,0.000,0.539,Frame_35,
15:48:14.580,0.895,0.325,0.000,0.000,0.557,Frame_35,
15:48:15.079,0.891,0.323,-0.106,0.054,0.556,Frame_35,
15:48:15.580,0.872,0.312,-0.187,0.209,0.569,Frame_35,
15:48:16.084,0.850,0.300,-0.174,0.345,0.576,Frame_35,
15:48:16.581,0.828,0.286,-0.128,0.519,0.588,Frame_36,
15:48:17.079,0.815,0.276,0.000,1.000,0.605,Frame_36,
15:48:17.580,0.815,0.276,0.000,1.000,0.615,Frame_36,
15:48:18.080,0.815,0.276,0.000,1.000,0.605,Frame_36,
15:48:18.580,0.815,0.276,0.000,1.000,0.641,Frame_36,
15:48:19.080,0.815,0.276,0.000,1.000,0.649,Frame_36,
15:48:19.580,0.815,0.276,0.000,1.000,0.648,Frame_36,
15:48:20.087,0.815,0.276,0.000,1.000,0.641,Frame_37,
15:48:20.580,0.815,0.276,0.000,1.000,0.627,Frame_37,
15:48:21.079,0.815,0.276,0.000,1.000,0.617,Frame_37,
15:48:21.580,0.815,0.276,0.000,0.842,0.608,Frame_37,
15:48:22.079,0.815,0.276,0.042,0.119,0.604,Frame_37,
15:48:22.580,0.810,0.282,0.266,0.263,0.599,Frame_37,
15:48:23.080,0.788,0.308,0.378,0.263,0.619,Frame_38,
15:48:23.580,0.754,0.344,0.484,0.208,0.597,Frame_38,
15:48:24.083,0.698,0.401,0.552,0.153,0.526,Frame_38,
15:48:24.580,0.641,0.456,0.588,0.091,0.475,Frame_38,
15:48:25.080,0.572,0.520,0.585,0.042,0.415,Frame_38,
15:48:25.579,0.510,0.577,0.610,-0.071,0.386,Frame_38,
15:48:26.080,0.440,0.643,0.582,-0.166,0.355,Frame_39,
15:48:26.580,0.382,0.700,0.586,-0.210,0.332,Frame_39,
15:48:27.080,0.317,0.769,0.590,-0.228,0.349,Frame_39,
15:48:27.580,0.252,0.841,0.628,-0.216,0.398,Frame_39,
15:48:28.079,0.180,0.928,0.624,-0.186,0.427,Frame_39,
15:48:28.580,0.135,0.987,0.625,-0.139,0.468,Frame_39,
15:48:29.080,0.068,1.077,0.617,-0.130,0.545,Frame_39,
15:48:29.580,0.011,1.156,0.603,-0.116,0.625,Frame_40,
15:48:30.080,-0.037,1.226,0.613,-0.127,0.659,Frame_40,
15:48:30.580,-0.084,1.298,0.601,-0.109,0.733,Frame_40,
15:48:31.089,-0.137,1.380,0.603,-0.123,0.778,Frame_40,
15:48:31.580,-0.188,1.462,0.602,-0.108,0.866,Frame_40,
15:48:32.080,-0.237,1.545,0.600,-0.085,0.903,Frame_40,
15:48:32.580,-0.285,1.629,0.612,-0.057,0.897,Frame_41,
15:48:33.080,-0.320,1.692,0.601,-0.045,0.855,Frame_41,
15:48:33.580,-0.373,1.787,0.599,-0.024,0.766,Frame_41,
15:48:34.085,-0.408,1.850,0.593,-0.027,0.723,Frame_41,
15:48:34.580,-0.459,1.943,0.582,-0.029,0.640,Frame_41,
15:48:35.080,-0.491,2.004,0.570,-0.033,0.620,Frame_41,
15:48:35.580,-0.534,2.084,0.561,-0.084,0.562,Frame_41,
15:48:36.080,-0.570,2.154,0.571,-0.117,0.557,Frame_42,
15:48:36.580,-0.610,2.235,0.567,-0.127,0.524,Frame_42,
15:48:37.080,-0.644,2.307,0.565,-0.118,0.543,Frame_42,
15:48:37.580,-0.672,2.369,0.577,-0.113,0.545,Frame_42,
15:48:38.080,-0.713,2.464,0.570,-0.085,0.552,Frame_42,
15:48:38.579,-0.739,2.527,0.570,-0.087,0.594,Frame_42,
15:48:39.080,-0.769,2.601,0.560,-0.073,0.614,Frame_42,
15:48:39.580,-0.797,2.673,0.548,-0.019,0.636,Frame_43,
15:48:40.080,-0.829,2.755,0.549,0.012,0.675,Frame_43,
15:48:40.580,-0.847,2.803,0.231,-0.027,0.705,Frame_43,
15:48:41.080,-0.851,2.812,-0.109,-0.307,0.711,Frame_43,
15:48:41.581,-0.844,2.792,-0.157,-0.452,0.717,Frame_43,
15:48:42.080,-0.839,2.772,-0.196,-0.486,0.707,Frame_43,
15:48:42.580,-0.833,2.739,-0.236,-0.477,0.717,Frame_43,
15:48:43.079,-0.829,2.706,-0.238,-0.439,0.703,Frame_44,
15:48:43.580,-0.827,2.668,-0.243,-0.396,0.712,Frame_44,
15:48:44.079,-0.827,2.628,-0.240,-0.329,0.716,Frame_44,
15:48:44.580,-0.830,2.589,0.056,-0.208,0.720,Frame_44,
15:48:45.080,-0.831,2.578,0.124,0.191,0.718,Frame_44,
15:48:45.579,-0.830,2.593,0.286,0.414,0.721,Frame_44,
15:48:46.080,-0.830,2.633,0.379,0.477,0.711,Frame_44,
15:48:46.580,-0.831,2.662,0.472,0.440,0.711,Frame_45,
15:48:47.080,-0.843,2.767,0.522,0.369,0.712,Frame_45,
15:48:47.580,-0.854,2.829,0.525,0.296,0.718,Frame_45,
15:48:48.080,-0.870,2.901,0.547,0.234,0.726,Frame_45,
15:48:48.580,-0.892,2.984,0.399,0.192,0.728,Frame_45,
15:48:49.080,-0.902,3.020,-0.018,-0.117,0.711,Frame_45,
15:48:49.580,-0.899,3.009,-0.047,-0.271,0.718,Frame_46,
15:48:50.085,-0.898,3.005,0.201,0.117,0.718,Frame_46,
15:48:50.580,-0.901,3.016,0.322,0.186,0.716,Frame_46,
15:48:51.080,-0.911,3.054,0.435,0.222,0.713,Frame_46,
15:48:51.580,-0.930,3.115,0.497,0.171,0.709,Frame_46,
15:48:52.080,-0.953,3.183,0.534,0.119,0.677,Frame_46,
15:48:52.580,-0.978,3.253,0.525,0.070,0.670,Frame_46,
15:48:53.080,-1.011,3.342,0.524,0.023,0.638,Frame_46,
15:48:53.580,-1.033,3.401,0.515,-0.001,0.614,Frame_47,
15:48:54.080,-1.058,3.468,0.509,-0.017,0.585,Frame_47,
15:48:54.580,-1.086,3.545,0.500,-0.064,0.563,Frame_47,
15:48:55.080,-1.110,3.609,0.480,-0.084,0.537,Frame_47,
15:48:55.580,-1.135,3.681,0.469,-0.091,0.529,Frame_47,
15:48:56.080,-1.150,3.727,0.068,-0.204,0.502,Frame_47,
15:48:56.580,-1.148,3.719,-0.186,-0.309,0.489,Frame_48,
15:48:57.080,-1.141,3.692,-0.227,-0.308,0.493,Frame_48,
15:48:57.580,-1.133,3.655,-0.240,-0.291,0.504,Frame_48,
15:48:58.080,-1.128,3.621,-0.252,-0.278,0.486,Frame_48,
15:48:58.580,-1.124,3.592,-0.240,-0.264,0.509,Frame_48,
15:48:59.079,-1.121,3.553,-0.246,-0.226,0.505,Frame_48,
15:48:59.580,-1.119,3.509,-0.233,-0.184,0.506,Frame_48,
15:49:00.080,-1.119,3.473,-0.233,-0.156,0.499,Frame_49,
15:49:00.580,-1.119,3.436,-0.217,-0.105,0.492,Frame_49,
15:49:01.080,-1.120,3.405,-0.215,-0.052,0.487,Frame_49,
15:49:01.580,-1.121,3.376,-0.209,-0.022,0.497,Frame_49,
15:49:02.080,-1.122,3.343,-0.205,0.027,0.492,Frame_49,
15:49:02.580,-1.123,3.318,-0.214,0.046,0.484,Frame_49,
15:49:03.080,-1.124,3.292,-0.221,0.055,0.482,Frame_50,
15:49:03.579,-1.125,3.257,-0.225,0.057,0.485,Frame_50,
15:49:04.080,-1.125,3.225,-0.226,0.067,0.485,Frame_50,
15:49:04.580,-1.126,3.185,-0.221,0.059,0.479,Frame_50,
15:49:05.082,-1.125,3.149,-0.235,0.059,0.477,Frame_50,
15:49:05.580,-1.125,3.111,-0.235,0.053,0.482,Frame_50,
15:49:06.080,-1.124,3.071,0.008,0.026,0.481,Frame_50,
15:49:06.579,-1.123,3.058,0.254,0.038,0.477,Frame_51,
15:49:07.080,-1.124,3.069,0.400,0.037,0.481,Frame_51,
15:49:07.580,-1.126,3.114,0.470,0.069,0.474,Frame_51,
15:49:08.081,-1.129,3.170,0.505,0.006,0.475,Frame_51,
15:49:08.579,-1.135,3.262,0.526,-0.012,0.477,Frame_51,
15:49:09.082,-1.140,3.346,0.533,-0.003,0.478,Frame_51,
15:49:09.580,-1.145,3.431,0.514,0.003,0.473,Frame_52,
15:49:10.080,-1.150,3.518,0.335,-0.024,0.473,Frame_52,
15:49:10.580,-1.151,3.545,-0.065,-0.183,0.468,Frame_52,
15:49:11.080,-1.151,3.538,-0.188,-0.206,0.471,Frame_52,
15:49:11.580,-1.151,3.489,-0.210,-0.064,0.466,Frame_52,
15:49:12.080,-1.152,3.463,-0.222,0.026,0.460,Frame_52,
15:49:12.580,-1.152,3.428,-0.221,0.082,0.455,Frame_53,
15:49:13.079,-1.152,3.393,-0.120,0.046,0.449,Frame_53,
15:49:13.584,-1.152,3.375,0.217,0.120,0.459,Frame_53,
15:49:14.080,-1.153,3.385,0.336,0.086,0.467,Frame_53,
15:49:14.580,-1.154,3.421,0.441,0.098,0.468,Frame_53,
15:49:15.080,-1.158,3.482,0.494,0.056,0.469,Frame_53,
15:49:15.580,-1.163,3.572,0.495,0.036,0.467,Frame_54,
15:49:16.080,-1.169,3.648,0.469,0.029,0.457,Frame_54,
15:49:16.582,-1.172,3.697,0.054,-0.091,0.454,Frame_54,
15:49:17.080,-1.172,3.687,-0.171,-0.137,0.454,Frame_54,
15:49:17.579,-1.171,3.655,-0.224,-0.140,0.458,Frame_54,
15:49:18.080,-1.170,3.619,-0.228,-0.142,0.456,Frame_54,
15:49:18.580,-1.170,3.582,-0.218,-0.112,0.454,Frame_55,
15:49:19.080,-1.171,3.547,-0.222,-0.080,0.454,Frame_55,
15:49:19.580,-1.172,3.517,-0.215,-0.054,0.442,Frame_55,
15:49:20.079,-1.173,3.487,-0.221,-0.023,0.436,Frame_55,
15:49:20.580,-1.174,3.461,-0.210,0.012,0.441,Frame_55,
15:49:21.080,-1.176,3.432,-0.205,0.033,0.426,Frame_55,
15:49:21.581,-1.177,3.403,-0.209,0.053,0.440,Frame_55,
15:49:22.080,-1.178,3.379,-0.206,0.066,0.440,Frame_56,
15:49:22.580,-1.179,3.346,-0.212,0.093,0.436,Frame_56,
15:49:23.080,-1.179,3.305,-0.237,0.110,0.429,Frame_56,
15:49:23.580,-1.179,3.267,-0.238,0.090,0.429,Frame_56,
15:49:24.080,-1.178,3.228,-0.245,0.087,0.440,Frame_56,
15:49:24.580,-1.177,3.190,-0.241,0.062,0.436,Frame_56,
15:49:25.080,-1.176,3.160,-0.108,0.106,0.438,Frame_57,
15:49:25.592,-1.174,3.119,-0.192,0.139,0.430,Frame_57,
15:49:26.080,-1.171,3.090,-0.215,0.046,0.436,Frame_57,
15:49:26.580,-1.168,3.055,-0.222,-0.010,0.437,Frame_57,
15:49:27.080,-1.166,3.028,-0.226,-0.041,0.439,Frame_57,
15:49:27.586,-1.162,2.982,-0.239,-0.049,0.435,Frame_57,
15:49:28.080,-1.160,2.948,-0.239,-0.049,0.443,Frame_57,
15:49:28.580,-1.157,2.911,-0.236,-0.053,0.450,Frame_58,
15:49:29.080,-1.155,2.873,-0.234,-0.040,0.447,Frame_58,
15:49:29.579,-1.153,2.831,-0.221,-0.008,0.443,Frame_58,
15:49:30.080,-1.151,2.794,-0.239,-0.019,0.446,Frame_58,
15:49:30.580,-1.150,2.756,-0.245,-0.022,0.455,Frame_58,
15:49:31.080,-1.148,2.723,-0.243,-0.010,0.439,Frame_58,
15:49:31.582,-1.147,2.674,-0.245,-0.020,0.443,Frame_59,
15:49:32.080,-1.145,2.635,-0.254,-0.027,0.438,Frame_59,
15:49:32.580,-1.144,2.584,-0.253,0.001,0.433,Frame_59,
15:49:33.080,-1.143,2.544,-0.257,0.001,0.439,Frame_59,
15:49:33.579,-1.142,2.494,-0.252,0.007,0.446,Frame_59,
15:49:34.080,-1.140,2.449,-0.252,0.003,0.441,Frame_60,
15:49:34.580,-1.139,2.404,-0.247,-0.019,0.440,Frame_60,
15:49:35.080,-1.138,2.364,-0.256,-0.042,0.453,Frame_60,
15:49:35.580,-1.137,2.318,-0.259,-0.036,0.435,Frame_60,
15:49:36.080,-1.136,2.272,-0.252,-0.028,0.447,Frame_60,
15:49:36.580,-1.136,2.221,-0.253,-0.008,0.435,Frame_60,
15:49:37.080,-1.136,2.170,-0.257,-0.009,0.434,Frame_61,
15:49:37.579,-1.136,2.125,-0.256,-0.000,0.436,Frame_61,
15:49:38.080,-1.135,2.083,-0.258,0.018,0.440,Frame_61,
15:49:38.580,-1.135,2.043,-0.261,0.025,0.436,Frame_61,
15:49:39.086,-1.135,1.992,-0.245,0.028,0.425,Frame_61,
15:49:39.580,-1.134,1.943,-0.248,0.025,0.435,Frame_61,
15:49:40.080,-1.133,1.894,-0.230,0.026,0.424,Frame_62,
15:49:40.579,-1.131,1.852,-0.241,0.018,0.426,Frame_62,
15:49:41.080,-1.130,1.808,-0.241,0.016,0.429,Frame_62,
15:49:41.587,-1.129,1.770,-0.239,0.001,0.430,Frame_62,
15:49:42.080,-1.127,1.722,-0.249,-0.000,0.437,Frame_62,
15:49:42.580,-1.126,1.676,-0.251,0.003,0.431,Frame_62,
15:49:43.079,-1.124,1.627,-0.244,0.007,0.440,Frame_63,
15:49:43.580,-1.123,1.592,-0.246,0.010,0.434,Frame_63,
15:49:44.080,-1.122,1.548,-0.235,0.015,0.426,Frame_63,
15:49:44.579,-1.120,1.502,-0.238,0.014,0.433,Frame_63,
15:49:45.080,-1.118,1.459,-0.244,0.014,0.435,Frame_64,
15:49:45.588,-1.116,1.408,-0.261,-0.001,0.433,Frame_64,
15:49:46.088,-1.114,1.359,-0.240,-0.001,0.441,Frame_64,
15:49:46.579,-1.112,1.311,-0.236,-0.005,0.442,Frame_64,
15:49:47.080,-1.110,1.270,-0.231,-0.005,0.441,Frame_64,
15:49:47.580,-1.108,1.222,-0.246,-0.040,0.426,Frame_64,
15:49:48.080,-1.106,1.174,-0.237,-0.017,0.427,Frame_65,
15:49:48.580,-1.105,1.132,-0.234,-0.009,0.429,Frame_65,
15:49:49.080,-1.104,1.085,-0.238,0.003,0.432,Frame_65,
15:49:49.580,-1.103,1.036,-0.251,-0.007,0.439,Frame_65,
15:49:50.079,-1.102,0.988,-0.234,0.007,0.436,Frame_66,
15:49:50.580,-1.101,0.949,-0.250,-0.018,0.433,Frame_66,
15:49:51.080,-1.099,0.892,-0.207,0.164,0.438,Frame_66,
15:49:51.580,-1.098,0.855,-0.207,0.366,0.438,Frame_66,
15:49:52.080,-1.094,0.819,-0.238,0.519,0.442,Frame_66,
15:49:52.580,-1.087,0.782,-0.235,0.549,0.437,Frame_66,
15:49:53.080,-1.077,0.746,-0.217,0.583,0.446,Frame_67,
15:49:53.580,-1.065,0.716,-0.187,0.602,0.475,Frame_67,
15:49:54.079,-1.052,0.690,-0.174,0.592,0.495,Frame_67,
15:49:54.580,-1.038,0.667,-0.159,0.584,0.500,Frame_67,
15:49:55.083,-1.026,0.650,-0.136,0.575,0.527,Frame_67,
15:49:55.580,-1.012,0.635,-0.113,0.575,0.553,Frame_67,
15:49:56.080,-1.000,0.624,-0.096,0.618,0.568,Frame_68,
15:49:56.580,-0.993,0.618,-0.055,0.648,0.576,Frame_68,
15:49:57.080,-0.993,0.618,-0.026,0.673,0.582,Frame_68,
15:49:57.580,-0.985,0.613,0.016,0.695,0.598,Frame_68,
15:49:58.080,-0.989,0.614,0.048,0.737,0.605,Frame_68,
15:49:58.580,-0.993,0.615,0.086,0.756,0.590,Frame_68,
15:49:59.079,-1.016,0.619,0.103,0.771,0.578,Frame_68,
15:49:59.580,-1.019,0.619,-0.005,0.767,0.583,Frame_68,
15:50:00.085,-1.019,0.619,0.003,0.773,0.577,Frame_69,
15:50:00.580,-1.021,0.618,0.035,0.778,0.581,Frame_69,
15:50:01.080,-1.026,0.616,0.043,0.794,0.573,Frame_69,
15:50:01.580,-1.034,0.612,0.072,0.840,0.559,Frame_69,
15:50:02.082,-1.043,0.606,0.082,0.856,0.551,Frame_69,
15:50:02.580,-1.054,0.597,0.125,0.849,0.538,Frame_69,
15:50:03.088,-1.069,0.579,0.187,0.810,0.523,Frame_70,
15:50:03.580,-1.086,0.554,0.237,0.710,0.507,Frame_70,
15:50:04.084,-1.108,0.513,0.285,0.605,0.474,Frame_70,
15:50:04.580,-1.122,0.480,0.315,0.523,0.431,Frame_70,
15:50:05.080,-1.140,0.423,0.354,0.410,0.418,Frame_70,
15:50:05.579,-1.154,0.370,0.327,0.352,0.382,Frame_70,
15:50:06.079,-1.163,0.319,0.312,0.274,0.381,Frame_71,
15:50:06.580,-1.170,0.271,0.287,0.188,0.367,Frame_71,
15:50:07.080,-1.175,0.228,0.264,0.119,0.369,Frame_71,
15:50:07.581,-1.179,0.188,0.250,0.071,0.349,Frame_71,
15:50:08.080,-1.181,0.153,0.241,0.062,0.343,Frame_71,
15:50:08.580,-1.184,0.116,0.234,-0.091,0.341,Frame_71,
15:50:09.080,-1.187,0.078,0.242,-0.222,0.341,Frame_72,
15:50:09.582,-1.191,0.046,0.168,-0.335,0.319,Frame_72,
15:50:10.080,-1.193,0.027,0.153,-0.364,0.329,Frame_72,
15:50:10.580,-1.199,-0.000,0.153,-0.387,0.316,Frame_72,
15:50:11.079,-1.208,-0.030,0.162,-0.421,0.320,Frame_72,
15:50:11.580,-1.214,-0.048,0.164,-0.453,0.314,Frame_72,
15:50:12.080,-1.225,-0.073,0.169,-0.468,0.302,Frame_72,
15:50:12.580,-1.236,-0.095,0.179,-0.505,0.315,Frame_72,
15:50:13.080,-1.253,-0.121,0.211,-0.467,0.302,Frame_73,
15:50:13.580,-1.269,-0.144,0.182,-0.468,0.307,Frame_73,
15:50:14.080,-1.288,-0.167,0.181,-0.452,0.283,Frame_73,
15:50:14.580,-1.307,-0.188,0.226,-0.376,0.284,Frame_73,
15:50:15.087,-1.337,-0.216,0.221,-0.339,0.294,Frame_73,
15:50:15.580,-1.360,-0.235,0.218,-0.295,0.286,Frame_73,
15:50:16.080,-1.394,-0.261,0.197,-0.321,0.286,Frame_74,
15:50:16.579,-1.421,-0.278,0.217,-0.318,0.283,Frame_74,
15:50:17.080,-1.448,-0.295,0.240,-0.267,0.288,Frame_74,
15:50:17.592,-1.483,-0.314,0.258,-0.170,0.290,Frame_74,
15:50:18.090,-1.515,-0.330,0.250,-0.058,0.300,Frame_74,
15:50:18.580,-1.548,-0.347,0.208,0.002,0.310,Frame_74,
15:50:19.081,-1.577,-0.362,0.197,0.023,0.316,Frame_75,
15:50:19.584,-1.600,-0.373,0.177,0.035,0.335,Frame_75,
15:50:20.080,-1.620,-0.383,0.182,0.019,0.324,Frame_75,
15:50:20.580,-1.648,-0.398,0.168,-0.020,0.349,Frame_75,
15:50:21.079,-1.672,-0.410,0.163,-0.072,0.364,Frame_75,
15:50:21.581,-1.691,-0.420,0.161,-0.147,0.363,Frame_75,
15:50:22.080,-1.708,-0.428,0.154,-0.204,0.375,Frame_75,
15:50:22.580,-1.730,-0.438,0.151,-0.249,0.361,Frame_76,
15:50:23.079,-1.749,-0.446,0.115,-0.044,0.366,Frame_76,
15:50:23.580,-1.765,-0.452,0.114,-0.025,0.346,Frame_76,
15:50:24.080,-1.779,-0.458,0.127,-0.081,0.337,Frame_76,
15:50:24.584,-1.800,-0.465,0.114,-0.046,0.347,Frame_76,
15:50:25.080,-1.816,-0.471,0.130,-0.138,0.327,Frame_76,
15:50:25.580,-1.836,-0.478,0.133,-0.236,0.331,Frame_76,
15:50:26.080,-1.853,-0.483,0.136,-0.280,0.316,Frame_77,
15:50:26.580,-1.874,-0.488,0.133,-0.326,0.336,Frame_77,
15:50:27.079,-1.888,-0.492,0.111,-0.248,0.330,Frame_77,
15:50:27.581,-1.907,-0.495,0.098,-0.184,0.319,Frame_77,
15:50:28.080,-1.916,-0.496,0.041,-0.132,0.326,Frame_77,
15:50:28.582,-1.920,-0.496,-0.000,-0.098,0.326,Frame_77,
15:50:29.080,-1.920,-0.497,0.088,-0.092,0.326,Frame_77,
15:50:29.580,-1.939,-0.498,0.092,-0.098,0.324,Frame_78,
15:50:30.085,-1.953,-0.499,0.054,-0.079,0.324,Frame_78,
15:50:30.580,-1.957,-0.499,0.000,-0.075,0.331,Frame_78,
15:50:31.080,-1.956,-0.499,-0.016,-0.063,0.324,Frame_78,
15:50:31.579,-1.953,-0.499,-0.008,-0.030,0.325,Frame_78,
15:50:32.080,-1.953,-0.499,0.001,-0.012,0.319,Frame_79,
15:50:32.583,-1.953,-0.499,-0.005,0.003,0.325,Frame_79,
15:50:33.080,-1.953,-0.499,-0.003,0.004,0.330,Frame_79,
15:50:33.580,-1.953,-0.499,0.010,-0.010,0.324,Frame_79,
15:50:34.080,-1.954,-0.499,-0.001,0.004,0.328,Frame_79,
15:50:34.580,-1.953,-0.499,-0.007,0.000,0.327,Frame_80,
15:50:35.081,-1.953,-0.499,0.003,-0.011,0.326,Frame_80,
15:50:35.580,-1.953,-0.499,-0.005,0.003,0.325,Frame_80,
15:50:36.080,-1.953,-0.499,-0.001,0.002,0.336,Frame_80,
15:50:36.580,-1.953,-0.499,-0.006,0.005,0.333,Frame_80,
15:50:37.079,-1.952,-0.499,0.001,-0.006,0.331,Frame_80,
15:50:37.580,-1.952,-0.499,0.004,-0.007,0.317,Frame_81,
15:50:38.085,-1.952,-0.499,0.003,-0.013,0.334,Frame_81,
15:50:38.579,-1.952,-0.499,0.000,-0.016,0.320,Frame_81,
15:50:39.085,-1.952,-0.499,0.004,-0.017,0.333,Frame_81,
15:50:39.580,-1.953,-0.499,-0.002,0.007,0.328,Frame_81,
15:50:40.080,-1.952,-0.499,0.002,0.006,0.328,Frame_82,
15:50:40.580,-1.952,-0.499,-0.002,0.003,0.322,Frame_82,
15:50:41.080,-1.952,-0.499,0.008,-0.005,0.335,Frame_82,
15:50:41.580,-1.953,-0.499,0.004,-0.012,0.327,Frame_82,
15:50:42.080,-1.953,-0.499,-0.000,-0.006,0.323,Frame_82,
15:50:42.580,-1.953,-0.499,0.005,-0.008,0.321,Frame_82,
15:50:43.080,-1.953,-0.499,0.002,-0.006,0.334,Frame_83,
15:50:43.580,-1.952,-0.499,-0.003,-0.005,0.332,Frame_83,
15:50:44.080,-1.952,-0.499,-0.000,-0.000,0.327,Frame_83,
15:50:44.580,-1.951,-0.499,-0.001,-0.009,0.331,Frame_83,
15:50:45.080,-1.951,-0.499,0.008,-0.012,0.315,Frame_83,
15:50:45.580,-1.952,-0.499,-0.000,0.008,0.333,Frame_84,
15:50:46.082,-1.952,-0.499,0.000,0.015,0.324,Frame_84,
15:50:46.579,-1.952,-0.499,0.008,0.013,0.320,Frame_84,
15:50:47.080,-1.954,-0.499,0.005,0.006,0.318,Frame_84,
15:50:47.580,-1.954,-0.499,-0.006,-0.004,0.320,Frame_84,
15:50:48.080,-1.952,-0.499,-0.006,-0.005,0.330,Frame_84,
15:50:48.582,-1.952,-0.499,0.007,-0.002,0.335,Frame_85,
15:50:49.080,-1.952,-0.499,-0.008,0.003,0.328,Frame_85,
15:50:49.579,-1.952,-0.499,0.002,0.013,0.337,Frame_85,
15:50:50.080,-1.951,-0.499,-0.008,0.002,0.327,Frame_85,
15:50:50.579,-1.951,-0.499,0.003,-0.004,0.325,Frame_85,
15:50:51.080,-1.952,-0.499,0.001,0.009,0.330,Frame_86,
15:50:51.580,-1.952,-0.499,-0.003,0.013,0.323,Frame_86,
15:50:52.080,-1.951,-0.499,0.002,0.011,0.314,Frame_86,
15:50:52.580,-1.952,-0.499,0.005,0.002,0.330,Frame_86,
15:50:53.080,-1.953,-0.499,-0.002,0.009,0.334,Frame_86,
15:50:53.582,-1.953,-0.499,0.002,-0.004,0.322,Frame_86,
15:50:54.080,-1.953,-0.499,-0.005,0.002,0.330,Frame_87,
15:50:54.579,-1.952,-0.499,0.000,0.000,0.326,Frame_87,
15:50:55.079,-1.952,-0.499,0.000,0.000,0.340,Frame_87,
15:50:55.580,-1.952,-0.499,0.000,0.000,0.320,Frame_87,
15:50:56.080,-1.952,-0.499,0.000,0.000,0.338,Frame_87,
15:50:56.580,-1.952,-0.499,0.000,0.000,0.336,Frame_88,
15:50:57.080,-1.952,-0.499,0.000,0.000,0.323,Frame_88,
15:50:57.582,-1.952,-0.499,0.000,0.000,0.327,Frame_88,
15:50:58.080,-1.952,-0.499,0.000,0.000,0.328,Frame_88,
15:50:58.580,-1.952,-0.499,0.000,0.000,0.305,Frame_88,
15:50:59.080,-1.952,-0.499,0.000,0.000,0.332,Frame_89,
15:50:59.580,-1.952,-0.499,0.000,0.000,0.333,Frame_89,
15:51:00.080,-1.952,-0.499,0.000,0.000,0.318,Frame_89,
15:51:00.580,-1.952,-0.499,0.000,0.000,0.329,Frame_89,
15:51:01.079,-1.952,-0.499,0.000,0.000,0.333,Frame_89,
15:51:01.580,-1.952,-0.499,0.000,0.000,0.321,Frame_89,
15:51:02.080,-1.952,-0.499,0.000,0.000,0.336,Frame_90,
15:51:02.580,-1.952,-0.499,0.000,0.000,0.338,Frame_90,
15:51:03.088,-1.952,-0.499,0.000,0.000,0.340,Frame_90,
15:51:03.580,-1.952,-0.499,0.000,0.000,0.320,Frame_90,
15:51:04.080,-1.952,-0.499,0.000,0.000,0.330,Frame_90,
15:51:04.582,-1.952,-0.499,0.000,0.000,0.327,Frame_91,
15:51:05.080,-1.952,-0.499,0.000,0.000,0.315,Frame_91,
15:51:05.581,-1.952,-0.499,0.000,0.000,0.322,Frame_91,
15:51:06.080,-1.952,-0.499,0.000,0.000,0.328,Frame_91,
15:51:06.584,-1.952,-0.499,0.000,0.000,0.335,Frame_91,
15:51:07.080,-1.952,-0.499,0.000,0.000,0.329,Frame_92,
15:51:07.579,-1.952,-0.499,0.000,0.000,0.326,Frame_92,
15:51:08.080,-1.957,-0.499,0.091,-0.032,0.330,Frame_92,
15:51:08.580,-1.965,-0.499,-0.014,-0.026,0.332,Frame_92,
15:51:09.080,-1.962,-0.499,0.084,-0.071,0.330,Frame_92,
15:51:09.580,-1.982,-0.499,0.141,-0.172,0.322,Frame_92,
15:51:10.087,-2.007,-0.499,0.132,-0.165,0.318,Frame_93,
15:51:10.579,-2.026,-0.498,0.137,-0.187,0.320,Frame_93,
15:51:11.080,-2.048,-0.496,0.130,-0.211,0.334,Frame_93,
15:51:11.580,-2.065,-0.494,0.131,-0.225,0.310,Frame_93,
15:51:12.080,-2.086,-0.491,0.128,-0.239,0.328,Frame_93,
15:51:12.580,-2.103,-0.487,0.110,-0.205,0.321,Frame_93,
15:51:13.083,-2.120,-0.484,0.135,-0.227,0.338,Frame_94,
15:51:13.579,-2.136,-0.480,0.102,-0.327,0.339,Frame_94,
15:51:14.080,-2.149,-0.476,0.126,-0.538,0.348,Frame_94,
15:51:14.580,-2.166,-0.469,0.205,-0.890,0.331,Frame_94,
15:51:15.080,-2.200,-0.451,0.306,-0.981,0.338,Frame_94,
15:51:15.580,-2.234,-0.426,0.313,-0.736,0.353,Frame_94,
15:51:16.080,-2.269,-0.394,0.245,-0.768,0.366,Frame_94,
15:51:16.579,-2.294,-0.363,0.286,-1.007,0.377,Frame_95,
15:51:17.080,-2.321,-0.316,0.319,-1.113,0.366,Frame_95,
15:51:17.580,-2.338,-0.268,0.313,-1.113,0.386,Frame_95,
15:51:18.082,-2.346,-0.226,0.297,-0.954,0.372,Frame_95,
15:51:18.580,-2.347,-0.171,0.242,-0.771,0.376,Frame_95,
15:51:19.079,-2.343,-0.139,0.211,-0.742,0.372,Frame_95,
15:51:19.580,-2.336,-0.109,0.178,-0.652,0.361,Frame_96,
15:51:20.080,-2.327,-0.084,0.144,-0.564,0.366,Frame_96,
15:51:20.580,-2.319,-0.067,0.125,-0.560,0.354,Frame_96,
15:51:21.080,-2.309,-0.048,0.109,-0.548,0.363,Frame_96,
15:51:21.579,-2.300,-0.036,0.073,-0.558,0.345,Frame_96,
15:51:22.080,-2.295,-0.030,0.026,-0.607,0.348,Frame_96,
15:51:22.580,-2.293,-0.028,0.007,-0.619,0.344,Frame_96,
15:51:23.080,-2.293,-0.027,-0.003,-0.597,0.337,Frame_97,
15:51:23.580,-2.294,-0.028,-0.009,-0.574,0.350,Frame_97,
15:51:24.079,-2.296,-0.029,-0.007,-0.521,0.346,Frame_97,
15:51:24.580,-2.297,-0.029,-0.020,-0.456,0.351,Frame_97,
15:51:25.080,-2.298,-0.030,-0.011,-0.411,0.362,Frame_97,
15:51:25.590,-2.300,-0.031,-0.107,-0.142,0.360,Frame_97,Chiave 3 raccolta!
15:51:26.081,-2.319,-0.036,-0.165,-0.222,0.365,Frame_98,
15:51:26.580,-2.342,-0.041,-0.121,-0.398,0.394,Frame_98,
15:51:27.080,-2.355,-0.043,-0.045,-0.630,0.419,Frame_98,
15:51:27.580,-2.361,-0.043,-0.023,-0.807,0.422,Frame_98,
15:51:28.080,-2.366,-0.043,-0.033,-0.951,0.427,Frame_98,
15:51:28.580,-2.370,-0.042,-0.015,-1.038,0.418,Frame_98,
15:51:29.080,-2.370,-0.042,0.013,-1.082,0.419,Frame_99,
15:51:29.579,-2.367,-0.044,0.033,-1.101,0.410,Frame_99,
15:51:30.080,-2.361,-0.049,0.134,-1.021,0.401,Frame_99,
15:51:30.579,-2.342,-0.073,0.273,-1.009,0.375,Frame_99,
15:51:31.079,-2.320,-0.111,0.470,-0.863,0.359,Frame_99,
15:51:31.586,-2.291,-0.179,0.544,-0.715,0.321,Frame_99,
15:51:32.079,-2.267,-0.260,0.538,-0.587,0.278,Frame_99,
15:51:32.580,-2.250,-0.344,0.519,-0.493,0.282,Frame_100,
15:51:33.080,-2.240,-0.434,0.489,-0.427,0.294,Frame_100,
15:51:33.580,-2.237,-0.534,0.507,-0.359,0.343,Frame_100,
15:51:34.079,-2.240,-0.607,0.367,-0.608,0.418,Frame_100,
15:51:34.582,-2.247,-0.662,0.329,-0.606,0.467,Frame_100,
15:51:35.080,-2.258,-0.709,0.408,-0.374,0.526,Frame_100,
15:51:35.579,-2.276,-0.772,0.421,-0.267,0.572,Frame_101,
15:51:36.079,-2.295,-0.829,0.155,-0.340,0.632,Frame_101,
15:51:36.580,-2.292,-0.820,-0.170,-0.329,0.678,Frame_101,
15:51:37.080,-2.277,-0.788,-0.265,-0.373,0.654,Frame_101,
15:51:37.582,-2.257,-0.752,-0.236,-0.452,0.582,Frame_101,
15:51:38.080,-2.241,-0.727,-0.188,-0.592,0.558,Frame_101,
15:51:38.580,-2.225,-0.705,-0.148,-0.692,0.528,Frame_102,
15:51:39.080,-2.212,-0.692,-0.062,-0.791,0.505,Frame_102,
15:51:39.580,-2.207,-0.687,-0.037,-0.943,0.509,Frame_102,
15:51:40.080,-2.203,-0.684,-0.055,-1.004,0.509,Frame_102,
15:51:40.580,-2.197,-0.682,-0.032,-1.077,0.509,Frame_102,
15:51:41.080,-2.193,-0.681,-0.017,-1.140,0.518,Frame_102,
15:51:41.579,-2.192,-0.680,0.012,-1.180,0.531,Frame_103,
15:51:42.080,-2.194,-0.680,0.018,-1.181,0.533,Frame_103,
15:51:42.580,-2.199,-0.678,0.077,-1.146,0.551,Frame_103,
15:51:43.080,-2.211,-0.672,0.151,-1.108,0.575,Frame_103,
15:51:43.580,-2.232,-0.656,0.261,-1.104,0.562,Frame_103,
15:51:44.080,-2.256,-0.632,0.383,-1.019,0.568,Frame_103,
15:51:44.580,-2.305,-0.562,0.470,-0.878,0.562,Frame_103,
15:51:45.079,-2.336,-0.500,0.506,-0.754,0.520,Frame_104,
15:51:45.580,-2.364,-0.424,0.508,-0.627,0.506,Frame_104,
15:51:46.080,-2.383,-0.354,0.417,-0.597,0.474,Frame_104,
15:51:46.580,-2.391,-0.312,-0.046,-0.517,0.449,Frame_104,
15:51:47.080,-2.389,-0.336,-0.219,-0.382,0.456,Frame_104,
15:51:47.580,-2.389,-0.382,-0.243,-0.246,0.485,Frame_104,
15:51:48.079,-2.391,-0.419,-0.226,-0.161,0.511,Frame_105,
15:51:48.580,-2.393,-0.450,-0.217,-0.106,0.531,Frame_105,
15:51:49.080,-2.396,-0.483,-0.202,-0.087,0.547,Frame_105,
15:51:49.580,-2.399,-0.514,-0.194,0.011,0.581,Frame_105,
15:51:50.080,-2.402,-0.544,-0.181,0.089,0.609,Frame_105,
15:51:50.579,-2.405,-0.579,-0.194,0.155,0.631,Frame_105,
15:51:51.080,-2.407,-0.607,-0.220,0.200,0.648,Frame_106,
15:51:51.579,-2.409,-0.648,-0.233,0.204,0.676,Frame_106,
15:51:52.080,-2.409,-0.686,-0.239,0.171,0.707,Frame_106,
15:51:52.580,-2.407,-0.739,-0.250,0.142,0.757,Frame_106,
15:51:53.080,-2.403,-0.795,-0.258,0.087,0.795,Frame_106,
15:51:53.592,-2.400,-0.836,-0.264,0.046,0.838,Frame_107,
15:51:54.080,-2.396,-0.878,-0.255,0.013,0.842,Frame_107,
15:51:54.588,-2.392,-0.929,-0.260,-0.015,0.893,Frame_107,
15:51:55.080,-2.389,-0.960,-0.250,-0.014,0.935,Frame_107,
15:51:55.580,-2.385,-1.004,-0.247,0.036,0.907,Frame_107,
15:51:56.088,-2.382,-1.039,-0.254,0.047,0.906,Frame_107,
15:51:56.580,-2.378,-1.080,-0.243,0.031,0.873,Frame_107,
15:51:57.079,-2.373,-1.127,-0.236,0.035,0.849,Frame_108,
15:51:57.580,-2.370,-1.160,-0.237,0.001,0.818,Frame_108,
15:51:58.080,-2.366,-1.198,-0.235,-0.017,0.820,Frame_108,
15:51:58.580,-2.362,-1.235,-0.240,-0.043,0.809,Frame_108,
15:51:59.088,-2.358,-1.268,-0.226,-0.049,0.791,Frame_108,
15:51:59.579,-2.355,-1.304,-0.240,-0.004,0.795,Frame_108,
15:52:00.080,-2.352,-1.339,-0.236,0.018,0.770,Frame_109,
15:52:00.580,-2.348,-1.377,-0.214,-0.052,0.767,Frame_109,
15:52:01.080,-2.345,-1.410,-0.212,-0.203,0.767,Frame_109,
15:52:01.580,-2.343,-1.456,-0.273,-0.353,0.760,Frame_109,
15:52:02.080,-2.343,-1.505,-0.300,-0.396,0.742,Frame_109,
15:52:02.580,-2.347,-1.556,-0.299,-0.455,0.734,Frame_109,
15:52:03.079,-2.353,-1.598,-0.301,-0.440,0.729,Frame_110,
15:52:03.580,-2.363,-1.647,-0.312,-0.440,0.714,Frame_110,
15:52:04.079,-2.377,-1.694,-0.305,-0.419,0.687,Frame_110,
15:52:04.580,-2.393,-1.739,-0.283,-0.386,0.678,Frame_110,
15:52:05.080,-2.413,-1.784,-0.261,-0.387,0.669,Frame_110,
15:52:05.580,-2.429,-1.815,-0.243,-0.377,0.653,Frame_110,
15:52:06.082,-2.451,-1.851,-0.228,-0.361,0.647,Frame_111,
15:52:06.580,-2.468,-1.877,-0.223,-0.352,0.640,Frame_111,
15:52:07.080,-2.490,-1.906,-0.216,-0.337,0.616,Frame_111,
15:52:07.580,-2.512,-1.932,-0.211,-0.353,0.599,Frame_111,
15:52:08.080,-2.535,-1.956,-0.194,-0.349,0.597,Frame_111,
15:52:08.580,-2.558,-1.978,-0.174,-0.367,0.571,Frame_111,
15:52:09.080,-2.579,-1.995,-0.148,-0.394,0.571,Frame_112,
15:52:09.580,-2.597,-2.008,-0.131,-0.440,0.573,Frame_112,
15:52:10.080,-2.612,-2.018,-0.110,-0.485,0.549,Frame_112,
15:52:10.580,-2.623,-2.024,-0.062,-0.541,0.548,Frame_112,
15:52:11.080,-2.631,-2.027,-0.029,-0.588,0.532,Frame_112,
15:52:11.580,-2.633,-2.028,0.014,-0.641,0.533,Frame_112,
15:52:12.080,-2.629,-2.027,0.045,-0.676,0.526,Frame_112,
15:52:12.580,-2.622,-2.026,0.029,-0.697,0.525,Frame_113,
15:52:13.080,-2.618,-2.026,-0.012,-0.773,0.523,Frame_113,
15:52:13.580,-2.619,-2.026,-0.003,-0.809,0.506,Frame_113,
15:52:14.080,-2.617,-2.027,0.024,-0.897,0.517,Frame_113,
15:52:14.580,-2.612,-2.028,0.059,-0.942,0.512,Frame_113,
15:52:15.080,-2.601,-2.035,0.103,-0.955,0.497,Frame_113,
15:52:15.579,-2.589,-2.044,0.174,-0.918,0.536,Frame_113,
15:52:16.080,-2.575,-2.057,0.081,-0.884,0.575,Frame_114,
15:52:16.580,-2.578,-2.052,-0.119,-0.849,0.563,Frame_114,
15:52:17.080,-2.588,-2.037,-0.147,-0.804,0.570,Frame_114,
15:52:17.580,-2.600,-2.012,-0.184,-0.730,0.560,Frame_114,
15:52:18.080,-2.609,-1.985,-0.230,-0.651,0.541,Frame_114,
15:52:18.580,-2.619,-1.948,-0.248,-0.562,0.518,Frame_114,
15:52:19.082,-2.624,-1.913,-0.257,-0.488,0.499,Frame_115,
15:52:19.580,-2.628,-1.871,-0.270,-0.414,0.497,Frame_115,
15:52:20.080,-2.628,-1.816,-0.261,-0.251,0.489,Frame_115,
15:52:20.580,-2.626,-1.776,-0.255,-0.113,0.476,Frame_115,
15:52:21.080,-2.624,-1.739,-0.266,-0.002,0.472,Frame_115,
15:52:21.579,-2.621,-1.695,-0.294,0.065,0.486,Frame_115,
15:52:22.080,-2.619,-1.654,-0.290,-0.004,0.480,Frame_115,
15:52:22.579,-2.616,-1.602,-0.281,-0.045,0.498,Frame_116,
15:52:23.080,-2.614,-1.564,-0.271,-0.035,0.496,Frame_116,
15:52:23.580,-2.611,-1.520,-0.266,-0.026,0.513,Frame_116,
15:52:24.079,-2.609,-1.483,-0.259,-0.024,0.521,Frame_116,
15:52:24.580,-2.606,-1.451,-0.260,-0.001,0.539,Frame_116,
15:52:25.080,-2.603,-1.411,-0.240,0.019,0.567,Frame_116,
15:52:25.582,-2.601,-1.370,-0.277,0.044,0.575,Frame_117,
15:52:26.080,-2.598,-1.330,-0.295,0.044,0.597,Frame_117,
15:52:26.579,-2.594,-1.270,-0.314,0.030,0.627,Frame_117,
15:52:27.079,-2.592,-1.226,-0.306,-0.050,0.669,Frame_117,
15:52:27.580,-2.589,-1.178,-0.297,-0.130,0.691,Frame_117,
15:52:28.080,-2.586,-1.131,-0.287,-0.118,0.742,Frame_117,
15:52:28.580,-2.582,-1.092,-0.286,-0.096,0.767,Frame_117,
15:52:29.080,-2.576,-1.038,-0.274,-0.082,0.812,Frame_118,
15:52:29.579,-2.571,-1.000,-0.268,-0.063,0.856,Frame_118,
15:52:30.080,-2.565,-0.957,-0.279,-0.020,0.863,Frame_118,
15:52:30.580,-2.558,-0.908,-0.331,-0.020,0.896,Frame_118,
15:52:31.080,-2.550,-0.853,-0.358,-0.024,0.867,Frame_118,
15:52:31.580,-2.542,-0.799,-0.322,-0.085,0.819,Frame_118,
15:52:32.080,-2.535,-0.756,-0.302,-0.107,0.751,Frame_119,
15:52:32.579,-2.526,-0.703,-0.285,-0.120,0.749,Frame_119,
15:52:33.080,-2.517,-0.658,-0.282,-0.132,0.686,Frame_119,
15:52:33.580,-2.509,-0.623,-0.306,-0.061,0.673,Frame_119,
15:52:34.080,-2.500,-0.582,-0.290,-0.061,0.643,Frame_119,
15:52:34.580,-2.489,-0.537,-0.217,-0.148,0.582,Frame_119,
15:52:35.079,-2.482,-0.509,-0.190,-0.193,0.566,Frame_119,
15:52:35.580,-2.472,-0.477,-0.210,-0.277,0.562,Frame_120,
15:52:36.080,-2.460,-0.442,-0.207,-0.451,0.508,Frame_120,
15:52:36.579,-2.449,-0.416,-0.202,-0.577,0.496,Frame_120,
15:52:37.080,-2.432,-0.384,-0.180,-0.703,0.461,Frame_120,
15:52:37.580,-2.420,-0.367,-0.181,-0.775,0.443,Frame_120,
15:52:38.079,-2.401,-0.345,-0.144,-0.825,0.425,Frame_120,
15:52:38.580,-2.389,-0.334,-0.083,-0.905,0.384,Frame_121,
15:52:39.081,-2.380,-0.328,-0.048,-0.960,0.377,Frame_121,
15:52:39.580,-2.375,-0.325,-0.038,-0.998,0.378,Frame_121,
15:52:40.080,-2.370,-0.324,-0.020,-1.091,0.367,Frame_121,
15:52:40.583,-2.368,-0.324,-0.012,-1.120,0.374,Frame_121,
15:52:41.082,-2.366,-0.324,0.001,-1.165,0.371,Frame_121,
15:52:41.580,-2.366,-0.324,-0.014,-1.177,0.377,Frame_121,
15:52:42.080,-2.364,-0.324,-0.004,-1.192,0.387,Frame_122,
15:52:42.580,-2.365,-0.324,0.018,-1.151,0.391,Frame_122,
15:52:43.080,-2.369,-0.320,0.062,-1.062,0.408,Frame_122,
15:52:43.580,-2.377,-0.310,0.159,-1.007,0.420,Frame_122,
15:52:44.080,-2.393,-0.283,0.208,-0.902,0.437,Frame_122,
15:52:44.580,-2.405,-0.253,0.276,-0.856,0.438,Frame_122,
15:52:45.080,-2.419,-0.201,0.327,-0.733,0.444,Frame_123,
15:52:45.580,-2.425,-0.148,0.341,-0.604,0.464,Frame_123,
15:52:46.080,-2.427,-0.095,0.328,-0.523,0.468,Frame_123,
15:52:46.580,-2.424,-0.044,0.295,-0.397,0.463,Frame_123,
15:52:47.079,-2.416,0.012,0.260,-0.352,0.467,Frame_123,
15:52:47.580,-2.410,0.044,0.237,-0.331,0.457,Frame_123,
15:52:48.080,-2.400,0.084,0.295,-0.247,0.451,Frame_124,
15:52:48.580,-2.386,0.130,0.314,-0.103,0.445,Frame_124,
15:52:49.079,-2.368,0.188,0.374,0.055,0.423,Frame_124,
15:52:49.580,-2.350,0.246,0.378,0.089,0.417,Frame_124,
15:52:50.080,-2.333,0.303,0.374,0.095,0.404,Frame_124,
15:52:50.580,-2.319,0.354,0.370,0.085,0.419,Frame_124,
15:52:51.080,-2.299,0.428,0.380,0.073,0.427,Frame_125,
15:52:51.580,-2.285,0.485,0.351,0.059,0.454,Frame_125,
15:52:52.080,-2.272,0.539,0.338,0.106,0.475,Frame_125,
15:52:52.580,-2.263,0.584,0.317,0.079,0.494,Frame_125,
15:52:53.080,-2.254,0.627,0.302,0.066,0.521,Frame_125,
15:52:53.580,-2.244,0.678,0.283,0.003,0.562,Frame_125,
15:52:54.080,-2.236,0.718,0.305,-0.299,0.584,Frame_125,
15:52:54.580,-2.224,0.766,0.307,-0.526,0.629,Frame_126,
15:52:55.082,-2.210,0.810,0.270,-0.620,0.631,Frame_126,
15:52:55.580,-2.193,0.848,0.229,-0.667,0.620,Frame_126,
15:52:56.080,-2.173,0.884,0.243,-0.418,0.616,Frame_126,
15:52:56.580,-2.157,0.907,0.213,-0.177,0.613,Frame_126,
15:52:57.079,-2.144,0.926,0.079,0.126,0.587,Frame_126,
15:52:57.580,-2.137,0.936,0.111,0.438,0.571,Frame_127,
15:52:58.080,-2.126,0.955,0.147,0.543,0.563,Frame_127,
15:52:58.580,-2.115,0.979,0.203,0.590,0.539,Frame_127,
15:52:59.080,-2.103,1.012,0.233,0.577,0.528,Frame_127,
15:52:59.580,-2.093,1.050,0.268,0.519,0.509,Frame_127,
15:53:00.080,-2.086,1.088,0.269,0.385,0.500,Frame_127,
15:53:00.581,-2.080,1.131,0.273,-0.011,0.494,Frame_128,
15:53:01.080,-2.076,1.173,0.257,-0.356,0.474,Frame_128,
15:53:01.580,-2.068,1.217,0.240,-0.575,0.478,Frame_128,
15:53:02.079,-2.060,1.248,0.212,-0.679,0.477,Frame_128,
15:53:02.580,-2.048,1.279,0.155,-0.754,0.468,Frame_128,
15:53:03.080,-2.038,1.298,0.107,-0.777,0.467,Frame_128,
15:53:03.580,-2.031,1.308,0.072,-0.779,0.466,Frame_128,
15:53:04.080,-2.026,1.314,0.026,-0.756,0.467,Frame_129,
15:53:04.580,-2.025,1.315,-0.016,-0.715,0.469,Frame_129,
15:53:05.079,-2.028,1.313,-0.033,-0.660,0.470,Frame_129,
15:53:05.580,-2.033,1.310,-0.061,-0.608,0.485,Frame_129,
15:53:06.080,-2.043,1.306,-0.043,-0.458,0.485,Frame_129,
15:53:06.580,-2.048,1.304,-0.040,-0.252,0.497,Frame_129,
15:53:07.080,-2.055,1.302,-0.037,-0.006,0.493,Frame_130,
15:53:07.580,-2.058,1.301,-0.002,0.201,0.504,Frame_130,
15:53:08.080,-2.057,1.301,0.033,0.336,0.508,Frame_130,
15:53:08.580,-2.050,1.304,0.062,0.469,0.511,Frame_130,
15:53:09.080,-2.046,1.306,0.028,0.599,0.501,Frame_130,
15:53:09.579,-2.042,1.308,0.035,0.727,0.495,Frame_130,
15:53:10.079,-2.037,1.312,0.067,0.825,0.480,Frame_130,
15:53:10.581,-2.028,1.320,0.094,0.868,0.468,Frame_131,
15:53:11.080,-2.018,1.333,0.160,0.881,0.463,Frame_131,
15:53:11.582,-2.002,1.359,0.241,0.835,0.440,Frame_131,
15:53:12.080,-1.985,1.399,0.333,0.727,0.398,Frame_131,
15:53:12.580,-1.967,1.459,0.380,0.588,0.395,Frame_131,
15:53:13.080,-1.958,1.505,0.397,0.471,0.358,Frame_131,
15:53:13.580,-1.948,1.577,0.400,0.310,0.353,Frame_132,
15:53:14.080,-1.944,1.637,0.358,0.234,0.355,Frame_132,
15:53:14.580,-1.942,1.692,0.331,0.194,0.344,Frame_132,
15:53:15.080,-1.942,1.753,0.252,0.197,0.337,Frame_132,
15:53:15.580,-1.943,1.784,0.217,0.028,0.349,Frame_132,
15:53:16.079,-1.945,1.823,0.276,-0.314,0.332,Frame_132,
15:53:16.580,-1.945,1.874,0.283,-0.580,0.346,Frame_133,
15:53:17.080,-1.940,1.917,0.240,-0.649,0.356,Frame_133,
15:53:17.580,-1.933,1.952,0.200,-0.662,0.358,Frame_133,
15:53:18.079,-1.924,1.980,0.152,-0.616,0.352,Frame_133,
15:53:18.580,-1.916,1.999,0.123,-0.635,0.351,Frame_133,
15:53:19.081,-1.907,2.015,0.096,-0.725,0.352,Frame_133,
15:53:19.580,-1.901,2.024,0.049,-0.750,0.353,Frame_133,
15:53:20.080,-1.896,2.029,0.028,-0.747,0.350,Frame_134,
15:53:20.580,-1.895,2.030,-0.002,-0.728,0.356,Frame_134,
15:53:21.080,-1.898,2.028,-0.033,-0.696,0.349,Frame_134,
15:53:21.580,-1.902,2.026,-0.063,-0.634,0.371,Frame_134,
15:53:22.081,-1.911,2.022,-0.083,-0.572,0.375,Frame_134,
15:53:22.580,-1.922,2.017,-0.100,-0.513,0.377,Frame_134,
15:53:23.080,-1.938,2.013,-0.101,-0.467,0.396,Frame_135,
15:53:23.580,-1.953,2.010,-0.111,-0.394,0.418,Frame_135,
15:53:24.082,-1.971,2.007,-0.112,-0.304,0.431,Frame_135,
15:53:24.580,-1.986,2.006,-0.100,-0.230,0.447,Frame_135,
15:53:25.080,-2.004,2.005,-0.100,-0.173,0.466,Frame_135,
15:53:25.580,-2.017,2.004,-0.086,-0.125,0.468,Frame_135,
15:53:26.080,-2.031,2.004,-0.083,-0.093,0.490,Frame_135,
15:53:26.581,-2.045,2.004,-0.097,-0.002,0.520,Frame_136,
15:53:27.080,-2.067,2.004,-0.144,0.217,0.530,Frame_136,
15:53:27.580,-2.086,2.003,-0.105,0.425,0.545,Frame_136,
15:53:28.080,-2.097,2.003,-0.000,0.702,0.564,Frame_136,
15:53:28.580,-2.097,2.003,0.008,0.880,0.571,Frame_136,
15:53:29.080,-2.095,2.003,0.021,0.978,0.561,Frame_136,
15:53:29.580,-2.091,2.005,0.043,1.070,0.562,Frame_136,
15:53:30.079,-2.086,2.009,0.054,1.102,0.554,Frame_136,
15:53:30.580,-2.080,2.016,0.087,1.100,0.533,Frame_137,
15:53:31.080,-2.072,2.027,0.123,1.074,0.529,Frame_137,
15:53:31.580,-2.061,2.050,0.227,1.021,0.504,Frame_137,
15:53:32.080,-2.050,2.085,0.334,0.946,0.477,Frame_137,
15:53:32.580,-2.042,2.143,0.439,0.815,0.476,Frame_137,
15:53:33.080,-2.040,2.215,0.469,0.672,0.463,Frame_138,
15:53:33.580,-2.047,2.291,0.503,0.552,0.468,Frame_138,
15:53:34.080,-2.060,2.361,0.528,0.465,0.471,Frame_138,
15:53:34.580,-2.080,2.444,0.533,0.353,0.477,Frame_138,
15:53:35.079,-2.105,2.524,0.523,0.273,0.504,Frame_138,
15:53:35.580,-2.126,2.583,0.506,0.175,0.526,Frame_138,
15:53:36.080,-2.155,2.658,0.499,0.062,0.551,Frame_138,
15:53:36.580,-2.181,2.722,0.475,-0.074,0.585,Frame_139,
15:53:37.080,-2.211,2.800,0.468,-0.191,0.616,Frame_139,
15:53:37.580,-2.233,2.862,0.473,-0.199,0.637,Frame_139,
15:53:38.080,-2.256,2.932,0.447,-0.221,0.670,Frame_139,
15:53:38.580,-2.273,2.990,0.421,-0.208,0.693,Frame_139,
15:53:39.080,-2.285,3.037,0.377,-0.170,0.720,Frame_139,
15:53:39.580,-2.298,3.094,0.346,-0.139,0.723,Frame_140,
15:53:40.081,-2.310,3.152,0.318,0.142,0.712,Frame_140,
15:53:40.580,-2.318,3.188,0.332,0.066,0.712,Frame_140,
15:53:41.080,-2.333,3.249,0.366,-0.282,0.696,Frame_140,
15:53:41.579,-2.344,3.307,0.367,-0.539,0.676,Frame_140,
15:53:42.080,-2.349,3.350,0.357,-0.659,0.669,Frame_140,
15:53:42.579,-2.351,3.406,0.322,-0.759,0.677,Frame_140,
15:53:43.080,-2.346,3.462,0.263,-0.806,0.673,Frame_141,
15:53:43.580,-2.337,3.499,0.208,-0.846,0.679,Frame_141,
15:53:44.080,-2.328,3.524,0.166,-0.847,0.685,Frame_141,
15:53:44.580,-2.316,3.545,0.133,-0.855,0.694,Frame_141,
15:53:45.080,-2.307,3.559,0.081,-0.821,0.709,Frame_141,
15:53:45.580,-2.300,3.567,0.054,-0.791,0.716,Frame_141,
15:53:46.080,-2.295,3.571,0.127,-0.660,0.722,Frame_142,
15:53:46.580,-2.283,3.580,0.217,-0.326,0.731,Frame_142,
15:53:47.080,-2.261,3.595,0.099,-0.066,0.759,Frame_142,
15:53:47.580,-2.252,3.601,0.066,0.188,0.767,Frame_142,
15:53:48.080,-2.245,3.606,0.053,0.467,0.773,Frame_142,
15:53:48.580,-2.237,3.612,0.103,0.650,0.771,Frame_142,
15:53:49.080,-2.227,3.622,0.164,0.699,0.748,Frame_142,
15:53:49.580,-2.204,3.649,0.261,0.685,0.739,Frame_143,
15:53:50.080,-2.180,3.685,0.342,0.644,0.710,Frame_143,
15:53:50.580,-2.151,3.736,0.418,0.572,0.678,Frame_143,
15:53:51.080,-2.126,3.793,0.470,0.507,0.645,Frame_143,
15:53:51.580,-2.101,3.864,0.495,0.406,0.621,Frame_143,
15:53:52.082,-2.077,3.949,0.472,0.319,0.590,Frame_143,
15:53:52.580,-2.065,4.002,0.433,0.252,0.582,Frame_143,
15:53:53.079,-2.053,4.068,0.412,0.225,0.571,Frame_144,
15:53:53.580,-2.045,4.122,0.364,0.173,0.556,Frame_144,
15:53:54.080,-2.038,4.177,0.330,0.125,0.551,Frame_144,
15:53:54.580,-2.033,4.223,0.326,-0.165,0.538,Frame_144,
15:53:55.079,-2.027,4.274,0.316,-0.398,0.536,Frame_144,
15:53:55.580,-2.019,4.318,0.309,-0.568,0.537,Frame_144,
15:53:56.080,-2.007,4.364,0.278,-0.640,0.535,Frame_144,
15:53:56.580,-1.994,4.400,0.275,-0.707,0.538,Frame_145,
15:53:57.080,-1.977,4.434,0.260,-0.724,0.516,Frame_145,
15:53:57.580,-1.960,4.461,0.204,-0.740,0.509,Frame_145,
15:53:58.080,-1.944,4.481,0.156,-0.725,0.511,Frame_145,
15:53:58.580,-1.929,4.498,0.118,-0.710,0.503,Frame_145,
15:53:59.080,-1.919,4.506,0.070,-0.662,0.493,Frame_145,
15:53:59.580,-1.912,4.511,0.040,-0.639,0.470,Frame_146,
15:54:00.082,-1.908,4.513,0.005,-0.600,0.483,Frame_146,
15:54:00.580,-1.909,4.513,-0.015,-0.551,0.484,Frame_146,
15:54:01.080,-1.912,4.511,-0.034,-0.496,0.488,Frame_146,
15:54:01.580,-1.918,4.510,-0.055,-0.457,0.484,Frame_146,
15:54:02.080,-1.927,4.508,-0.063,-0.368,0.496,Frame_146,
15:54:02.580,-1.936,4.507,-0.073,-0.321,0.508,Frame_146,
15:54:03.080,-1.948,4.506,-0.084,-0.240,0.512,Frame_146,
15:54:03.580,-1.962,4.505,-0.080,-0.200,0.533,Frame_147,
15:54:04.080,-1.973,4.505,-0.076,-0.152,0.548,Frame_147,
15:54:04.580,-1.987,4.505,-0.081,-0.097,0.544,Frame_147,
15:54:05.080,-2.002,4.505,-0.071,-0.068,0.569,Frame_147,
15:54:05.580,-2.016,4.506,-0.071,-0.039,0.578,Frame_147,
15:54:06.080,-2.029,4.506,-0.063,-0.012,0.595,Frame_148,
15:54:06.580,-2.045,4.507,-0.108,0.133,0.603,Frame_148,
15:54:07.080,-2.066,4.508,-0.084,0.389,0.636,Frame_148,
15:54:07.580,-2.074,4.508,-0.003,0.585,0.644,Frame_148,
15:54:08.080,-2.075,4.508,-0.001,0.732,0.656,Frame_148,
15:54:08.579,-2.074,4.508,0.010,0.922,0.652,Frame_148,
15:54:09.080,-2.072,4.509,0.021,0.984,0.645,Frame_148,
15:54:09.580,-2.068,4.511,0.048,1.054,0.643,Frame_149,
15:54:10.080,-2.061,4.516,0.067,1.077,0.630,Frame_149,
15:54:10.580,-2.053,4.525,0.111,1.065,0.622,Frame_149,
15:54:11.079,-2.041,4.544,0.201,1.022,0.609,Frame_149,
15:54:11.580,-2.028,4.570,0.333,0.959,0.591,Frame_149,
15:54:12.080,-2.009,4.630,0.398,0.865,0.544,Frame_149,
15:54:12.579,-1.999,4.691,0.506,0.669,0.537,Frame_150,
15:54:13.080,-1.993,4.785,0.548,0.517,0.530,Frame_150,
15:54:13.580,-1.996,4.873,0.552,0.352,0.522,Frame_150,
15:54:14.080,-2.003,4.949,0.537,0.269,0.521,Frame_150,
15:54:14.580,-2.012,5.023,0.531,0.204,0.537,Frame_150,
15:54:15.080,-2.026,5.107,0.526,0.139,0.543,Frame_150,
15:54:15.580,-2.039,5.179,0.518,0.139,0.571,Frame_151,
15:54:16.080,-2.051,5.239,0.499,0.133,0.579,Frame_151,
15:54:16.580,-2.066,5.306,0.370,0.168,0.590,Frame_151,
15:54:17.080,-2.073,5.334,-0.044,0.241,0.611,Frame_151,
15:54:17.580,-2.066,5.311,-0.240,0.296,0.595,Frame_151,
15:54:18.080,-2.057,5.283,-0.205,0.335,0.601,Frame_151,
15:54:18.580,-2.047,5.256,-0.192,0.478,0.574,Frame_151,
15:54:19.080,-2.037,5.235,-0.212,0.664,0.565,Frame_151,
15:54:19.580,-2.023,5.209,-0.208,0.736,0.548,Frame_152,
15:54:20.080,-2.005,5.183,-0.198,0.821,0.517,Frame_152,
15:54:20.580,-1.992,5.168,-0.095,0.894,0.504,Frame_152,
15:54:21.085,-1.984,5.161,-0.063,0.919,0.484,Frame_152,
15:54:21.581,-1.979,5.158,-0.044,0.956,0.472,Frame_152,
15:54:22.080,-1.974,5.155,-0.043,0.981,0.468,Frame_152,
15:54:22.580,-1.971,5.153,-0.022,1.028,0.459,Frame_152,
15:54:23.080,-1.968,5.152,-0.017,1.060,0.451,Frame_152,
15:54:23.580,-1.966,5.152,0.001,1.111,0.447,Frame_153,
15:54:24.080,-1.966,5.152,0.012,1.161,0.441,Frame_153,
15:54:24.580,-1.969,5.151,0.035,1.189,0.432,Frame_153,
15:54:25.080,-1.972,5.150,0.047,1.151,0.446,Frame_153,
15:54:25.580,-1.980,5.145,0.075,1.171,0.454,Frame_153,
15:54:26.080,-1.989,5.136,0.136,0.708,0.461,Frame_153,
15:54:26.580,-2.005,5.118,0.243,0.203,0.489,Frame_154,
15:54:27.079,-2.032,5.085,0.321,-0.223,0.517,Frame_154,
15:54:27.579,-2.068,5.044,0.382,-0.324,0.548,Frame_154,
15:54:28.080,-2.112,4.998,0.427,-0.358,0.584,Frame_154,
15:54:28.580,-2.171,4.943,0.466,-0.321,0.600,Frame_154,
15:54:29.080,-2.215,4.906,0.478,-0.282,0.644,Frame_154,
15:54:29.582,-2.282,4.854,0.464,-0.238,0.686,Frame_155,
15:54:30.080,-2.326,4.823,0.402,-0.401,0.704,Frame_155,
15:54:30.580,-2.381,4.788,0.431,-0.550,0.711,Frame_155,
15:54:31.080,-2.437,4.758,0.503,-0.614,0.681,Frame_155,
15:54:31.579,-2.515,4.725,0.547,-0.533,0.624,Frame_155,
15:54:32.080,-2.587,4.702,0.539,-0.485,0.588,Frame_155,
15:54:32.580,-2.648,4.686,0.511,-0.426,0.518,Frame_155,
15:54:33.080,-2.725,4.671,0.448,-0.350,0.479,Frame_156,
15:54:33.580,-2.784,4.663,0.411,-0.295,0.443,Frame_156,
15:54:34.080,-2.847,4.657,0.371,-0.267,0.407,Frame_156,
15:54:34.580,-2.890,4.655,0.341,-0.281,0.381,Frame_156,
15:54:35.080,-2.944,4.654,0.325,-0.293,0.349,Frame_156,
15:54:35.581,-2.984,4.655,0.343,-0.308,0.345,Frame_156,
15:54:36.081,-3.032,4.659,0.349,-0.334,0.341,Frame_156,
15:54:36.579,-3.075,4.663,0.067,-0.162,0.331,Frame_156,
15:54:37.080,-3.075,4.663,-0.081,-0.037,0.341,Frame_157,
15:54:37.580,-3.060,4.661,-0.086,0.196,0.327,Frame_157,
15:54:38.080,-3.050,4.660,-0.064,0.429,0.332,Frame_157,
15:54:38.580,-3.047,4.660,-0.020,0.629,0.346,Frame_157,
15:54:39.080,-3.046,4.660,-0.011,0.779,0.340,Frame_157,
15:54:39.580,-3.044,4.660,-0.005,0.921,0.322,Frame_157,
15:54:40.080,-3.045,4.660,0.008,1.016,0.301,Frame_157,
15:54:40.579,-3.048,4.659,0.036,1.044,0.318,Frame_158,
15:54:41.080,-3.052,4.656,0.058,1.067,0.299,Frame_158,
15:54:41.580,-3.062,4.648,0.114,1.067,0.309,Frame_158,
15:54:42.080,-3.075,4.634,0.179,1.033,0.295,Frame_158,
15:54:42.580,-3.094,4.605,0.313,0.911,0.315,Frame_158,
15:54:43.080,-3.114,4.561,0.404,0.765,0.331,Frame_158,
15:54:43.580,-3.138,4.490,0.441,0.655,0.407,Frame_158,
15:54:44.082,-3.155,4.403,0.442,0.560,0.504,Frame_159,
15:54:44.580,-3.161,4.342,0.449,0.456,0.571,Frame_159,
15:54:45.080,-3.163,4.257,0.485,0.326,0.622,Frame_159,
15:54:45.580,-3.160,4.189,0.484,0.267,0.722,Frame_159,
15:54:46.080,-3.155,4.112,0.488,0.194,0.765,Frame_159,
15:54:46.579,-3.145,4.024,0.497,0.126,0.680,Frame_159,
15:54:47.080,-3.138,3.964,0.499,0.073,0.623,Frame_160,
15:54:47.582,-3.125,3.875,0.500,0.005,0.544,Frame_160,
15:54:48.080,-3.115,3.805,0.512,-0.047,0.469,Frame_160,
15:54:48.580,-3.103,3.714,0.509,-0.103,0.426,Frame_160,
15:54:49.079,-3.094,3.643,0.507,-0.143,0.359,Frame_160,
15:54:49.580,-3.087,3.563,0.511,-0.204,0.338,Frame_160,
15:54:50.080,-3.082,3.492,0.499,-0.240,0.304,Frame_160,
15:54:50.580,-3.079,3.412,0.491,-0.245,0.302,Frame_161,
15:54:51.080,-3.079,3.352,0.510,-0.264,0.300,Frame_161,
15:54:51.580,-3.083,3.259,0.520,-0.229,0.292,Frame_161,
15:54:52.080,-3.090,3.176,0.528,-0.169,0.317,Frame_161,
15:54:52.580,-3.098,3.101,0.538,-0.105,0.326,Frame_161,
15:54:53.081,-3.109,3.015,0.545,-0.091,0.349,Frame_161,
15:54:53.579,-3.121,2.928,0.549,-0.052,0.354,Frame_162,
15:54:54.080,-3.134,2.840,0.553,-0.006,0.361,Frame_162,
15:54:54.579,-3.148,2.753,0.545,0.032,0.367,Frame_162,
15:54:55.079,-3.160,2.666,0.564,0.022,0.378,Frame_162,
15:54:55.580,-3.171,2.590,0.544,0.013,0.379,Frame_162,
15:54:56.080,-3.184,2.502,0.553,-0.074,0.393,Frame_162,
15:54:56.582,-3.195,2.425,0.561,-0.081,0.405,Frame_163,
15:54:57.080,-3.210,2.336,0.561,-0.080,0.405,Frame_163,
15:54:57.580,-3.228,2.236,0.572,-0.046,0.409,Frame_163,
15:54:58.080,-3.240,2.170,0.553,0.006,0.423,Frame_163,
15:54:58.580,-3.258,2.073,0.540,0.048,0.431,Frame_163,
15:54:59.080,-3.274,1.987,0.533,0.025,0.424,Frame_163,
15:54:59.583,-3.289,1.902,0.550,0.041,0.437,Frame_164,
15:55:00.080,-3.302,1.826,0.562,0.021,0.445,Frame_164,
15:55:00.580,-3.316,1.738,0.550,0.033,0.451,Frame_164,
15:55:01.080,-3.330,1.650,0.566,0.026,0.462,Frame_164,
15:55:01.580,-3.342,1.573,0.560,0.039,0.468,Frame_164,
15:55:02.080,-3.359,1.463,0.549,0.071,0.463,Frame_164,
15:55:02.580,-3.371,1.378,0.522,0.090,0.465,Frame_165,
15:55:03.080,-3.381,1.294,0.531,0.094,0.488,Frame_165,
15:55:03.580,-3.391,1.210,0.534,0.092,0.494,Frame_165,
15:55:04.079,-3.400,1.112,0.546,0.102,0.507,Frame_165,
15:55:04.580,-3.405,1.039,0.502,0.066,0.519,Frame_165,
15:55:05.080,-3.411,0.949,0.490,0.051,0.526,Frame_165,
15:55:05.580,-3.416,0.874,0.449,0.043,0.549,Frame_165,
15:55:06.080,-3.419,0.797,0.413,-0.179,0.552,Frame_166,
15:55:06.579,-3.424,0.727,0.484,-0.272,0.571,Frame_166,
15:55:07.080,-3.430,0.667,0.523,-0.289,0.586,Frame_166,
15:55:07.580,-3.446,0.562,0.549,-0.252,0.604,Frame_166,
15:55:08.079,-3.464,0.475,0.560,-0.163,0.567,Frame_166,
15:55:08.580,-3.486,0.376,0.566,-0.024,0.495,Frame_166,
15:55:09.080,-3.512,0.266,0.556,0.010,0.480,Frame_167,
15:55:09.580,-3.537,0.159,0.540,-0.015,0.473,Frame_167,
15:55:10.080,-3.561,0.054,0.545,-0.053,0.467,Frame_167,
15:55:10.580,-3.585,-0.041,0.546,-0.042,0.470,Frame_167,
15:55:11.081,-3.611,-0.147,0.542,-0.042,0.474,Frame_167,
15:55:11.580,-3.639,-0.252,0.537,-0.041,0.513,Frame_168,
15:55:12.079,-3.672,-0.374,0.520,-0.033,0.571,Frame_168,
15:55:12.580,-3.700,-0.474,0.522,-0.010,0.647,Frame_168,
15:55:13.080,-3.728,-0.574,0.525,0.009,0.720,Frame_168,
15:55:13.580,-3.752,-0.662,0.494,0.199,0.794,Frame_168,
15:55:14.080,-3.776,-0.760,0.510,0.200,0.879,Frame_169,
15:55:14.580,-3.796,-0.862,0.533,0.190,0.886,Frame_169,
15:55:15.081,-3.809,-0.946,0.520,0.166,0.851,Frame_169,
15:55:15.579,-3.820,-1.030,0.539,0.025,0.795,Frame_169,
15:55:16.079,-3.831,-1.115,0.529,0.007,0.771,Frame_169,
15:55:16.580,-3.843,-1.209,0.532,0.001,0.744,Frame_170,
15:55:17.080,-3.851,-1.273,0.541,-0.003,0.727,Frame_170,
15:55:17.580,-3.863,-1.369,0.529,-0.008,0.731,Frame_170,
15:55:18.080,-3.873,-1.442,0.529,-0.000,0.731,Frame_170,
15:55:18.580,-3.881,-1.504,0.509,-0.020,0.738,Frame_170,
15:55:19.080,-3.893,-1.595,0.501,-0.039,0.759,Frame_170,
15:55:19.579,-3.903,-1.673,0.493,-0.004,0.767,Frame_170,
15:55:20.080,-3.910,-1.720,0.477,-0.003,0.763,Frame_171,
15:55:20.579,-3.921,-1.805,0.466,-0.091,0.730,Frame_171,
15:55:21.081,-3.931,-1.867,0.438,-0.125,0.741,Frame_171,
15:55:21.580,-3.944,-1.945,0.422,-0.066,0.733,Frame_171,
15:55:22.080,-3.954,-2.000,0.371,-0.019,0.732,Frame_171,
15:55:22.580,-3.964,-2.056,0.326,-0.023,0.726,Frame_171,
15:55:23.080,-3.974,-2.111,0.309,0.100,0.720,Frame_172,
15:55:23.579,-3.981,-2.154,0.314,0.388,0.705,Frame_172,
15:55:24.079,-3.987,-2.197,0.292,0.587,0.725,Frame_172,
15:55:24.580,-3.988,-2.237,0.275,0.679,0.718,Frame_172,
15:55:25.080,-3.985,-2.284,0.232,0.725,0.710,Frame_172,
15:55:25.580,-3.979,-2.317,0.185,0.743,0.707,Frame_172,
15:55:26.080,-3.972,-2.339,0.136,0.751,0.707,Frame_172,
15:55:26.579,-3.967,-2.352,-0.052,0.701,0.703,Frame_173,
15:55:27.080,-3.976,-2.336,-0.189,0.713,0.699,Frame_173,
15:55:27.580,-3.988,-2.319,-0.153,0.787,0.717,Frame_173,
15:55:28.080,-3.999,-2.306,-0.049,0.861,0.743,Frame_173,
15:55:28.580,-4.003,-2.302,-0.033,0.948,0.745,Frame_173,
15:55:29.079,-4.007,-2.300,-0.021,1.047,0.775,Frame_173,
15:55:29.580,-4.009,-2.299,-0.012,1.092,0.777,Frame_173,
15:55:30.080,-4.010,-2.298,0.004,1.121,0.779,Frame_174,
15:55:30.580,-4.007,-2.298,0.028,1.183,0.778,Frame_174,
15:55:31.080,-4.002,-2.298,0.037,1.202,0.765,Frame_174,
15:55:31.580,-3.995,-2.296,0.065,1.151,0.770,Frame_174,
15:55:32.080,-3.983,-2.290,0.123,1.120,0.742,Frame_174,
15:55:32.580,-3.965,-2.277,0.222,1.052,0.733,Frame_174,
15:55:33.080,-3.943,-2.256,0.324,0.972,0.713,Frame_175,
15:55:33.580,-3.907,-2.211,0.417,0.894,0.683,Frame_175,
15:55:34.080,-3.873,-2.156,0.516,0.682,0.655,Frame_175,
15:55:34.580,-3.832,-2.069,0.554,0.519,0.622,Frame_175,
15:55:35.079,-3.797,-1.974,0.575,0.307,0.596,Frame_175,
15:55:35.580,-3.774,-1.899,0.561,0.218,0.590,Frame_175,
15:55:36.080,-3.745,-1.790,0.563,0.133,0.575,Frame_175,
15:55:36.580,-3.721,-1.691,0.572,0.103,0.580,Frame_176,
15:55:37.081,-3.697,-1.579,0.563,0.071,0.566,Frame_176,
15:55:37.580,-3.675,-1.470,0.557,0.041,0.577,Frame_176,
15:55:38.080,-3.654,-1.360,0.565,0.032,0.585,Frame_176,
15:55:38.580,-3.633,-1.249,0.568,0.038,0.583,Frame_176,
15:55:39.082,-3.617,-1.160,0.568,-0.036,0.608,Frame_177,
15:55:39.580,-3.596,-1.049,0.558,-0.027,0.652,Frame_177,
15:55:40.081,-3.575,-0.940,0.549,0.061,0.726,Frame_177,
15:55:40.580,-3.560,-0.852,0.551,0.086,0.792,Frame_177,
15:55:41.080,-3.543,-0.755,0.546,0.074,0.810,Frame_177,
15:55:41.580,-3.528,-0.658,0.542,0.076,0.810,Frame_178,
15:55:42.080,-3.518,-0.583,0.548,0.048,0.768,Frame_178,
15:55:42.580,-3.506,-0.496,0.556,0.040,0.664,Frame_178,
15:55:43.079,-3.493,-0.396,0.560,-0.009,0.577,Frame_178,
15:55:43.580,-3.484,-0.319,0.558,-0.041,0.519,Frame_178,
15:55:44.080,-3.472,-0.230,0.558,-0.059,0.439,Frame_178,
15:55:44.580,-3.459,-0.142,0.554,-0.060,0.374,Frame_178,
15:55:45.080,-3.444,-0.043,0.556,-0.100,0.358,Frame_179,
15:55:45.580,-3.433,0.023,0.546,-0.108,0.324,Frame_179,
15:55:46.080,-3.413,0.132,0.574,-0.135,0.326,Frame_179,
15:55:46.580,-3.392,0.233,0.560,-0.112,0.319,Frame_179,
15:55:47.080,-3.366,0.343,0.574,-0.022,0.331,Frame_179,
15:55:47.580,-3.339,0.455,0.575,0.032,0.321,Frame_180,
15:55:48.080,-3.312,0.567,0.571,0.047,0.376,Frame_180,
15:55:48.580,-3.286,0.678,0.570,0.024,0.465,Frame_180,
15:55:49.079,-3.260,0.798,0.557,0.014,0.549,Frame_180,
15:55:49.579,-3.233,0.919,0.568,0.004,0.657,Frame_180,
15:55:50.080,-3.211,1.019,0.573,-0.009,0.694,Frame_181,
15:55:50.580,-3.187,1.130,0.551,-0.030,0.702,Frame_181,
15:55:51.080,-3.163,1.237,0.548,-0.023,0.708,Frame_181,
15:55:51.580,-3.138,1.346,0.566,0.009,0.710,Frame_181,
15:55:52.080,-3.108,1.480,0.571,0.011,0.714,Frame_181,
15:55:52.580,-3.086,1.581,0.578,0.016,0.707,Frame_182,
15:55:53.080,-3.062,1.692,0.569,0.007,0.720,Frame_182,
15:55:53.580,-3.040,1.792,0.571,-0.006,0.712,Frame_182,
15:55:54.080,-3.016,1.903,0.569,-0.014,0.723,Frame_182,
15:55:54.580,-2.994,2.003,0.574,-0.016,0.722,Frame_182,
15:55:55.079,-2.969,2.115,0.580,-0.013,0.724,Frame_183,
15:55:55.580,-2.947,2.215,0.564,-0.024,0.723,Frame_183,
15:55:56.080,-2.927,2.304,0.568,-0.005,0.726,Frame_183,
15:55:56.580,-2.901,2.415,0.580,-0.009,0.729,Frame_183,
15:55:57.079,-2.875,2.528,0.576,-0.018,0.719,Frame_183,
15:55:57.580,-2.854,2.618,0.581,-0.010,0.731,Frame_183,
15:55:58.080,-2.827,2.730,0.575,0.001,0.724,Frame_184,
15:55:58.580,-2.801,2.840,0.559,-0.010,0.711,Frame_184,
15:55:59.079,-2.778,2.938,0.561,0.004,0.731,Frame_184,
15:55:59.580,-2.755,3.036,0.560,0.004,0.721,Frame_184,
15:56:00.080,-2.734,3.123,0.571,0.007,0.729,Frame_184,
15:56:00.580,-2.707,3.234,0.560,0.014,0.726,Frame_185,
15:56:01.080,-2.684,3.333,0.576,0.009,0.718,Frame_185,
15:56:01.580,-2.658,3.444,0.575,0.004,0.719,Frame_185,
15:56:02.082,-2.632,3.557,0.574,0.016,0.717,Frame_185,
15:56:02.580,-2.608,3.658,0.573,-0.002,0.726,Frame_185,
15:56:03.080,-2.583,3.766,0.550,0.005,0.722,Frame_186,
15:56:03.579,-2.560,3.864,0.551,0.002,0.728,Frame_186,
15:56:04.080,-2.540,3.951,0.558,0.002,0.731,Frame_186,
15:56:04.580,-2.518,4.050,0.556,-0.004,0.722,Frame_186,
15:56:05.082,-2.492,4.159,0.558,0.006,0.726,Frame_186,
15:56:05.580,-2.467,4.269,0.568,-0.005,0.722,Frame_186,
15:56:06.080,-2.441,4.380,0.561,0.000,0.723,Frame_187,
15:56:06.580,-2.421,4.467,0.559,-0.007,0.729,Frame_187,
15:56:07.080,-2.396,4.578,0.567,0.003,0.733,Frame_187,
15:56:07.579,-2.372,4.679,0.566,0.000,0.727,Frame_187,
15:56:08.080,-2.350,4.777,0.562,0.006,0.723,Frame_187,
15:56:08.580,-2.325,4.886,0.557,0.067,0.725,Frame_188,
15:56:09.080,-2.303,4.985,0.555,0.086,0.727,Frame_188,
15:56:09.580,-2.283,5.084,0.557,0.117,0.724,Frame_188,
15:56:10.080,-2.265,5.182,0.555,0.082,0.727,Frame_188,
15:56:10.580,-2.253,5.259,0.558,0.065,0.723,Frame_188,
15:56:11.080,-2.237,5.358,0.561,0.051,0.732,Frame_188,
15:56:11.580,-2.226,5.436,0.571,0.062,0.718,Frame_189,
15:56:12.080,-2.213,5.526,0.555,-0.007,0.709,Frame_189,
15:56:12.580,-2.203,5.603,0.565,0.005,0.712,Frame_189,
15:56:13.081,-2.191,5.692,0.558,-0.009,0.688,Frame_189,
15:56:13.579,-2.179,5.781,0.560,0.012,0.685,Frame_189,
15:56:14.080,-2.167,5.869,0.538,0.055,0.676,Frame_189,
15:56:14.580,-2.157,5.944,0.542,0.077,0.665,Frame_189,
15:56:15.080,-2.147,6.031,0.548,0.051,0.662,Frame_190,
15:56:15.580,-2.137,6.120,0.574,0.057,0.648,Frame_190,
15:56:16.080,-2.130,6.184,0.102,0.184,0.642,Frame_190,
15:56:16.580,-2.131,6.172,-0.189,0.228,0.648,Frame_190,
15:56:17.079,-2.132,6.145,-0.184,0.198,0.651,Frame_190,
15:56:17.580,-2.132,6.113,-0.214,0.273,0.654,Frame_190,
15:56:18.080,-2.130,6.075,-0.232,0.328,0.673,Frame_191,
15:56:18.580,-2.127,6.039,-0.234,0.456,0.669,Frame_191,
15:56:19.080,-2.121,6.005,-0.213,0.569,0.707,Frame_191,
15:56:19.580,-2.114,5.977,-0.194,0.678,0.716,Frame_191,
15:56:20.079,-2.103,5.945,-0.160,0.779,0.726,Frame_191,
15:56:20.580,-2.093,5.926,-0.114,0.851,0.719,Frame_191,
15:56:21.080,-2.085,5.914,-0.054,0.906,0.680,Frame_192,
15:56:21.580,-2.082,5.910,-0.041,0.977,0.672,Frame_192,
15:56:22.082,-2.077,5.906,-0.063,1.010,0.663,Frame_192,
15:56:22.580,-2.070,5.902,-0.040,1.039,0.658,Frame_192,
15:56:23.080,-2.065,5.900,-0.028,1.084,0.639,Frame_192,
15:56:23.579,-2.061,5.899,-0.013,1.101,0.637,Frame_192,
15:56:24.080,-2.061,5.899,0.004,1.114,0.629,Frame_192,
15:56:24.579,-2.063,5.898,0.020,1.126,0.623,Frame_193,
15:56:25.080,-2.065,5.898,0.045,1.132,0.641,Frame_193,
15:56:25.580,-2.074,5.894,0.080,1.122,0.634,Frame_193,
15:56:26.080,-2.085,5.887,0.196,1.041,0.661,Frame_193,
15:56:26.579,-2.112,5.864,0.276,1.012,0.689,Frame_193,
15:56:27.080,-2.140,5.830,0.410,0.841,0.722,Frame_193,
15:56:27.579,-2.183,5.764,0.490,0.702,0.729,Frame_193,
15:56:28.079,-2.215,5.699,0.534,0.483,0.686,Frame_194,
15:56:28.580,-2.251,5.606,0.561,0.335,0.673,Frame_194,
15:56:29.080,-2.272,5.543,0.552,0.249,0.658,Frame_194,
15:56:29.580,-2.300,5.447,0.558,0.190,0.650,Frame_194,
15:56:30.080,-2.330,5.328,0.562,0.120,0.639,Frame_194,
15:56:30.580,-2.354,5.218,0.570,0.056,0.639,Frame_194,
15:56:31.080,-2.377,5.106,0.560,0.028,0.634,Frame_195,
15:56:31.580,-2.399,4.996,0.558,0.008,0.651,Frame_195,
15:56:32.080,-2.421,4.887,0.559,-0.012,0.649,Frame_195,
15:56:32.580,-2.443,4.777,0.559,-0.025,0.653,Frame_195,
15:56:33.080,-2.466,4.667,0.564,-0.015,0.665,Frame_195,
15:56:33.582,-2.487,4.568,0.566,-0.021,0.680,Frame_196,
15:56:34.079,-2.510,4.457,0.566,-0.014,0.727,Frame_196,
15:56:34.580,-2.532,4.359,0.554,-0.011,0.775,Frame_196,
15:56:35.081,-2.553,4.261,0.562,-0.013,0.815,Frame_196,
15:56:35.580,-2.575,4.161,0.573,-0.005,0.812,Frame_196,
15:56:36.079,-2.601,4.049,0.567,-0.004,0.819,Frame_197,
15:56:36.580,-2.625,3.940,0.551,-0.001,0.804,Frame_197,
15:56:37.080,-2.647,3.842,0.558,-0.018,0.812,Frame_197,
15:56:37.580,-2.673,3.733,0.554,-0.010,0.812,Frame_197,
15:56:38.080,-2.697,3.626,0.555,-0.001,0.775,Frame_197,
15:56:38.580,-2.728,3.497,0.562,0.007,0.721,Frame_198,
15:56:39.080,-2.748,3.408,0.570,0.007,0.684,Frame_198,
15:56:39.580,-2.774,3.297,0.564,0.007,0.658,Frame_198,
15:56:40.079,-2.801,3.178,0.554,0.006,0.655,Frame_198,
15:56:40.579,-2.826,3.070,0.552,-0.009,0.645,Frame_198,
15:56:41.080,-2.848,2.973,0.544,-0.007,0.649,Frame_199,
15:56:41.581,-2.873,2.867,0.539,-0.007,0.650,Frame_199,
15:56:42.080,-2.896,2.770,0.556,0.009,0.648,Frame_199,
15:56:42.580,-2.921,2.662,0.558,0.007,0.643,Frame_199,
15:56:43.080,-2.946,2.553,0.545,0.018,0.645,Frame_199,
15:56:43.579,-2.970,2.445,0.552,0.012,0.653,Frame_200,
15:56:44.080,-2.994,2.337,0.547,-0.004,0.634,Frame_200,
15:56:44.580,-3.014,2.252,0.549,-0.012,0.635,Frame_200,
15:56:45.080,-3.038,2.145,0.547,0.000,0.657,Frame_200,
15:56:45.579,-3.063,2.036,0.569,0.002,0.644,Frame_200,
15:56:46.080,-3.087,1.926,0.557,0.012,0.646,Frame_201,
15:56:46.580,-3.107,1.839,0.552,0.023,0.644,Frame_201,
15:56:47.080,-3.131,1.732,0.551,0.007,0.643,Frame_201,
15:56:47.580,-3.154,1.624,0.555,0.021,0.650,Frame_201,
15:56:48.080,-3.177,1.516,0.545,0.012,0.623,Frame_201,
15:56:48.582,-3.198,1.419,0.553,0.025,0.649,Frame_201,
15:56:49.082,-3.220,1.310,0.544,0.027,0.649,Frame_202,
15:56:49.580,-3.242,1.203,0.548,0.049,0.650,Frame_202,
15:56:50.079,-3.264,1.087,0.521,0.038,0.648,Frame_202,
15:56:50.580,-3.280,0.998,0.470,0.032,0.656,Frame_202,
15:56:51.080,-3.296,0.906,0.461,0.031,0.659,Frame_202,
15:56:51.580,-3.308,0.835,0.450,0.005,0.655,Frame_203,
15:56:52.080,-3.319,0.773,0.436,0.027,0.654,Frame_203,
15:56:52.580,-3.332,0.687,0.432,0.046,0.666,Frame_203,
15:56:53.080,-3.341,0.629,0.404,0.061,0.593,Frame_203,
15:56:53.580,-3.350,0.567,0.372,0.047,0.565,Frame_203,
15:56:54.080,-3.358,0.509,0.330,-0.019,0.528,Frame_203,
15:56:54.580,-3.365,0.459,0.298,-0.029,0.484,Frame_204,
15:56:55.081,-3.373,0.404,0.322,0.047,0.453,Frame_204,
15:56:55.579,-3.379,0.360,0.315,0.060,0.435,Frame_204,
15:56:56.080,-3.385,0.307,0.276,0.022,0.413,Frame_204,
15:56:56.580,-3.390,0.266,0.250,0.026,0.410,Frame_204,
15:56:57.080,-3.394,0.231,0.253,0.060,0.378,Frame_204,
15:56:57.579,-3.399,0.185,0.270,0.086,0.388,Frame_205,
15:56:58.079,-3.403,0.140,0.282,0.183,0.372,Frame_205,
15:56:58.581,-3.406,0.094,0.282,0.266,0.375,Frame_205,
15:56:59.080,-3.407,0.046,0.315,0.336,0.364,Frame_205,
15:56:59.580,-3.405,-0.008,0.360,0.449,0.350,Frame_205,
15:57:00.079,-3.398,-0.073,0.372,0.523,0.339,Frame_205,
15:57:00.580,-3.387,-0.132,0.373,0.585,0.338,Frame_206,
15:57:01.080,-3.374,-0.175,0.390,0.633,0.330,Frame_206,
15:57:01.582,-3.349,-0.240,0.395,0.658,0.333,Frame_206,
15:57:02.080,-3.318,-0.298,0.424,0.675,0.317,Frame_206,
15:57:02.580,-3.280,-0.355,0.436,0.681,0.328,Frame_206,
15:57:03.080,-3.239,-0.404,0.506,0.649,0.324,Frame_206,
15:57:03.580,-3.179,-0.464,0.565,0.555,0.348,Frame_206,
15:57:04.080,-3.107,-0.523,0.608,0.486,0.371,Frame_207,
15:57:04.579,-3.027,-0.580,0.629,0.376,0.426,Frame_207,
15:57:05.080,-2.930,-0.639,0.626,0.306,0.456,Frame_207,
15:57:05.580,-2.842,-0.687,0.619,0.212,0.536,Frame_207,
15:57:06.080,-2.765,-0.725,0.613,0.185,0.589,Frame_207,
15:57:06.579,-2.664,-0.772,0.620,0.144,0.644,Frame_207,
15:57:07.080,-2.585,-0.806,0.594,-0.068,0.702,Frame_208,
15:57:07.580,-2.500,-0.844,0.569,-0.173,0.740,Frame_208,
15:57:08.079,-2.407,-0.887,0.559,-0.205,0.773,Frame_208,
15:57:08.580,-2.339,-0.923,0.543,-0.180,0.755,Frame_208,
15:57:09.080,-2.254,-0.969,0.528,-0.136,0.735,Frame_208,
15:57:09.580,-2.190,-1.006,0.519,-0.079,0.720,Frame_208,
15:57:10.080,-2.119,-1.049,0.524,-0.048,0.688,Frame_209,
15:57:10.580,-2.048,-1.092,0.504,-0.024,0.659,Frame_209,
15:57:11.080,-1.981,-1.133,0.501,-0.027,0.636,Frame_209,
15:57:11.580,-1.920,-1.170,0.512,-0.013,0.607,Frame_209,
15:57:12.080,-1.851,-1.214,0.503,-0.031,0.586,Frame_209,
15:57:12.580,-1.791,-1.251,0.498,0.022,0.558,Frame_209,
15:57:13.080,-1.723,-1.293,0.483,-0.003,0.543,Frame_209,
15:57:13.580,-1.659,-1.334,0.470,-0.032,0.508,Frame_210,
15:57:14.080,-1.602,-1.369,0.461,-0.124,0.475,Frame_210,
15:57:14.581,-1.524,-1.420,0.469,-0.138,0.456,Frame_210,
15:57:15.080,-1.473,-1.455,0.416,-0.146,0.435,Frame_210,
15:57:15.580,-1.422,-1.492,0.350,-0.176,0.415,Frame_210,
15:57:16.080,-1.379,-1.525,0.315,-0.217,0.389,Frame_210,
15:57:16.582,-1.341,-1.556,0.322,-0.296,0.369,Frame_211,
15:57:17.080,-1.292,-1.601,0.351,-0.401,0.357,Frame_211,
15:57:17.580,-1.258,-1.636,0.359,-0.497,0.329,Frame_211,
15:57:18.080,-1.225,-1.676,0.396,-0.582,0.315,Frame_211,
15:57:18.579,-1.189,-1.727,0.389,-0.608,0.301,Frame_211,
15:57:19.080,-1.161,-1.776,0.420,-0.582,0.307,Frame_211,
15:57:19.580,-1.129,-1.846,0.444,-0.540,0.299,Frame_212,
15:57:20.080,-1.110,-1.898,0.470,-0.487,0.295,Frame_212,
15:57:20.580,-1.087,-1.982,0.507,-0.443,0.320,Frame_212,
15:57:21.079,-1.074,-2.044,0.537,-0.376,0.337,Frame_212,
15:57:21.579,-1.061,-2.127,0.508,-0.446,0.376,Frame_212,
15:57:22.079,-1.056,-2.197,0.503,-0.419,0.396,Frame_212,
15:57:22.580,-1.054,-2.288,0.503,-0.369,0.449,Frame_212,
15:57:23.080,-1.056,-2.348,0.479,-0.278,0.479,Frame_213,
15:57:23.580,-1.063,-2.433,0.465,-0.193,0.544,Frame_213,
15:57:24.080,-1.069,-2.486,0.417,-0.148,0.601,Frame_213,
15:57:24.580,-1.078,-2.550,0.390,-0.111,0.636,Frame_213,
15:57:25.079,-1.087,-2.610,0.357,-0.065,0.687,Frame_213,
15:57:25.579,-1.096,-2.666,0.372,0.207,0.705,Frame_213,
15:57:26.080,-1.103,-2.719,0.394,0.485,0.768,Frame_213,
15:57:26.580,-1.107,-2.788,0.364,0.514,0.797,Frame_214,
15:57:27.080,-1.106,-2.840,0.272,0.605,0.854,Frame_214,
15:57:27.580,-1.101,-2.880,0.228,0.732,0.872,Frame_214,
15:57:28.080,-1.096,-2.903,0.180,0.824,0.911,Frame_214,
15:57:28.580,-1.089,-2.923,0.117,0.947,0.888,Frame_214,
15:57:29.079,-1.086,-2.930,-0.055,1.031,0.871,Frame_214,
15:57:29.580,-1.091,-2.923,-0.096,1.044,0.867,Frame_215,
15:57:30.080,-1.101,-2.913,-0.122,1.070,0.881,Frame_215,
15:57:30.580,-1.119,-2.899,-0.151,1.044,0.860,Frame_215,
15:57:31.080,-1.143,-2.887,-0.208,0.963,0.852,Frame_215,
15:57:31.580,-1.176,-2.875,-0.238,0.941,0.826,Frame_215,
15:57:32.079,-1.225,-2.867,-0.252,0.848,0.790,Frame_215,
15:57:32.580,-1.255,-2.866,-0.268,0.837,0.778,Frame_215,
15:57:33.080,-1.302,-2.870,-0.256,0.798,0.748,Frame_216,
15:57:33.580,-1.342,-2.880,-0.272,0.751,0.706,Frame_216,
15:57:34.082,-1.383,-2.894,-0.273,0.712,0.690,Frame_216,
15:57:34.580,-1.421,-2.913,-0.259,0.638,0.638,Frame_216,
15:57:35.079,-1.451,-2.932,-0.254,0.591,0.612,Frame_216,
15:57:35.581,-1.482,-2.956,-0.224,0.550,0.564,Frame_216,
15:57:36.080,-1.505,-2.976,-0.200,0.533,0.514,Frame_217,
15:57:36.580,-1.529,-3.002,-0.187,0.513,0.508,Frame_217,
15:57:37.080,-1.547,-3.025,-0.205,0.602,0.468,Frame_217,
15:57:37.580,-1.566,-3.053,-0.156,0.694,0.443,Frame_217,
15:57:38.080,-1.576,-3.074,-0.105,0.774,0.404,Frame_217,
15:57:38.580,-1.582,-3.090,-0.117,0.764,0.389,Frame_217,
15:57:39.080,-1.586,-3.113,-0.113,0.705,0.380,Frame_218,
15:57:39.580,-1.588,-3.133,-0.112,0.657,0.347,Frame_218,
15:57:40.079,-1.587,-3.149,-0.097,0.635,0.332,Frame_218,
15:57:40.580,-1.585,-3.160,-0.065,0.621,0.329,Frame_218,
15:57:41.080,-1.583,-3.170,-0.040,0.623,0.313,Frame_218,
15:57:41.580,-1.581,-3.174,-0.011,0.637,0.314,Frame_218,
15:57:42.080,-1.581,-3.174,0.027,0.662,0.315,Frame_219,
15:57:42.580,-1.584,-3.170,0.040,0.670,0.316,Frame_219,
15:57:43.081,-1.587,-3.166,0.028,0.755,0.332,Frame_219,
15:57:43.580,-1.591,-3.162,0.045,0.863,0.344,Frame_219,
15:57:44.080,-1.600,-3.155,0.108,0.894,0.349,Frame_219,
15:57:44.579,-1.617,-3.145,0.153,0.873,0.366,Frame_219,
15:57:45.080,-1.639,-3.136,0.191,0.855,0.377,Frame_219,
15:57:45.583,-1.678,-3.126,0.246,0.815,0.380,Frame_220,
15:57:46.080,-1.721,-3.121,0.312,0.737,0.381,Frame_220,
15:57:46.580,-1.775,-3.122,0.380,0.648,0.392,Frame_220,
15:57:47.081,-1.847,-3.131,0.434,0.532,0.388,Frame_220,
15:57:47.580,-1.916,-3.146,0.443,0.483,0.376,Frame_220,
15:57:48.080,-1.973,-3.163,0.259,0.702,0.383,Frame_220,
15:57:48.580,-2.004,-3.175,0.167,0.819,0.389,Frame_221,
15:57:49.080,-2.027,-3.187,0.251,0.717,0.398,Frame_221,
15:57:49.579,-2.068,-3.217,0.334,0.643,0.400,Frame_221,
15:57:50.080,-2.100,-3.245,0.380,0.469,0.422,Frame_221,
15:57:50.580,-2.149,-3.295,0.402,0.354,0.421,Frame_221,
15:57:51.080,-2.187,-3.338,0.409,0.186,0.419,Frame_221,
15:57:51.580,-2.229,-3.389,0.406,0.086,0.430,Frame_222,
15:57:52.079,-2.268,-3.438,0.377,-0.000,0.455,Frame_222,
15:57:52.580,-2.304,-3.483,0.353,-0.048,0.468,Frame_222,
15:57:53.080,-2.334,-3.521,0.328,0.153,0.480,Frame_222,
15:57:53.580,-2.366,-3.562,0.321,0.444,0.513,Frame_222,
15:57:54.080,-2.391,-3.598,0.312,0.644,0.544,Frame_222,
15:57:54.580,-2.414,-3.641,0.276,0.841,0.558,Frame_222,
15:57:55.080,-2.431,-3.684,0.234,0.909,0.597,Frame_223,
15:57:55.580,-2.437,-3.709,0.178,0.960,0.594,Frame_223,
15:57:56.080,-2.439,-3.740,0.082,0.880,0.615,Frame_223,
15:57:56.580,-2.439,-3.749,0.053,0.625,0.621,Frame_223,
15:57:57.079,-2.438,-3.750,-0.031,0.370,0.625,Frame_223,
15:57:57.580,-2.440,-3.743,-0.059,0.029,0.629,Frame_223,
15:57:58.080,-2.442,-3.737,-0.003,-0.312,0.632,Frame_224,
15:57:58.580,-2.442,-3.734,-0.016,-0.512,0.624,Frame_224,
15:57:59.080,-2.442,-3.731,-0.001,-0.700,0.618,Frame_224,
15:57:59.580,-2.442,-3.732,0.013,-0.810,0.626,Frame_224,
15:58:00.079,-2.443,-3.737,0.048,-0.937,0.604,Frame_224,
15:58:00.580,-2.446,-3.746,0.081,-0.930,0.594,Frame_224,
15:58:01.081,-2.452,-3.760,0.190,-0.922,0.597,Frame_224,
15:58:01.583,-2.474,-3.794,0.330,-0.847,0.593,Frame_225,
15:58:02.080,-2.501,-3.827,0.440,-0.780,0.596,Frame_225,
15:58:02.580,-2.561,-3.884,0.490,-0.701,0.634,Frame_225,
15:58:03.082,-2.608,-3.920,0.498,-0.621,0.661,Frame_225,
15:58:03.580,-2.686,-3.970,0.528,-0.333,0.723,Frame_225,
15:58:04.080,-2.742,-4.001,0.546,-0.226,0.759,Frame_225,
15:58:04.580,-2.810,-4.037,0.541,-0.163,0.835,Frame_225,
15:58:05.080,-2.887,-4.074,0.528,-0.183,0.890,Frame_226,
15:58:05.580,-2.953,-4.105,0.513,-0.208,0.799,Frame_226,
15:58:06.080,-3.028,-4.137,0.509,-0.178,0.779,Frame_226,
15:58:06.580,-3.081,-4.157,0.090,-0.266,0.687,Frame_226,
15:58:07.080,-3.074,-4.155,-0.187,-0.306,0.675,Frame_226,
15:58:07.580,-3.046,-4.147,-0.253,-0.356,0.697,Frame_226,
15:58:08.080,-3.007,-4.137,-0.231,-0.483,0.728,Frame_227,
15:58:08.580,-2.973,-4.132,-0.185,-0.613,0.765,Frame_227,
15:58:09.080,-2.949,-4.130,-0.078,-0.721,0.791,Frame_227,
15:58:09.580,-2.936,-4.131,-0.025,-0.852,0.814,Frame_227,
15:58:10.080,-2.931,-4.132,-0.021,-0.931,0.835,Frame_227,
15:58:10.580,-2.928,-4.133,-0.032,-1.031,0.824,Frame_227,
15:58:11.080,-2.924,-4.135,-0.022,-1.078,0.827,Frame_227,
15:58:11.580,-2.922,-4.136,-0.025,-1.127,0.820,Frame_228,
15:58:12.080,-2.921,-4.138,0.001,-1.128,0.814,Frame_228,
15:58:12.580,-2.921,-4.137,0.016,-1.147,0.800,Frame_228,
15:58:13.082,-2.923,-4.133,0.050,-1.147,0.801,Frame_228,
15:58:13.580,-2.925,-4.125,0.076,-1.137,0.794,Frame_228,
15:58:14.080,-2.926,-4.109,0.145,-1.102,0.757,Frame_228,
15:58:14.580,-2.923,-4.080,0.312,-0.963,0.748,Frame_228,
15:58:15.080,-2.906,-4.022,0.427,-0.867,0.734,Frame_229,
15:58:15.579,-2.876,-3.953,0.520,-0.723,0.759,Frame_229,
15:58:16.082,-2.832,-3.878,0.579,-0.582,0.768,Frame_229,
15:58:16.580,-2.785,-3.813,0.592,-0.450,0.750,Frame_229,
15:58:17.080,-2.723,-3.738,0.621,-0.290,0.731,Frame_229,
15:58:17.580,-2.664,-3.674,0.633,-0.241,0.687,Frame_229,
15:58:18.080,-2.594,-3.602,0.624,-0.156,0.702,Frame_230,
15:58:18.579,-2.522,-3.533,0.612,-0.117,0.717,Frame_230,
15:58:19.080,-2.461,-3.476,0.594,-0.205,0.735,Frame_230,
15:58:19.580,-2.389,-3.414,0.600,-0.204,0.702,Frame_230,
15:58:20.080,-2.316,-3.355,0.578,-0.079,0.626,Frame_230,
15:58:20.582,-2.236,-3.291,0.553,-0.046,0.592,Frame_230,
15:58:21.080,-2.184,-3.250,0.543,-0.017,0.562,Frame_231,
15:58:21.580,-2.109,-3.193,0.500,0.005,0.522,Frame_231,
15:58:22.080,-2.046,-3.144,0.495,0.033,0.509,Frame_231,
15:58:22.580,-1.993,-3.102,0.477,0.035,0.497,Frame_231,
15:58:23.080,-1.934,-3.055,0.471,-0.003,0.498,Frame_231,
15:58:23.579,-1.883,-3.015,0.454,-0.010,0.506,Frame_231,
15:58:24.080,-1.834,-2.976,0.446,0.164,0.528,Frame_231,
15:58:24.580,-1.772,-2.924,0.457,0.184,0.556,Frame_232,
15:58:25.080,-1.717,-2.875,0.468,0.145,0.601,Frame_232,
15:58:25.580,-1.675,-2.836,0.482,0.152,0.617,Frame_232,
15:58:26.080,-1.613,-2.776,0.484,0.119,0.693,Frame_232,
15:58:26.579,-1.572,-2.734,0.499,0.096,0.726,Frame_232,
15:58:27.080,-1.509,-2.669,0.506,0.113,0.720,Frame_232,
15:58:27.580,-1.469,-2.626,0.491,0.146,0.661,Frame_233,
15:58:28.080,-1.404,-2.553,0.486,0.233,0.608,Frame_233,
15:58:28.580,-1.360,-2.500,0.494,0.308,0.526,Frame_233,
15:58:29.080,-1.313,-2.437,0.494,0.347,0.508,Frame_233,
15:58:29.580,-1.258,-2.353,0.505,0.360,0.442,Frame_233,
15:58:30.080,-1.223,-2.291,0.524,0.390,0.393,Frame_233,
15:58:30.580,-1.186,-2.217,0.512,0.407,0.363,Frame_233,
15:58:31.080,-1.147,-2.122,0.513,0.388,0.317,Frame_234,
15:58:31.580,-1.124,-2.053,0.530,0.376,0.302,Frame_234,
15:58:32.080,-1.099,-1.959,0.553,0.253,0.308,Frame_234,
15:58:32.580,-1.076,-1.850,0.557,0.177,0.314,Frame_234,
15:58:33.080,-1.056,-1.740,0.573,0.110,0.338,Frame_234,
15:58:33.580,-1.039,-1.627,0.566,0.081,0.390,Frame_235,
15:58:34.080,-1.027,-1.537,0.559,0.020,0.467,Frame_235,
15:58:34.580,-1.018,-1.460,0.566,0.006,0.523,Frame_235,
15:58:35.082,-1.005,-1.359,0.560,0.058,0.588,Frame_235,
15:58:35.579,-0.994,-1.270,0.561,0.078,0.705,Frame_235,
15:58:36.080,-0.986,-1.193,0.552,0.073,0.731,Frame_235,
15:58:36.580,-0.975,-1.082,0.540,0.032,0.848,Frame_236,
15:58:37.080,-0.968,-1.006,0.545,-0.011,0.940,Frame_236,
15:58:37.580,-0.961,-0.919,0.550,-0.033,0.983,Frame_236,
15:58:38.080,-0.952,-0.831,0.553,-0.004,1.101,Frame_236,
15:58:38.581,-0.943,-0.732,0.547,0.024,1.195,Frame_236,
15:58:39.079,-0.935,-0.647,0.534,0.039,1.258,Frame_236,
15:58:39.579,-0.928,-0.560,0.554,0.024,1.214,Frame_237,
15:58:40.080,-0.921,-0.483,0.558,0.029,1.123,Frame_237,
15:58:40.580,-0.912,-0.372,0.552,-0.007,1.075,Frame_237,
15:58:41.080,-0.905,-0.283,0.573,0.014,1.003,Frame_237,
15:58:41.581,-0.899,-0.203,0.551,0.045,0.969,Frame_237,
15:58:42.080,-0.891,-0.104,0.548,0.072,0.888,Frame_237,
15:58:42.580,-0.886,-0.027,0.563,0.038,0.867,Frame_237,
15:58:43.081,-0.880,0.075,0.571,0.043,0.783,Frame_238,
15:58:43.580,-0.876,0.154,0.554,0.064,0.759,Frame_238,
15:58:44.080,-0.872,0.241,0.540,0.085,0.748,Frame_238,
15:58:44.580,-0.869,0.340,0.565,0.049,0.720,Frame_238,
15:58:45.079,-0.867,0.430,0.568,0.053,0.715,Frame_238,
15:58:45.580,-0.866,0.520,0.556,0.066,0.701,Frame_239,
15:58:46.080,-0.866,0.621,0.555,0.091,0.727,Frame_239,
15:58:46.580,-0.867,0.698,0.544,0.082,0.743,Frame_239,
15:58:47.080,-0.869,0.794,0.541,0.109,0.766,Frame_239,
15:58:47.580,-0.873,0.882,0.561,0.082,0.789,Frame_239,
15:58:48.079,-0.879,0.982,0.567,0.080,0.833,Frame_239,
15:58:48.580,-0.885,1.071,0.540,0.068,0.867,Frame_240,
15:58:49.081,-0.891,1.146,0.539,0.059,0.921,Frame_240,
15:58:49.580,-0.899,1.234,0.545,0.056,0.848,Frame_240,
15:58:50.079,-0.908,1.321,0.549,0.051,0.761,Frame_240,
15:58:50.580,-0.916,1.398,0.555,0.037,0.720,Frame_240,
15:58:51.080,-0.926,1.484,0.532,0.017,0.615,Frame_240,
15:58:51.580,-0.935,1.568,0.523,-0.011,0.580,Frame_240,
15:58:52.080,-0.944,1.641,0.524,-0.048,0.489,Frame_241,
15:58:52.580,-0.952,1.724,0.521,-0.109,0.459,Frame_241,
15:58:53.081,-0.960,1.807,0.521,-0.131,0.379,Frame_241,
15:58:53.580,-0.965,1.881,0.545,-0.118,0.348,Frame_241,
15:58:54.080,-0.969,1.967,0.542,-0.107,0.310,Frame_241,
15:58:54.580,-0.972,2.042,0.533,-0.068,0.294,Frame_241,
15:58:55.079,-0.974,2.138,0.526,-0.149,0.308,Frame_241,
15:58:55.580,-0.975,2.201,0.535,-0.143,0.317,Frame_242,
15:58:56.080,-0.974,2.285,0.516,-0.137,0.332,Frame_242,
15:58:56.579,-0.971,2.357,0.509,-0.212,0.356,Frame_242,
15:58:57.079,-0.965,2.447,0.491,-0.207,0.356,Frame_242,
15:58:57.580,-0.959,2.514,0.486,-0.137,0.381,Frame_242,
15:58:58.080,-0.950,2.591,0.480,-0.078,0.381,Frame_242,
15:58:58.580,-0.941,2.658,0.473,-0.071,0.382,Frame_243,
15:58:59.080,-0.930,2.733,0.464,-0.044,0.389,Frame_243,
15:58:59.580,-0.917,2.822,0.419,0.066,0.395,Frame_243,
15:59:00.080,-0.911,2.864,0.160,0.407,0.402,Frame_243,
15:59:00.580,-0.909,2.887,0.190,0.524,0.388,Frame_243,
15:59:01.080,-0.909,2.921,0.227,0.535,0.403,Frame_243,
15:59:01.579,-0.912,2.958,0.261,0.490,0.395,Frame_244,
15:59:02.079,-0.920,3.008,0.314,0.404,0.405,Frame_244,
15:59:02.580,-0.927,3.038,0.306,0.342,0.413,Frame_244,
15:59:03.080,-0.939,3.086,0.301,0.253,0.439,Frame_244,
15:59:03.580,-0.952,3.125,0.278,0.181,0.439,Frame_244,
15:59:04.080,-0.968,3.172,0.300,-0.156,0.472,Frame_244,
15:59:04.580,-0.982,3.216,0.362,-0.508,0.476,Frame_244,
15:59:05.080,-0.996,3.275,0.393,-0.703,0.518,Frame_245,
15:59:05.580,-1.004,3.337,0.382,-0.845,0.552,Frame_245,
15:59:06.079,-1.004,3.401,0.453,-0.367,0.568,Frame_245,
15:59:06.579,-0.999,3.463,0.426,-0.141,0.590,Frame_245,
15:59:07.080,-0.994,3.524,0.323,0.016,0.584,Frame_245,
15:59:07.580,-0.988,3.580,0.241,0.046,0.596,Frame_245,
15:59:08.082,-0.984,3.633,0.339,0.067,0.584,Frame_246,
15:59:08.580,-0.978,3.707,0.408,0.106,0.590,Frame_246,
15:59:09.080,-0.974,3.773,0.428,0.106,0.596,Frame_246,
15:59:09.580,-0.971,3.851,0.431,0.095,0.605,Frame_246,
15:59:10.080,-0.970,3.919,0.426,0.096,0.598,Frame_246,
15:59:10.580,-0.969,3.970,0.411,0.082,0.604,Frame_246,
15:59:11.083,-0.970,4.044,0.399,0.086,0.607,Frame_247,
15:59:11.579,-0.970,4.099,0.381,0.068,0.614,Frame_247,
15:59:12.080,-0.972,4.166,0.357,0.062,0.625,Frame_247,
15:59:12.580,-0.974,4.215,0.329,0.059,0.641,Frame_247,
15:59:13.080,-0.976,4.259,0.303,-0.155,0.638,Frame_247,
15:59:13.580,-0.978,4.318,0.353,-0.416,0.649,Frame_247,
15:59:14.080,-0.976,4.370,0.382,-0.610,0.647,Frame_248,
15:59:14.580,-0.965,4.444,0.351,-0.712,0.655,Frame_248,
15:59:15.080,-0.952,4.495,0.302,-0.760,0.668,Frame_248,
15:59:15.579,-0.934,4.537,0.256,-0.784,0.676,Frame_248,
15:59:16.080,-0.916,4.571,0.246,-0.676,0.661,Frame_248,
15:59:16.580,-0.897,4.597,0.219,-0.329,0.639,Frame_248,
15:59:17.080,-0.883,4.615,0.085,0.066,0.639,Frame_249,
15:59:17.579,-0.873,4.628,0.153,0.429,0.624,Frame_249,
15:59:18.080,-0.860,4.648,0.219,0.572,0.621,Frame_249,
15:59:18.579,-0.844,4.675,0.350,0.635,0.595,Frame_249,
15:59:19.080,-0.819,4.730,0.459,0.568,0.576,Frame_249,
15:59:19.580,-0.793,4.803,0.522,0.455,0.542,Frame_249,
15:59:20.079,-0.770,4.886,0.544,0.420,0.535,Frame_249,
15:59:20.579,-0.754,4.961,0.548,0.287,0.514,Frame_250,
15:59:21.079,-0.738,5.060,0.559,0.153,0.500,Frame_250,
15:59:21.580,-0.731,5.116,0.558,0.044,0.493,Frame_250,
15:59:22.080,-0.717,5.228,0.564,-0.015,0.474,Frame_250,
15:59:22.580,-0.701,5.352,0.559,0.038,0.484,Frame_250,
15:59:23.080,-0.691,5.440,0.549,0.118,0.477,Frame_250,
15:59:23.579,-0.679,5.548,0.552,0.103,0.477,Frame_251,
15:59:24.080,-0.671,5.658,0.551,0.085,0.469,Frame_251,
15:59:24.580,-0.664,5.758,0.555,0.048,0.472,Frame_251,
15:59:25.079,-0.658,5.859,0.562,0.025,0.476,Frame_251,
15:59:25.580,-0.653,5.960,0.557,0.002,0.469,Frame_251,
15:59:26.080,-0.647,6.069,0.539,-0.014,0.482,Frame_252,
15:59:26.580,-0.644,6.140,0.067,-0.205,0.487,Frame_252,
15:59:27.080,-0.645,6.129,-0.208,-0.167,0.482,Frame_252,
15:59:27.580,-0.650,6.086,-0.222,-0.077,0.477,Frame_252,
15:59:28.080,-0.655,6.046,-0.226,-0.039,0.484,Frame_252,
15:59:28.580,-0.659,6.015,-0.220,-0.005,0.485,Frame_252,
15:59:29.080,-0.664,5.983,-0.232,0.023,0.494,Frame_253,
15:59:29.579,-0.669,5.947,-0.233,0.031,0.490,Frame_253,
15:59:30.080,-0.674,5.906,-0.228,0.035,0.498,Frame_253,
15:59:30.580,-0.680,5.861,-0.224,0.034,0.502,Frame_253,
15:59:31.082,-0.685,5.815,-0.227,0.043,0.502,Frame_253,
15:59:31.580,-0.689,5.778,-0.236,0.039,0.494,Frame_253,
15:59:32.079,-0.693,5.741,-0.241,0.042,0.508,Frame_254,
15:59:32.580,-0.697,5.698,-0.246,0.051,0.508,Frame_254,
15:59:33.080,-0.701,5.653,-0.258,0.026,0.503,Frame_254,
15:59:33.580,-0.705,5.607,-0.258,0.015,0.495,Frame_254,
15:59:34.080,-0.708,5.562,-0.258,0.011,0.506,Frame_254,
15:59:34.580,-0.712,5.516,-0.261,-0.008,0.498,Frame_254,
15:59:35.080,-0.716,5.470,-0.260,0.011,0.504,Frame_255,
15:59:35.582,-0.719,5.423,-0.261,0.006,0.500,Frame_255,
15:59:36.080,-0.723,5.382,-0.253,-0.005,0.506,Frame_255,
15:59:36.580,-0.726,5.342,-0.254,0.015,0.501,Frame_255,
15:59:37.080,-0.730,5.291,-0.253,0.002,0.493,Frame_255,
15:59:37.580,-0.733,5.245,-0.254,-0.003,0.493,Frame_256,
15:59:38.080,-0.736,5.204,-0.260,-0.012,0.497,Frame_256,
15:59:38.581,-0.740,5.152,-0.257,-0.003,0.491,Frame_256,
15:59:39.080,-0.744,5.111,-0.254,-0.005,0.500,Frame_256,
15:59:39.581,-0.748,5.060,-0.247,-0.007,0.496,Frame_256,
15:59:40.080,-0.751,5.021,-0.241,-0.005,0.495,Frame_256,
15:59:40.580,-0.754,4.982,-0.251,-0.007,0.500,Frame_257,
15:59:41.080,-0.758,4.930,-0.259,-0.008,0.502,Frame_257,
15:59:41.580,-0.762,4.889,-0.257,0.002,0.499,Frame_257,
15:59:42.080,-0.766,4.840,-0.249,0.004,0.497,Frame_257,
15:59:42.580,-0.770,4.795,-0.242,0.005,0.496,Frame_257,
15:59:43.080,-0.774,4.751,-0.236,-0.003,0.499,Frame_258,
15:59:43.580,-0.777,4.708,-0.250,-0.010,0.492,Frame_258,
15:59:44.085,-0.781,4.664,-0.251,-0.003,0.495,Frame_258,
15:59:44.580,-0.785,4.620,-0.241,0.007,0.475,Frame_258,
15:59:45.081,-0.789,4.576,-0.246,0.003,0.493,Frame_258,
15:59:45.580,-0.792,4.536,-0.258,-0.006,0.506,Frame_258,
15:59:46.080,-0.796,4.491,-0.250,-0.006,0.495,Frame_259,
15:59:46.580,-0.801,4.441,-0.249,-0.005,0.494,Frame_259,
15:59:47.080,-0.805,4.402,-0.247,-0.007,0.504,Frame_259,
15:59:47.581,-0.809,4.356,-0.257,0.003,0.495,Frame_259,
15:59:48.080,-0.813,4.316,-0.243,0.001,0.507,Frame_259,
15:59:48.580,-0.817,4.267,-0.250,0.015,0.503,Frame_260,
15:59:49.080,-0.821,4.222,-0.245,0.013,0.501,Frame_260,
15:59:49.580,-0.824,4.188,-0.251,0.009,0.490,Frame_260,
15:59:50.080,-0.828,4.143,-0.242,0.014,0.498,Frame_260,
15:59:50.580,-0.832,4.089,-0.251,0.006,0.497,Frame_260,
15:59:51.080,-0.836,4.048,-0.252,0.002,0.494,Frame_260,
15:59:51.579,-0.840,3.999,-0.242,-0.007,0.507,Frame_261,
15:59:52.080,-0.843,3.955,-0.249,-0.012,0.499,Frame_261,
15:59:52.580,-0.846,3.916,-0.251,-0.015,0.499,Frame_261,
15:59:53.080,-0.850,3.870,-0.252,-0.013,0.494,Frame_261,
15:59:53.579,-0.855,3.820,-0.251,-0.014,0.495,Frame_261,
15:59:54.080,-0.858,3.785,-0.256,0.002,0.504,Frame_261,
15:59:54.580,-0.862,3.733,-0.271,0.016,0.492,Frame_262,
15:59:55.080,-0.866,3.686,-0.252,0.005,0.494,Frame_262,
15:59:55.580,-0.870,3.640,-0.259,0.021,0.508,Frame_262,
15:59:56.080,-0.875,3.589,-0.260,0.016,0.507,Frame_262,
15:59:56.580,-0.878,3.542,-0.264,-0.008,0.499,Frame_262,
15:59:57.080,-0.882,3.500,-0.264,-0.002,0.501,Frame_263,
15:59:57.579,-0.886,3.449,-0.258,-0.016,0.499,Frame_263,
15:59:58.079,-0.890,3.403,-0.253,-0.012,0.502,Frame_263,
15:59:58.580,-0.894,3.359,-0.242,-0.012,0.497,Frame_263,
15:59:59.079,-0.898,3.314,-0.252,0.008,0.501,Frame_263,
15:59:59.580,-0.902,3.274,-0.253,0.012,0.509,Frame_263,
16:00:00.080,-0.906,3.228,-0.268,0.004,0.502,Frame_264,
16:00:00.580,-0.911,3.177,-0.245,-0.004,0.503,Frame_264,
16:00:01.080,-0.915,3.133,-0.253,0.001,0.501,Frame_264,
16:00:01.580,-0.919,3.082,-0.251,-0.009,0.507,Frame_264,
16:00:02.079,-0.924,3.031,-0.254,0.008,0.503,Frame_264,
16:00:02.580,-0.928,2.986,-0.253,0.013,0.506,Frame_265,
16:00:03.080,-0.933,2.934,-0.270,-0.002,0.504,Frame_265,
16:00:03.580,-0.936,2.890,-0.288,-0.004,0.509,Frame_265,
16:00:04.080,-0.941,2.835,-0.273,-0.025,0.506,Frame_265,
16:00:04.580,-0.945,2.791,-0.267,-0.001,0.497,Frame_265,
16:00:05.080,-0.950,2.738,-0.265,0.002,0.492,Frame_265,
16:00:05.582,-0.955,2.685,-0.265,-0.008,0.495,Frame_266,
16:00:06.080,-0.960,2.638,-0.267,-0.016,0.504,Frame_266,
16:00:06.580,-0.965,2.588,-0.282,0.010,0.497,Frame_266,
16:00:07.080,-0.970,2.532,-0.279,0.012,0.502,Frame_266,
16:00:07.584,-0.974,2.487,-0.286,0.013,0.508,Frame_266,
16:00:08.080,-0.979,2.437,-0.270,-0.023,0.503,Frame_267,
16:00:08.581,-0.984,2.384,-0.272,-0.027,0.512,Frame_267,
16:00:09.080,-0.989,2.335,-0.278,-0.040,0.511,Frame_267,
16:00:09.581,-0.995,2.280,-0.275,-0.028,0.515,Frame_267,
16:00:10.080,-1.001,2.231,-0.284,-0.034,0.515,Frame_267,
16:00:10.579,-1.007,2.180,-0.283,-0.026,0.507,Frame_268,
16:00:11.080,-1.014,2.128,-0.303,-0.037,0.517,Frame_268,
16:00:11.580,-1.021,2.074,-0.301,0.015,0.525,Frame_268,
16:00:12.083,-1.030,2.013,-0.320,0.001,0.532,Frame_268,
16:00:12.580,-1.037,1.959,-0.292,-0.117,0.540,Frame_268,
16:00:13.080,-1.042,1.926,-0.274,-0.158,0.546,Frame_268,
16:00:13.580,-1.048,1.888,-0.276,-0.127,0.587,Frame_269,
16:00:14.084,-1.055,1.852,-0.263,-0.099,0.597,Frame_269,
16:00:14.580,-1.062,1.817,-0.253,-0.050,0.616,Frame_269,
16:00:15.080,-1.072,1.772,-0.247,-0.021,0.632,Frame_269,
16:00:15.580,-1.079,1.738,-0.247,0.002,0.667,Frame_269,
16:00:16.080,-1.088,1.698,-0.263,0.018,0.686,Frame_269,
16:00:16.580,-1.095,1.667,-0.275,0.025,0.717,Frame_269,
16:00:17.080,-1.103,1.629,-0.287,0.035,0.731,Frame_270,
16:00:17.580,-1.113,1.583,-0.296,0.046,0.784,Frame_270,
16:00:18.080,-1.123,1.530,-0.306,0.061,0.812,Frame_270,
16:00:18.580,-1.130,1.494,-0.304,-0.010,0.826,Frame_270,
16:00:19.080,-1.139,1.448,-0.269,-0.060,0.887,Frame_270,
16:00:19.580,-1.147,1.412,-0.264,-0.065,0.879,Frame_270,
16:00:20.081,-1.156,1.365,-0.257,-0.047,0.866,Frame_271,
16:00:20.579,-1.164,1.330,-0.263,-0.018,0.867,Frame_271,
16:00:21.079,-1.174,1.288,-0.281,0.010,0.860,Frame_271,
16:00:21.580,-1.182,1.249,-0.294,0.014,0.856,Frame_271,
16:00:22.080,-1.193,1.202,-0.308,0.039,0.860,Frame_271,
16:00:22.581,-1.202,1.159,-0.312,0.010,0.837,Frame_271,
16:00:23.080,-1.212,1.111,-0.296,-0.073,0.842,Frame_271,
16:00:23.579,-1.223,1.061,-0.282,-0.100,0.828,Frame_272,
16:00:24.080,-1.231,1.028,-0.277,-0.064,0.817,Frame_272,
16:00:24.579,-1.245,0.975,-0.267,-0.044,0.820,Frame_272,
16:00:25.080,-1.254,0.938,-0.280,-0.018,0.804,Frame_272,
16:00:25.580,-1.265,0.894,-0.281,-0.035,0.796,Frame_272,
16:00:26.080,-1.277,0.848,-0.308,0.001,0.802,Frame_272,
16:00:26.579,-1.291,0.795,-0.323,-0.014,0.789,Frame_273,
16:00:27.081,-1.304,0.746,-0.292,-0.060,0.768,Frame_273,
16:00:27.580,-1.316,0.701,-0.273,-0.082,0.762,Frame_273,
16:00:28.080,-1.327,0.664,-0.290,-0.040,0.767,Frame_273,
16:00:28.580,-1.341,0.618,-0.304,-0.021,0.742,Frame_273,
16:00:29.082,-1.355,0.572,-0.306,-0.031,0.744,Frame_273,
16:00:29.580,-1.369,0.525,-0.311,-0.039,0.730,Frame_274,
16:00:30.080,-1.381,0.485,-0.293,-0.071,0.715,Frame_274,
16:00:30.579,-1.397,0.436,-0.280,-0.099,0.716,Frame_274,
16:00:31.080,-1.411,0.393,-0.285,-0.077,0.697,Frame_274,
16:00:31.580,-1.427,0.349,-0.308,-0.058,0.688,Frame_274,
16:00:32.080,-1.444,0.303,-0.295,-0.078,0.658,Frame_274,
16:00:32.579,-1.460,0.260,-0.285,-0.097,0.657,Frame_274,
16:00:33.080,-1.477,0.218,-0.282,-0.065,0.644,Frame_275,
16:00:33.580,-1.496,0.170,-0.278,-0.034,0.629,Frame_275,
16:00:34.080,-1.511,0.134,-0.255,-0.127,0.611,Frame_275,
16:00:34.580,-1.528,0.094,-0.225,-0.193,0.595,Frame_275,
16:00:35.080,-1.542,0.066,-0.228,-0.176,0.583,Frame_275,
16:00:35.580,-1.558,0.033,-0.225,-0.156,0.575,Frame_275,
16:00:36.079,-1.575,0.001,-0.214,-0.152,0.554,Frame_276,
16:00:36.580,-1.589,-0.024,-0.192,-0.129,0.554,Frame_276,
16:00:37.080,-1.609,-0.057,-0.186,-0.138,0.527,Frame_276,
16:00:37.580,-1.622,-0.078,-0.177,-0.167,0.511,Frame_276,
16:00:38.080,-1.638,-0.102,-0.156,-0.226,0.492,Frame_276,
16:00:38.580,-1.652,-0.122,-0.157,-0.401,0.482,Frame_276,
16:00:39.080,-1.666,-0.139,-0.155,-0.542,0.458,Frame_277,
16:00:39.580,-1.688,-0.162,-0.141,-0.710,0.452,Frame_277,
16:00:40.079,-1.702,-0.173,-0.125,-0.810,0.426,Frame_277,
16:00:40.580,-1.719,-0.184,-0.124,-0.882,0.413,Frame_277,
16:00:41.080,-1.735,-0.191,-0.115,-0.945,0.386,Frame_277,
16:00:41.580,-1.747,-0.195,-0.047,-1.001,0.376,Frame_277,
16:00:42.080,-1.755,-0.196,-0.033,-1.029,0.360,Frame_278,
16:00:42.579,-1.759,-0.196,-0.027,-1.079,0.348,Frame_278,
16:00:43.080,-1.762,-0.195,-0.014,-1.167,0.361,Frame_278,
16:00:43.580,-1.764,-0.194,-0.003,-1.233,0.358,Frame_278,
16:00:44.079,-1.763,-0.195,0.015,-1.265,0.369,Frame_278,
16:00:44.580,-1.760,-0.198,0.030,-1.247,0.376,Frame_278,
16:00:45.080,-1.757,-0.203,0.049,-1.214,0.393,Frame_278,
16:00:45.580,-1.754,-0.212,0.099,-1.197,0.406,Frame_279,
16:00:46.080,-1.751,-0.231,0.117,-1.155,0.420,Frame_279,
16:00:46.580,-1.751,-0.255,0.207,-1.096,0.443,Frame_279,
16:00:47.082,-1.760,-0.299,0.318,-1.049,0.446,Frame_279,
16:00:47.579,-1.779,-0.347,0.352,-0.983,0.442,Frame_279,
16:00:48.080,-1.805,-0.391,0.403,-0.909,0.458,Frame_279,
16:00:48.579,-1.851,-0.450,0.410,-0.875,0.437,Frame_280,
16:00:49.080,-1.896,-0.493,0.489,-0.743,0.409,Frame_280,
16:00:49.580,-1.968,-0.547,0.519,-0.632,0.399,Frame_280,
16:00:50.082,-2.040,-0.589,0.532,-0.543,0.388,Frame_280,
16:00:50.580,-2.106,-0.621,0.515,-0.591,0.382,Frame_280,
16:00:51.080,-2.193,-0.653,0.527,-0.542,0.382,Frame_280,
16:00:51.580,-2.265,-0.672,0.529,-0.483,0.387,Frame_281,
16:00:52.080,-2.348,-0.689,0.527,-0.386,0.394,Frame_281,
16:00:52.580,-2.420,-0.698,0.508,-0.342,0.418,Frame_281,
16:00:53.080,-2.502,-0.705,0.522,-0.289,0.409,Frame_281,
16:00:53.580,-2.575,-0.707,0.530,-0.179,0.411,Frame_281,
16:00:54.080,-2.660,-0.708,0.538,-0.109,0.359,Frame_281,
16:00:54.579,-2.736,-0.707,0.536,-0.100,0.329,Frame_281,
16:00:55.080,-2.823,-0.705,0.543,-0.070,0.338,Frame_282,
16:00:55.580,-2.910,-0.702,0.546,-0.053,0.353,Frame_282,
16:00:56.080,-2.997,-0.698,0.548,-0.041,0.385,Frame_282,
16:00:56.580,-3.085,-0.694,0.546,0.064,0.439,Frame_282,
16:00:57.080,-3.161,-0.690,0.544,0.084,0.483,Frame_282,
16:00:57.580,-3.249,-0.688,0.563,0.043,0.564,Frame_282,
16:00:58.080,-3.327,-0.686,0.551,0.032,0.618,Frame_283,
16:00:58.580,-3.404,-0.685,0.543,-0.004,0.698,Frame_283,
16:00:59.081,-3.478,-0.684,0.536,0.011,0.692,Frame_283,
16:00:59.580,-3.542,-0.683,0.529,0.020,0.673,Frame_283,
16:01:00.080,-3.626,-0.682,0.522,0.029,0.594,Frame_283,
16:01:00.580,-3.711,-0.681,0.537,0.076,0.575,Frame_283,
16:01:01.080,-3.786,-0.681,0.518,0.123,0.548,Frame_283,
16:01:01.580,-3.857,-0.683,0.495,-0.056,0.529,Frame_284,
16:01:02.079,-3.934,-0.684,0.476,-0.174,0.537,Frame_284,
16:01:02.579,-4.002,-0.683,0.487,-0.171,0.536,Frame_284,
16:01:03.080,-4.071,-0.681,0.495,-0.153,0.550,Frame_284,
16:01:03.580,-4.140,-0.678,0.491,-0.123,0.555,Frame_284,
16:01:04.080,-4.208,-0.674,0.470,0.049,0.569,Frame_284,
16:01:04.581,-4.281,-0.669,0.454,0.095,0.566,Frame_284,
16:01:05.080,-4.343,-0.667,0.425,0.075,0.558,Frame_285,
16:01:05.580,-4.409,-0.665,0.389,0.067,0.565,Frame_285,
16:01:06.081,-4.430,-0.664,-0.063,0.139,0.572,Frame_285,
16:01:06.581,-4.406,-0.664,-0.187,0.219,0.567,Frame_285,
16:01:07.082,-4.384,-0.663,-0.174,0.384,0.563,Frame_285,
16:01:07.580,-4.358,-0.661,-0.137,0.544,0.565,Frame_285,
16:01:08.079,-4.344,-0.659,-0.014,0.726,0.544,Frame_285,
16:01:08.579,-4.342,-0.659,-0.013,0.817,0.527,Frame_286,
16:01:09.080,-4.339,-0.658,-0.026,0.899,0.529,Frame_286,
16:01:09.580,-4.336,-0.656,-0.012,0.982,0.514,Frame_286,
16:01:10.080,-4.335,-0.655,-0.004,1.057,0.514,Frame_286,
16:01:10.580,-4.335,-0.655,0.003,1.070,0.497,Frame_286,
16:01:11.080,-4.336,-0.656,0.017,1.043,0.483,Frame_286,
16:01:11.580,-4.338,-0.661,0.041,1.065,0.498,Frame_286,
16:01:12.079,-4.340,-0.667,0.072,1.059,0.497,Frame_287,
16:01:12.580,-4.342,-0.680,0.101,0.993,0.500,Frame_287,
16:01:13.080,-4.342,-0.699,0.155,0.919,0.515,Frame_287,
16:01:13.580,-4.338,-0.723,0.240,0.848,0.531,Frame_287,
16:01:14.082,-4.325,-0.769,0.317,0.692,0.587,Frame_287,
16:01:14.579,-4.307,-0.813,0.364,0.575,0.643,Frame_287,
16:01:15.080,-4.279,-0.866,0.383,0.500,0.658,Frame_288,
16:01:15.580,-4.247,-0.918,0.376,0.407,0.731,Frame_288,
16:01:16.080,-4.211,-0.967,0.373,0.300,0.708,Frame_288,
16:01:16.580,-4.174,-1.013,0.371,0.179,0.653,Frame_288,
16:01:17.080,-4.141,-1.052,0.382,0.114,0.626,Frame_288,
16:01:17.580,-4.095,-1.103,0.369,0.187,0.568,Frame_288,
16:01:18.080,-4.065,-1.135,0.370,0.017,0.548,Frame_288,
16:01:18.579,-4.034,-1.168,0.401,-0.050,0.496,Frame_289,
16:01:19.080,-4.000,-1.204,0.435,-0.126,0.466,Frame_289,
16:01:19.580,-3.952,-1.256,0.444,-0.204,0.431,Frame_289,
16:01:20.080,-3.923,-1.289,0.000,0.000,0.376,Frame_289,
16:01:20.580,-3.923,-1.289,0.000,0.000,0.360,Frame_289,
16:01:21.080,-3.923,-1.289,0.000,0.000,0.373,Frame_289,
16:01:21.580,-3.923,-1.289,0.000,0.000,0.381,Frame_289,
16:01:22.080,-3.923,-1.289,0.000,1.000,0.372,Frame_290,
16:01:22.580,-3.923,-1.289,0.000,1.000,0.374,Frame_290,
16:01:23.080,-3.923,-1.289,0.000,1.000,0.376,Frame_290,
16:01:23.580,-3.923,-1.289,0.000,1.000,0.382,Frame_290,
16:01:24.080,-3.923,-1.289,0.000,1.000,0.361,Frame_290,
16:01:24.580,-3.923,-1.289,0.000,1.000,0.365,Frame_290,
16:01:25.080,-3.923,-1.289,0.000,1.000,0.348,Frame_290,
16:01:25.581,-3.923,-1.289,0.000,1.000,0.346,Frame_291,
16:01:26.080,-3.923,-1.289,0.000,1.000,0.333,Frame_291,
16:01:26.580,-3.923,-1.289,0.000,1.000,0.330,Frame_291,
16:01:27.080,-3.923,-1.289,0.000,0.558,0.313,Frame_291,
16:01:27.579,-3.923,-1.289,-0.008,0.151,0.295,Frame_291,
16:01:28.080,-3.927,-1.293,-0.025,-0.245,0.305,Frame_291,
16:01:28.580,-3.929,-1.294,0.002,-0.437,0.295,Frame_292,
16:01:29.079,-3.927,-1.293,0.026,-0.656,0.301,Frame_292,
16:01:29.579,-3.923,-1.291,0.028,-0.874,0.311,Frame_292,
16:01:30.080,-3.920,-1.289,0.037,-0.992,0.312,Frame_292,
16:01:30.580,-3.914,-1.287,0.053,-1.064,0.342,Frame_292,
16:01:31.080,-3.902,-1.286,0.092,-1.090,0.342,Frame_292,
16:01:31.580,-3.886,-1.288,0.137,-1.064,0.365,Frame_293,
16:01:32.080,-3.860,-1.295,0.205,-1.038,0.377,Frame_293,
16:01:32.580,-3.834,-1.306,0.236,-1.025,0.369,Frame_293,
16:01:33.080,-3.796,-1.330,0.337,-0.978,0.377,Frame_293,
16:01:33.580,-3.760,-1.361,0.364,-0.955,0.372,Frame_293,
16:01:34.080,-3.726,-1.400,0.370,-0.923,0.382,Frame_293,
16:01:34.580,-3.692,-1.451,0.361,-0.844,0.365,Frame_293,
16:01:35.080,-3.663,-1.513,0.411,-0.764,0.349,Frame_294,
16:01:35.580,-3.644,-1.570,0.450,-0.680,0.344,Frame_294,
16:01:36.080,-3.628,-1.642,0.488,-0.557,0.336,Frame_294,
16:01:36.580,-3.619,-1.701,0.516,-0.436,0.341,Frame_294,
16:01:37.079,-3.613,-1.784,0.519,-0.345,0.342,Frame_294,
16:01:37.580,-3.612,-1.867,0.525,-0.281,0.350,Frame_294,
16:01:38.080,-3.614,-1.963,0.537,0.059,0.384,Frame_295,
16:01:38.580,-3.617,-2.072,0.546,0.168,0.410,Frame_295,
16:01:39.080,-3.617,-2.171,0.547,0.105,0.481,Frame_295,
16:01:39.579,-3.615,-2.271,0.553,0.075,0.558,Frame_295,
16:01:40.079,-3.612,-2.369,0.545,0.022,0.639,Frame_295,
16:01:40.580,-3.608,-2.457,0.553,0.014,0.722,Frame_295,
16:01:41.080,-3.603,-2.567,0.569,0.001,0.689,Frame_296,
16:01:41.580,-3.599,-2.658,0.571,0.009,0.596,Frame_296,
16:01:42.080,-3.594,-2.771,0.557,0.033,0.505,Frame_296,
16:01:42.579,-3.590,-2.858,0.549,0.057,0.435,Frame_296,
16:01:43.080,-3.585,-2.945,0.541,0.078,0.407,Frame_296,
16:01:43.581,-3.579,-3.021,0.537,0.063,0.372,Frame_296,
16:01:44.080,-3.573,-3.094,0.514,0.029,0.345,Frame_297,
16:01:44.580,-3.567,-3.165,0.500,0.039,0.336,Frame_297,
16:01:45.080,-3.560,-3.245,0.507,-0.038,0.347,Frame_297,
16:01:45.579,-3.553,-3.317,0.523,-0.087,0.359,Frame_297,
16:01:46.079,-3.547,-3.402,0.538,-0.048,0.354,Frame_297,
16:01:46.580,-3.542,-3.476,0.527,0.002,0.374,Frame_297,
16:01:47.080,-3.537,-3.549,0.501,0.155,0.380,Frame_297,
16:01:47.580,-3.530,-3.624,0.436,0.308,0.380,Frame_298,
16:01:48.079,-3.522,-3.685,0.449,0.327,0.386,Frame_298,
16:01:48.580,-3.509,-3.757,0.460,0.299,0.397,Frame_298,
16:01:49.080,-3.494,-3.821,0.483,0.272,0.408,Frame_298,
16:01:49.580,-3.473,-3.896,0.493,0.218,0.418,Frame_298,
16:01:50.080,-3.453,-3.962,0.489,0.134,0.439,Frame_298,
16:01:50.580,-3.429,-4.035,0.475,0.001,0.448,Frame_299,
16:01:51.081,-3.407,-4.098,0.486,-0.059,0.484,Frame_299,
16:01:51.579,-3.384,-4.171,0.471,-0.131,0.471,Frame_299,
16:01:52.079,-3.364,-4.233,0.440,-0.266,0.448,Frame_299,
16:01:52.580,-3.347,-4.297,0.395,-0.422,0.435,Frame_299,
16:01:53.080,-3.338,-4.344,0.395,-0.443,0.445,Frame_299,
16:01:53.580,-3.326,-4.419,0.434,-0.097,0.428,Frame_299,
16:01:54.080,-3.318,-4.484,0.388,-0.017,0.484,Frame_300,
16:01:54.580,-3.313,-4.536,0.259,-0.282,0.496,Frame_300,
16:01:55.080,-3.310,-4.570,0.238,-0.338,0.529,Frame_300,
16:01:55.580,-3.309,-4.608,0.240,-0.283,0.547,Frame_300,
16:01:56.080,-3.310,-4.651,0.286,-0.042,0.565,Frame_300,
16:01:56.580,-3.312,-4.677,-0.063,0.164,0.609,Frame_300,
16:01:57.080,-3.311,-4.657,-0.210,0.104,0.600,Frame_301,
16:01:57.580,-3.311,-4.615,-0.219,0.075,0.584,Frame_301,
16:01:58.080,-3.311,-4.574,-0.236,0.027,0.551,Frame_301,
16:01:58.580,-3.312,-4.536,-0.234,0.020,0.512,Frame_301,
16:01:59.080,-3.312,-4.500,-0.232,0.011,0.516,Frame_301,
16:01:59.579,-3.313,-4.454,-0.196,0.194,0.482,Frame_301,
16:02:00.079,-3.315,-4.416,-0.179,0.308,0.458,Frame_302,
16:02:00.580,-3.318,-4.390,-0.202,0.261,0.431,Frame_302,
16:02:01.080,-3.322,-4.358,-0.199,0.230,0.423,Frame_302,
16:02:01.580,-3.327,-4.330,-0.196,0.231,0.414,Frame_302,
16:02:02.080,-3.334,-4.296,-0.208,0.283,0.405,Frame_302,
16:02:02.580,-3.343,-4.262,-0.223,0.382,0.410,Frame_302,
16:02:03.082,-3.354,-4.231,-0.224,0.482,0.411,Frame_303,
16:02:03.580,-3.364,-4.204,-0.235,0.587,0.434,Frame_303,
16:02:04.080,-3.383,-4.167,-0.218,0.684,0.436,Frame_303,
16:02:04.580,-3.396,-4.146,-0.178,0.754,0.478,Frame_303,
16:02:05.080,-3.415,-4.122,-0.121,0.860,0.479,Frame_303,
16:02:05.580,-3.424,-4.114,-0.089,0.900,0.467,Frame_303,
16:02:06.079,-3.430,-4.109,-0.044,0.954,0.451,Frame_303,
16:02:06.580,-3.436,-4.105,-0.057,1.023,0.449,Frame_304,
16:02:07.079,-3.444,-4.102,-0.048,1.061,0.431,Frame_304,
16:02:07.580,-3.450,-4.101,-0.018,1.096,0.416,Frame_304,
16:02:08.080,-3.453,-4.100,-0.014,1.117,0.409,Frame_304,
16:02:08.580,-3.454,-4.101,-0.002,1.128,0.407,Frame_304,
16:02:09.080,-3.453,-4.100,0.019,1.134,0.392,Frame_304,
16:02:09.580,-3.449,-4.098,0.045,1.137,0.417,Frame_304,
16:02:10.080,-3.441,-4.092,0.086,1.119,0.420,Frame_305,
16:02:10.580,-3.431,-4.080,0.175,1.083,0.438,Frame_305,
16:02:11.080,-3.414,-4.052,0.274,1.006,0.457,Frame_305,
16:02:11.580,-3.395,-4.005,0.388,0.931,0.475,Frame_305,
16:02:12.080,-3.379,-3.946,0.499,0.720,0.460,Frame_305,
16:02:12.580,-3.367,-3.865,0.551,0.600,0.450,Frame_305,
16:02:13.080,-3.362,-3.775,0.568,0.378,0.462,Frame_306,
16:02:13.580,-3.363,-3.673,0.561,0.297,0.526,Frame_306,
16:02:14.080,-3.370,-3.563,0.560,0.143,0.562,Frame_306,
16:02:14.580,-3.377,-3.485,0.567,0.096,0.577,Frame_306,
16:02:15.080,-3.377,-3.485,0.570,0.090,0.552,Frame_306,
16:02:15.580,-3.403,-3.271,0.567,0.061,0.555,Frame_306,
16:02:16.080,-3.415,-3.192,0.561,0.020,0.550,Frame_307,
16:02:16.580,-3.426,-3.114,0.570,0.025,0.549,Frame_307,
16:02:17.080,-3.441,-3.014,0.554,-0.024,0.531,Frame_307,
16:02:17.580,-3.454,-2.925,0.573,-0.024,0.526,Frame_307,
16:02:18.080,-3.466,-2.836,0.555,0.040,0.535,Frame_307,
16:02:18.580,-3.481,-2.739,0.541,0.065,0.540,Frame_307,
16:02:19.080,-3.492,-2.665,0.519,0.036,0.571,Frame_308,
16:02:19.580,-3.505,-2.585,0.500,0.030,0.617,Frame_308,
16:02:20.080,-3.518,-2.506,0.498,-0.008,0.676,Frame_308,
16:02:20.580,-3.532,-2.427,0.506,0.027,0.692,Frame_308,
16:02:21.080,-3.547,-2.339,0.492,0.044,0.765,Frame_308,
16:02:21.579,-3.560,-2.263,0.480,0.090,0.787,Frame_308,
16:02:22.080,-3.575,-2.186,0.487,0.103,0.734,Frame_309,
16:02:22.580,-3.589,-2.118,0.507,0.128,0.647,Frame_309,
16:02:23.080,-3.607,-2.039,0.510,0.187,0.600,Frame_309,
16:02:23.580,-3.627,-1.960,0.510,0.249,0.532,Frame_309,
16:02:24.080,-3.647,-1.892,0.495,0.328,0.469,Frame_309,
16:02:24.580,-3.680,-1.798,0.505,0.393,0.451,Frame_309,
16:02:25.079,-3.712,-1.723,0.517,0.417,0.379,Frame_310,
16:02:25.580,-3.745,-1.658,0.524,0.469,0.361,Frame_310,
16:02:26.080,-3.783,-1.594,0.525,0.521,0.318,Frame_310,
16:02:26.581,-3.831,-1.525,0.523,0.529,0.303,Frame_310,
16:02:27.080,-3.878,-1.469,0.516,0.592,0.283,Frame_310,
16:02:27.580,-3.928,-1.418,0.495,0.605,0.266,Frame_310,
16:02:28.080,-3.983,-1.370,0.547,0.546,0.274,Frame_310,
16:02:28.580,-4.036,-1.330,0.561,0.496,0.301,Frame_310,
16:02:29.080,-4.112,-1.281,0.546,0.542,0.321,Frame_311,
16:02:29.580,-4.179,-1.244,0.554,0.497,0.368,Frame_311,
16:02:30.080,-4.260,-1.207,0.567,0.377,0.397,Frame_311,
16:02:30.579,-4.334,-1.178,0.577,0.280,0.439,Frame_311,
16:02:31.080,-4.423,-1.148,0.572,0.213,0.475,Frame_311,
16:02:31.582,-4.500,-1.125,0.580,0.163,0.504,Frame_311,
16:02:32.080,-4.588,-1.101,0.570,0.143,0.534,Frame_312,
16:02:32.580,-4.666,-1.081,0.585,0.107,0.563,Frame_312,
16:02:33.082,-4.733,-1.066,0.570,0.072,0.587,Frame_312,
16:02:33.580,-4.811,-1.048,0.573,0.028,0.598,Frame_312,
16:02:34.080,-4.890,-1.031,0.568,0.017,0.623,Frame_312,
16:02:34.580,-4.923,-1.024,0.568,0.036,0.623,Frame_312,
16:02:35.080,-4.979,-1.012,0.575,0.022,0.636,Frame_312,
16:02:35.579,-5.067,-0.994,0.564,0.079,0.659,Frame_312,
16:02:36.079,-5.143,-0.978,0.566,0.055,0.686,Frame_313,
16:02:36.580,-5.206,-0.967,0.123,-0.072,0.714,Frame_313,
16:02:37.080,-5.200,-0.968,-0.214,-0.098,0.703,Frame_313,
16:02:37.581,-5.161,-0.976,-0.282,-0.067,0.706,Frame_313,
16:02:38.080,-5.121,-0.985,-0.306,-0.052,0.700,Frame_313,
16:02:38.579,-5.080,-0.994,-0.302,-0.098,0.677,Frame_313,
16:02:39.079,-5.035,-1.005,-0.286,-0.121,0.675,Frame_313,
16:02:39.580,-5.002,-1.014,-0.282,-0.063,0.642,Frame_314,
16:02:40.080,-4.958,-1.026,-0.284,-0.042,0.647,Frame_314,
16:02:40.581,-4.919,-1.036,-0.285,-0.039,0.642,Frame_314,
16:02:41.081,-4.876,-1.048,-0.273,-0.050,0.615,Frame_314,
16:02:41.580,-4.840,-1.059,-0.273,-0.027,0.613,Frame_314,
16:02:42.080,-4.798,-1.071,-0.269,-0.018,0.594,Frame_314,
16:02:42.580,-4.768,-1.080,-0.259,-0.014,0.576,Frame_314,
16:02:43.080,-4.724,-1.094,-0.240,-0.037,0.568,Frame_315,
16:02:43.579,-4.692,-1.104,-0.232,-0.033,0.554,Frame_315,
16:02:44.080,-4.657,-1.115,-0.235,-0.017,0.546,Frame_315,
16:02:44.580,-4.630,-1.123,-0.223,-0.031,0.532,Frame_315,
16:02:45.082,-4.598,-1.134,-0.191,-0.050,0.517,Frame_315,
16:02:45.580,-4.569,-1.143,-0.177,-0.075,0.499,Frame_315,
16:02:46.080,-4.545,-1.151,-0.173,-0.095,0.497,Frame_316,
16:02:46.580,-4.522,-1.160,-0.171,-0.140,0.498,Frame_316,
16:02:47.080,-4.499,-1.169,-0.172,-0.292,0.468,Frame_316,
16:02:47.580,-4.499,-1.169,-0.154,-0.452,0.457,Frame_316,
16:02:48.080,-4.448,-1.192,-0.164,-0.605,0.448,Frame_316,
16:02:48.580,-4.429,-1.205,-0.150,-0.728,0.426,Frame_316,
16:02:49.080,-4.414,-1.217,-0.128,-0.834,0.411,Frame_316,
16:02:49.580,-4.402,-1.229,-0.114,-0.906,0.400,Frame_317,
16:02:50.080,-4.391,-1.243,-0.109,-0.964,0.375,Frame_317,
16:02:50.580,-4.383,-1.257,-0.069,-1.015,0.361,Frame_317,
16:02:51.080,-4.380,-1.266,-0.025,-1.061,0.346,Frame_317,
16:02:51.580,-4.380,-1.269,-0.033,-1.154,0.344,Frame_317,
16:02:52.079,-4.380,-1.275,-0.016,-1.162,0.340,Frame_317,
16:02:52.580,-4.380,-1.277,-0.003,-1.153,0.337,Frame_318,
16:02:53.080,-4.380,-1.276,0.016,-1.133,0.340,Frame_318,
16:02:53.580,-4.378,-1.273,0.040,-1.133,0.356,Frame_318,
16:02:54.080,-4.374,-1.269,0.054,-1.150,0.361,Frame_318,
16:02:54.582,-4.364,-1.262,0.130,-1.161,0.381,Frame_318,
16:02:55.080,-4.345,-1.253,0.183,-1.172,0.401,Frame_318,
16:02:55.580,-4.315,-1.244,0.275,-1.103,0.417,Frame_318,
16:02:56.080,-4.267,-1.239,0.351,-1.008,0.436,Frame_319,
16:02:56.580,-4.195,-1.245,0.384,-0.903,0.440,Frame_319,
16:02:57.080,-4.143,-1.257,0.386,-0.875,0.444,Frame_319,
16:02:57.581,-4.099,-1.272,0.412,-0.858,0.438,Frame_319,
16:02:58.080,-4.032,-1.307,0.440,-0.831,0.413,Frame_319,
16:02:58.582,-3.989,-1.337,0.439,-0.776,0.385,Frame_319,
16:02:59.080,-3.933,-1.384,0.473,-0.743,0.372,Frame_320,
16:02:59.580,-3.885,-1.436,0.427,-0.698,0.347,Frame_320,
16:03:00.080,-3.844,-1.492,0.437,-0.652,0.338,Frame_320,
16:03:00.580,-3.809,-1.552,0.436,-0.638,0.310,Frame_320,
16:03:01.079,-3.781,-1.615,0.424,-0.604,0.309,Frame_320,
16:03:01.580,-3.759,-1.682,0.466,-0.535,0.315,Frame_320,
16:03:02.080,-3.742,-1.749,0.522,-0.415,0.302,Frame_320,
16:03:02.581,-3.726,-1.832,0.531,-0.339,0.322,Frame_321,
16:03:03.080,-3.717,-1.905,0.529,-0.274,0.353,Frame_321,
16:03:03.581,-3.709,-1.990,0.534,-0.228,0.380,Frame_321,
16:03:04.080,-3.704,-2.087,0.538,-0.079,0.434,Frame_321,
16:03:04.580,-3.701,-2.184,0.551,0.006,0.498,Frame_321,
16:03:05.080,-3.698,-2.271,0.552,0.009,0.533,Frame_321,
16:03:05.580,-3.694,-2.380,0.553,0.006,0.611,Frame_322,
16:03:06.081,-3.689,-2.493,0.559,-0.006,0.696,Frame_322,
16:03:06.580,-3.686,-2.582,0.561,0.033,0.677,Frame_322,
16:03:07.080,-3.681,-2.682,0.547,0.029,0.591,Frame_322,
16:03:07.580,-3.677,-2.770,0.547,0.030,0.536,Frame_322,
16:03:08.080,-3.671,-2.879,0.549,0.004,0.468,Frame_323,
16:03:08.580,-3.664,-2.989,0.556,-0.005,0.409,Frame_323,
16:03:09.080,-3.659,-3.077,0.548,-0.008,0.355,Frame_323,
16:03:09.580,-3.653,-3.186,0.548,0.005,0.340,Frame_323,
16:03:10.080,-3.648,-3.273,0.550,0.026,0.344,Frame_323,
16:03:10.580,-3.642,-3.384,0.554,0.035,0.349,Frame_323,
16:03:11.079,-3.635,-3.483,0.552,0.037,0.348,Frame_324,
16:03:11.580,-3.629,-3.561,0.572,0.025,0.348,Frame_324,
16:03:12.080,-3.622,-3.650,0.548,0.075,0.363,Frame_324,
16:03:12.580,-3.615,-3.726,0.534,0.092,0.360,Frame_324,
16:03:13.079,-3.606,-3.810,0.521,0.075,0.365,Frame_324,
16:03:13.580,-3.598,-3.883,0.526,0.073,0.380,Frame_324,
16:03:14.079,-3.587,-3.967,0.539,0.047,0.386,Frame_325,
16:03:14.579,-3.578,-4.032,0.530,0.038,0.385,Frame_325,
16:03:15.080,-3.567,-4.116,0.545,0.044,0.397,Frame_325,
16:03:15.580,-3.557,-4.180,0.513,0.061,0.410,Frame_325,
16:03:16.080,-3.545,-4.260,0.516,0.080,0.414,Frame_325,
16:03:16.580,-3.533,-4.331,0.502,0.074,0.424,Frame_325,
16:03:17.080,-3.519,-4.409,0.484,0.076,0.434,Frame_325,
16:03:17.580,-3.507,-4.474,0.450,0.099,0.444,Frame_325,
16:03:18.080,-3.493,-4.544,0.439,0.079,0.453,Frame_326,
16:03:18.580,-3.478,-4.613,0.444,0.056,0.471,Frame_326,
16:03:19.079,-3.460,-4.692,0.461,-0.004,0.482,Frame_326,
16:03:19.580,-3.447,-4.745,0.441,-0.049,0.491,Frame_326,
16:03:20.079,-3.432,-4.812,0.423,-0.080,0.502,Frame_326,
16:03:20.580,-3.421,-4.869,0.398,-0.158,0.527,Frame_326,
16:03:21.080,-3.409,-4.932,0.386,-0.155,0.537,Frame_327,
16:03:21.580,-3.400,-4.991,0.374,-0.058,0.552,Frame_327,
16:03:22.079,-3.391,-5.050,0.363,-0.001,0.554,Frame_327,
16:03:22.580,-3.384,-5.100,0.371,0.289,0.570,Frame_327,
16:03:23.080,-3.372,-5.160,0.399,0.505,0.578,Frame_327,
16:03:23.580,-3.358,-5.212,0.386,0.586,0.578,Frame_327,
16:03:24.080,-3.337,-5.268,0.343,0.668,0.573,Frame_328,
16:03:24.582,-3.314,-5.315,0.299,0.702,0.594,Frame_328,
16:03:25.080,-3.293,-5.349,0.252,0.703,0.610,Frame_328,
16:03:25.579,-3.267,-5.382,0.209,0.702,0.630,Frame_328,
16:03:26.080,-3.252,-5.397,0.148,0.657,0.641,Frame_328,
16:03:26.580,-3.236,-5.411,0.199,0.438,0.657,Frame_328,
16:03:27.080,-3.221,-5.422,0.071,0.127,0.664,Frame_328,
16:03:27.580,-3.213,-5.428,0.128,-0.313,0.677,Frame_328,
16:03:28.080,-3.195,-5.443,0.238,-0.486,0.701,Frame_329,
16:03:28.580,-3.176,-5.460,0.310,-0.620,0.713,Frame_329,
16:03:29.080,-3.143,-5.495,0.421,-0.707,0.724,Frame_329,
16:03:29.579,-3.099,-5.552,0.519,-0.658,0.668,Frame_329,
16:03:30.080,-3.060,-5.615,0.541,-0.548,0.639,Frame_329,
16:03:30.580,-3.021,-5.691,0.533,-0.489,0.577,Frame_329,
16:03:31.080,-2.988,-5.770,0.529,-0.397,0.547,Frame_329,
16:03:31.580,-2.964,-5.838,0.516,-0.344,0.497,Frame_330,
16:03:32.080,-2.945,-5.906,0.504,-0.303,0.481,Frame_330,
16:03:32.580,-2.925,-5.985,0.519,-0.252,0.447,Frame_330,
16:03:33.080,-2.911,-6.057,0.533,-0.178,0.431,Frame_330,
16:03:33.580,-2.895,-6.150,0.522,-0.114,0.411,Frame_330,
16:03:34.080,-2.884,-6.222,0.526,-0.168,0.399,Frame_330,
16:03:34.580,-2.873,-6.304,0.494,-0.205,0.375,Frame_331,
16:03:35.080,-2.867,-6.361,0.470,-0.194,0.378,Frame_331,
16:03:35.580,-2.861,-6.443,0.441,-0.089,0.360,Frame_331,
16:03:36.079,-2.857,-6.511,0.428,0.055,0.347,Frame_331,
16:03:36.580,-2.853,-6.580,0.345,0.103,0.340,Frame_331,
16:03:37.080,-2.852,-6.600,-0.043,-0.038,0.345,Frame_331,
16:03:37.582,-2.852,-6.587,-0.069,-0.228,0.334,Frame_331,
16:03:38.080,-2.853,-6.581,0.013,-0.413,0.339,Frame_332,
16:03:38.579,-2.853,-6.584,0.017,-0.626,0.326,Frame_332,
16:03:39.080,-2.853,-6.585,0.025,-0.772,0.334,Frame_332,
16:03:39.580,-2.854,-6.590,0.045,-0.896,0.324,Frame_332,
16:03:40.080,-2.858,-6.600,0.151,-0.862,0.313,Frame_332,
16:03:40.580,-2.867,-6.617,0.211,-0.883,0.321,Frame_332,
16:03:41.079,-2.891,-6.651,0.359,-0.870,0.329,Frame_333,
16:03:41.580,-2.929,-6.693,0.508,-0.738,0.334,Frame_333,
16:03:42.081,-2.985,-6.742,0.565,-0.625,0.424,Frame_333,
16:03:42.580,-3.049,-6.790,0.578,-0.501,0.467,Frame_333,
16:03:43.080,-3.109,-6.829,0.611,-0.412,0.520,Frame_333,
16:03:43.580,-3.183,-6.871,0.604,-0.312,0.649,Frame_333,
16:03:44.080,-3.257,-6.910,0.585,-0.233,0.686,Frame_333,
16:03:44.579,-3.330,-6.944,0.573,-0.179,0.823,Frame_333,
16:03:45.080,-3.383,-6.968,0.571,-0.196,0.890,Frame_334,
16:03:45.579,-3.468,-7.003,0.570,-0.193,0.904,Frame_334,
16:03:46.080,-3.530,-7.027,0.520,-0.156,0.874,Frame_334,
16:03:46.580,-3.608,-7.055,0.513,-0.123,0.838,Frame_334,
16:03:47.079,-3.666,-7.075,0.506,-0.099,0.843,Frame_334,
16:03:47.580,-3.751,-7.103,0.490,-0.094,0.816,Frame_334,
16:03:48.081,-3.807,-7.120,0.476,-0.087,0.821,Frame_335,
16:03:48.580,-3.878,-7.141,0.448,-0.070,0.813,Frame_335,
16:03:49.080,-3.937,-7.158,0.408,-0.028,0.810,Frame_335,
16:03:49.580,-3.999,-7.175,0.387,-0.023,0.833,Frame_335,
16:03:50.080,-4.049,-7.189,0.337,0.052,0.835,Frame_335,
16:03:50.580,-4.100,-7.203,0.322,0.076,0.820,Frame_335,
16:03:51.080,-4.142,-7.215,0.300,0.043,0.817,Frame_335,
16:03:51.581,-4.187,-7.228,0.276,0.022,0.803,Frame_336,
16:03:52.080,-4.223,-7.239,0.285,0.259,0.788,Frame_336,
16:03:52.579,-4.266,-7.254,0.294,0.507,0.770,Frame_336,
16:03:53.080,-4.303,-7.270,0.267,0.721,0.768,Frame_336,
16:03:53.580,-4.330,-7.284,0.242,0.927,0.751,Frame_336,
16:03:54.080,-4.349,-7.297,0.207,1.082,0.748,Frame_336,
16:03:54.581,-4.369,-7.314,0.156,1.203,0.736,Frame_336,
16:03:55.083,-4.381,-7.328,0.084,1.270,0.732,Frame_336,
16:03:55.580,-4.385,-7.335,0.044,1.296,0.723,Frame_337,
16:03:56.080,-4.386,-7.339,0.101,1.360,0.717,Frame_337,
16:03:56.579,-4.388,-7.348,0.106,1.343,0.720,Frame_337,
16:03:57.080,-4.388,-7.361,0.044,1.325,0.708,Frame_337,
16:03:57.580,-4.388,-7.363,-0.051,1.290,0.693,Frame_337,
16:03:58.080,-4.392,-7.352,-0.101,1.219,0.704,Frame_337,
16:03:58.580,-4.404,-7.335,-0.180,1.182,0.712,Frame_338,
16:03:59.080,-4.418,-7.319,-0.240,1.088,0.725,Frame_338,
16:03:59.580,-4.444,-7.298,-0.263,1.025,0.738,Frame_338,
16:04:00.080,-4.483,-7.275,-0.297,0.919,0.749,Frame_338,
16:04:00.579,-4.526,-7.257,-0.290,0.868,0.762,Frame_338,
16:04:01.080,-4.567,-7.247,-0.319,0.805,0.758,Frame_338,
16:04:01.580,-4.610,-7.240,-0.299,0.772,0.767,Frame_338,
16:04:02.080,-4.656,-7.239,-0.296,0.736,0.764,Frame_339,
16:04:02.580,-4.704,-7.243,-0.290,0.651,0.755,Frame_339,
16:04:03.080,-4.748,-7.252,-0.277,0.574,0.729,Frame_339,
16:04:03.579,-4.790,-7.264,-0.271,0.527,0.722,Frame_339,
16:04:04.080,-4.823,-7.276,-0.239,0.460,0.690,Frame_339,
16:04:04.580,-4.862,-7.295,-0.230,0.435,0.682,Frame_339,
16:04:05.080,-4.886,-7.308,-0.211,0.424,0.664,Frame_339,
16:04:05.580,-4.913,-7.325,-0.188,0.413,0.642,Frame_340,
16:04:06.081,-4.933,-7.340,-0.177,0.419,0.637,Frame_340,
16:04:06.579,-4.954,-7.357,-0.156,0.422,0.595,Frame_340,
16:04:07.080,-4.970,-7.372,-0.148,0.427,0.594,Frame_340,
16:04:07.580,-4.987,-7.389,-0.156,0.428,0.564,Frame_340,
16:04:08.080,-4.999,-7.404,-0.115,0.475,0.551,Frame_340,
16:04:08.580,-5.007,-7.415,-0.100,0.511,0.535,Frame_340,
16:04:09.080,-5.014,-7.426,-0.061,0.561,0.518,Frame_341,
16:04:09.580,-5.017,-7.432,-0.038,0.596,0.499,Frame_341,
16:04:10.080,-5.018,-7.435,0.005,0.644,0.493,Frame_341,
16:04:10.580,-5.018,-7.433,0.030,0.688,0.494,Frame_341,
16:04:11.079,-5.016,-7.426,0.065,0.714,0.494,Frame_341,
16:04:11.580,-5.016,-7.417,0.014,0.732,0.498,Frame_341,
16:04:12.080,-5.016,-7.415,0.008,0.779,0.497,Frame_342,
16:04:12.582,-5.016,-7.415,0.007,0.811,0.496,Frame_342,
16:04:13.081,-5.016,-7.413,0.034,0.879,0.512,Frame_342,
16:04:13.580,-5.018,-7.408,0.062,0.909,0.517,Frame_342,
16:04:14.080,-5.025,-7.397,0.124,0.926,0.523,Frame_342,
16:04:14.580,-5.033,-7.386,0.211,0.898,0.543,Frame_342,
16:04:15.080,-5.059,-7.360,0.318,0.849,0.566,Frame_342,
16:04:15.580,-5.098,-7.329,0.451,0.712,0.591,Frame_343,
16:04:16.081,-5.145,-7.298,0.497,0.621,0.610,Frame_343,
16:04:16.582,-5.207,-7.265,0.506,0.498,0.678,Frame_343,
16:04:17.080,-5.272,-7.236,0.525,0.377,0.696,Frame_343,
16:04:17.580,-5.352,-7.205,0.542,0.292,0.725,Frame_343,
16:04:18.081,-5.413,-7.185,0.522,0.241,0.751,Frame_343,
16:04:18.580,-5.484,-7.164,0.531,0.237,0.777,Frame_343,
16:04:19.079,-5.563,-7.143,0.497,0.205,0.810,Frame_343,
16:04:19.580,-5.621,-7.130,0.484,0.222,0.819,Frame_344,
16:04:20.080,-5.686,-7.117,0.450,0.272,0.821,Frame_344,
16:04:20.580,-5.755,-7.106,0.417,0.238,0.827,Frame_344,
16:04:21.080,-5.814,-7.098,0.424,0.077,0.803,Frame_344,
16:04:21.580,-5.871,-7.092,0.402,0.050,0.806,Frame_344,
16:04:22.080,-5.925,-7.086,0.355,0.040,0.780,Frame_344,
16:04:22.580,-5.980,-7.080,0.336,-0.043,0.796,Frame_345,
16:04:23.080,-6.022,-7.076,0.375,-0.394,0.792,Frame_345,
16:04:23.580,-6.075,-7.067,0.391,-0.599,0.788,Frame_345,
16:04:24.080,-6.136,-7.052,0.383,-0.782,0.782,Frame_345,
16:04:24.580,-6.186,-7.034,0.366,-0.915,0.773,Frame_345,
16:04:25.079,-6.234,-7.008,0.313,-1.052,0.766,Frame_345,
16:04:25.580,-6.257,-6.991,0.250,-1.162,0.751,Frame_345,
16:04:26.080,-6.278,-6.971,0.234,-0.967,0.723,Frame_345,
16:04:26.580,-6.298,-6.947,0.170,-0.690,0.719,Frame_346,
16:04:27.080,-6.305,-6.937,0.067,-0.392,0.695,Frame_346,
16:04:27.584,-6.312,-6.926,-0.017,-0.110,0.696,Frame_346,
16:04:28.080,-6.312,-6.926,0.021,0.224,0.698,Frame_346,
16:04:28.580,-6.314,-6.923,0.032,0.508,0.690,Frame_346,
16:04:29.080,-6.317,-6.919,0.054,0.717,0.692,Frame_346,
16:04:29.580,-6.322,-6.912,0.083,0.875,0.684,Frame_346,
16:04:30.080,-6.331,-6.904,0.139,0.956,0.678,Frame_346,
16:04:30.580,-6.348,-6.890,0.237,0.955,0.660,Frame_347,
16:04:31.079,-6.382,-6.871,0.361,0.873,0.638,Frame_347,
16:04:31.580,-6.425,-6.853,0.457,0.726,0.608,Frame_347,
16:04:32.080,-6.478,-6.835,0.518,0.570,0.582,Frame_347,
16:04:32.580,-6.559,-6.815,0.531,0.415,0.564,Frame_347,
16:04:33.080,-6.633,-6.802,0.546,0.345,0.537,Frame_347,
16:04:33.579,-6.720,-6.791,0.551,0.290,0.527,Frame_348,
16:04:34.080,-6.786,-6.786,0.554,0.231,0.516,Frame_348,
16:04:34.580,-6.886,-6.781,0.545,0.182,0.510,Frame_348,
16:04:35.080,-6.997,-6.779,0.558,0.133,0.499,Frame_348,
16:04:35.580,-7.076,-6.780,0.565,0.059,0.507,Frame_348,
16:04:36.080,-7.166,-6.782,0.469,0.042,0.514,Frame_348,
16:04:36.579,-7.210,-6.783,-0.024,0.196,0.517,Frame_349,
16:04:37.079,-7.195,-6.782,-0.180,0.233,0.514,Frame_349,
16:04:37.580,-7.169,-6.779,-0.198,0.210,0.514,Frame_349,
16:04:38.080,-7.139,-6.776,-0.216,0.281,0.512,Frame_349,
16:04:38.580,-7.103,-6.770,-0.237,0.395,0.482,Frame_349,
16:04:39.080,-7.069,-6.762,-0.249,0.501,0.495,Frame_349,
16:04:39.580,-7.041,-6.754,-0.241,0.592,0.481,Frame_349,
16:04:40.080,-7.009,-6.742,-0.193,0.685,0.456,Frame_349,
16:04:40.580,-6.989,-6.732,-0.166,0.769,0.447,Frame_350,
16:04:41.080,-6.968,-6.718,-0.110,0.859,0.425,Frame_350,
16:04:41.580,-6.957,-6.709,-0.117,0.896,0.407,Frame_350,
16:04:42.080,-6.949,-6.701,-0.069,0.953,0.402,Frame_350,
16:04:42.580,-6.943,-6.694,-0.046,1.004,0.378,Frame_350,
16:04:43.082,-6.941,-6.689,-0.028,1.061,0.360,Frame_350,
16:04:43.580,-6.940,-6.686,-0.022,1.116,0.353,Frame_350,
16:04:44.079,-6.940,-6.684,-0.006,1.131,0.349,Frame_351,
16:04:44.580,-6.939,-6.680,-0.040,1.137,0.345,Frame_351,
16:04:45.080,-6.940,-6.675,-0.016,1.148,0.339,Frame_351,
16:04:45.580,-6.940,-6.674,0.013,1.170,0.327,Frame_351,
16:04:46.080,-6.939,-6.676,0.028,1.200,0.333,Frame_351,
16:04:46.580,-6.935,-6.682,0.103,1.123,0.341,Frame_351,
16:04:47.080,-6.922,-6.694,0.206,1.100,0.366,Frame_351,
16:04:47.579,-6.896,-6.713,0.276,1.015,0.375,Frame_352,
16:04:48.080,-6.862,-6.731,0.419,0.883,0.392,Frame_352,
16:04:48.580,-6.798,-6.755,0.501,0.752,0.441,Frame_352,
16:04:49.080,-6.728,-6.773,0.522,0.598,0.459,Frame_352,
16:04:49.580,-6.645,-6.786,0.549,0.456,0.482,Frame_352,
16:04:50.080,-6.569,-6.793,0.545,0.316,0.504,Frame_352,
16:04:50.580,-6.480,-6.796,0.558,0.132,0.496,Frame_352,
16:04:51.080,-6.368,-6.798,0.568,0.007,0.508,Frame_353,
16:04:51.580,-6.254,-6.799,0.561,-0.033,0.504,Frame_353,
16:04:52.079,-6.154,-6.801,0.559,-0.050,0.506,Frame_353,
16:04:52.580,-6.053,-6.803,0.548,0.051,0.504,Frame_353,
16:04:53.080,-5.943,-6.805,0.556,0.106,0.494,Frame_353,
16:04:53.580,-5.844,-6.805,0.550,0.114,0.501,Frame_354,
16:04:54.080,-5.734,-6.803,0.545,0.094,0.503,Frame_354,
16:04:54.580,-5.658,-6.800,0.547,0.057,0.498,Frame_354,
16:04:55.079,-5.570,-6.796,0.558,0.019,0.500,Frame_354,
16:04:55.580,-5.493,-6.793,0.547,-0.048,0.477,Frame_354,
16:04:56.080,-5.416,-6.789,0.551,-0.061,0.480,Frame_354,
16:04:56.580,-5.351,-6.787,0.543,-0.055,0.481,Frame_355,
16:04:57.080,-5.242,-6.784,0.543,-0.026,0.477,Frame_355,
16:04:57.580,-5.157,-6.782,0.524,-0.025,0.469,Frame_355,
16:04:58.080,-5.063,-6.781,0.515,-0.053,0.467,Frame_355,
16:04:58.580,-4.972,-6.780,0.484,-0.050,0.453,Frame_355,
16:04:59.082,-4.886,-6.780,0.451,-0.033,0.458,Frame_355,
16:04:59.580,-4.797,-6.781,0.437,0.015,0.453,Frame_356,
16:05:00.079,-4.719,-6.782,0.421,0.137,0.458,Frame_356,
16:05:00.580,-4.661,-6.781,0.414,0.162,0.462,Frame_356,
16:05:01.080,-4.589,-6.779,0.407,0.190,0.453,Frame_356,
16:05:01.580,-4.524,-6.774,0.400,0.176,0.445,Frame_356,
16:05:02.079,-4.469,-6.769,0.388,0.134,0.446,Frame_356,
16:05:02.580,-4.422,-6.764,0.374,0.124,0.451,Frame_357,
16:05:03.080,-4.364,-6.757,0.355,0.141,0.429,Frame_357,
16:05:03.580,-4.316,-6.749,0.356,0.141,0.433,Frame_357,
16:05:04.080,-4.258,-6.739,0.356,0.125,0.418,Frame_357,
16:05:04.580,-4.216,-6.731,0.358,0.172,0.420,Frame_357,
16:05:05.083,-4.159,-6.719,0.378,0.225,0.402,Frame_357,
16:05:05.580,-4.108,-6.707,0.371,0.285,0.393,Frame_357,
16:05:06.080,-4.050,-6.690,0.387,0.348,0.374,Frame_358,
16:05:06.582,-4.001,-6.673,0.363,0.469,0.362,Frame_358,
16:05:07.080,-3.952,-6.652,0.395,0.526,0.350,Frame_358,
16:05:07.580,-3.896,-6.623,0.396,0.574,0.334,Frame_358,
16:05:08.080,-3.862,-6.602,0.381,0.645,0.312,Frame_358,
16:05:08.580,-3.814,-6.567,0.366,0.679,0.308,Frame_358,
16:05:09.081,-3.775,-6.531,0.380,0.704,0.300,Frame_358,
16:05:09.579,-3.738,-6.491,0.420,0.691,0.301,Frame_359,
16:05:10.080,-3.708,-6.451,0.412,0.701,0.301,Frame_359,
16:05:10.580,-3.674,-6.395,0.438,0.647,0.308,Frame_359,
16:05:11.079,-3.643,-6.331,0.463,0.625,0.321,Frame_359,
16:05:11.580,-3.620,-6.268,0.490,0.564,0.330,Frame_359,
16:05:12.079,-3.600,-6.193,0.513,0.507,0.350,Frame_359,
16:05:12.580,-3.586,-6.121,0.560,0.408,0.370,Frame_359,
16:05:13.080,-3.574,-6.032,0.551,0.342,0.384,Frame_360,
16:05:13.580,-3.568,-5.956,0.558,0.258,0.399,Frame_360,
16:05:14.080,-3.564,-5.843,0.555,0.076,0.407,Frame_360,
16:05:14.580,-3.563,-5.733,0.556,-0.009,0.400,Frame_360,
16:05:15.080,-3.561,-5.621,0.554,-0.024,0.403,Frame_360,
16:05:15.581,-3.559,-5.521,0.544,-0.013,0.397,Frame_361,
16:05:16.079,-3.557,-5.412,0.546,0.004,0.398,Frame_361,
16:05:16.580,-3.555,-5.324,0.556,0.021,0.395,Frame_361,
16:05:17.083,-3.553,-5.213,0.566,0.008,0.404,Frame_361,
16:05:17.580,-3.551,-5.102,0.557,-0.002,0.410,Frame_361,
16:05:18.082,-3.549,-4.991,0.543,-0.005,0.408,Frame_362,
16:05:18.580,-3.547,-4.893,0.551,0.001,0.401,Frame_362,
16:05:19.079,-3.546,-4.794,0.553,-0.010,0.406,Frame_362,
16:05:19.580,-3.544,-4.693,0.558,0.010,0.400,Frame_362,
16:05:20.080,-3.542,-4.582,0.557,0.021,0.397,Frame_362,
16:05:20.585,-3.540,-4.460,0.541,0.012,0.403,Frame_362,
16:05:21.082,-3.538,-4.361,0.553,0.022,0.402,Frame_363,
16:05:21.579,-3.538,-4.252,0.546,0.015,0.396,Frame_363,
16:05:22.080,-3.537,-4.153,0.544,-0.007,0.403,Frame_363,
16:05:22.580,-3.537,-4.049,0.503,-0.027,0.410,Frame_363,
16:05:23.080,-3.536,-3.952,0.467,-0.017,0.397,Frame_363,
16:05:23.579,-3.534,-3.852,0.459,-0.005,0.401,Frame_364,
16:05:24.080,-3.533,-3.760,0.455,0.026,0.388,Frame_364,
16:05:24.580,-3.532,-3.669,0.455,0.061,0.392,Frame_364,
16:05:25.080,-3.532,-3.578,0.452,0.072,0.396,Frame_364,
16:05:25.584,-3.533,-3.487,0.445,0.102,0.388,Frame_364,
16:05:26.080,-3.535,-3.416,0.458,0.177,0.397,Frame_365,
16:05:26.580,-3.539,-3.351,0.466,0.249,0.399,Frame_365,
16:05:27.080,-3.547,-3.266,0.477,0.301,0.390,Frame_365,
16:05:27.579,-3.558,-3.193,0.460,0.439,0.382,Frame_365,
16:05:28.080,-3.575,-3.121,0.463,0.505,0.364,Frame_365,
16:05:28.580,-3.596,-3.050,0.469,0.580,0.350,Frame_365,
16:05:29.080,-3.621,-2.990,0.454,0.632,0.329,Frame_366,
16:05:29.580,-3.656,-2.923,0.504,0.567,0.312,Frame_366,
16:05:30.080,-3.698,-2.856,0.479,0.613,0.293,Frame_366,
16:05:30.580,-3.741,-2.801,0.520,0.593,0.285,Frame_366,
16:05:31.080,-3.783,-2.755,0.512,0.586,0.271,Frame_366,
16:05:31.579,-3.835,-2.705,0.516,0.542,0.287,Frame_366,
16:05:32.080,-3.890,-2.660,0.519,0.497,0.297,Frame_366,
16:05:32.580,-3.952,-2.616,0.557,0.428,0.327,Frame_367,
16:05:33.080,-4.018,-2.575,0.567,0.380,0.376,Frame_367,
16:05:33.579,-4.098,-2.532,0.568,0.338,0.402,Frame_367,
16:05:34.080,-4.159,-2.502,0.565,0.282,0.434,Frame_367,
16:05:34.580,-4.242,-2.467,0.562,0.163,0.478,Frame_367,
16:05:35.080,-4.304,-2.442,0.551,0.088,0.507,Frame_367,
16:05:35.580,-4.394,-2.407,0.520,0.064,0.542,Frame_367,
16:05:36.080,-4.453,-2.385,0.519,0.036,0.557,Frame_368,
16:05:36.580,-4.535,-2.355,0.360,0.411,0.599,Frame_368,
16:05:37.080,-4.573,-2.343,0.343,0.564,0.604,Frame_368,
16:05:37.580,-4.622,-2.331,0.442,0.517,0.635,Frame_368,
16:05:38.079,-4.695,-2.320,0.493,0.467,0.617,Frame_368,
16:05:38.580,-4.746,-2.315,0.543,0.382,0.600,Frame_368,
16:05:39.080,-4.834,-2.311,0.562,0.310,0.589,Frame_368,
16:05:39.580,-4.923,-2.311,0.552,0.326,0.591,Frame_369,
16:05:40.079,-5.022,-2.317,0.568,0.295,0.582,Frame_369,
16:05:40.579,-5.113,-2.326,0.561,0.313,0.594,Frame_369,
16:05:41.080,-5.190,-2.338,0.569,0.313,0.593,Frame_369,
16:05:41.580,-5.257,-2.351,0.559,0.296,0.588,Frame_369,
16:05:42.081,-5.345,-2.372,0.580,0.211,0.600,Frame_369,
16:05:42.580,-5.422,-2.393,0.564,0.168,0.628,Frame_369,
16:05:43.080,-5.508,-2.418,0.562,0.123,0.605,Frame_370,
16:05:43.580,-5.583,-2.442,0.560,0.095,0.597,Frame_370,
16:05:44.080,-5.667,-2.470,0.551,0.141,0.583,Frame_370,
16:05:44.580,-5.739,-2.496,0.539,0.121,0.557,Frame_370,
16:05:45.080,-5.819,-2.527,0.536,0.069,0.541,Frame_370,
16:05:45.579,-5.888,-2.554,0.529,0.063,0.538,Frame_370,
16:05:46.080,-5.965,-2.585,0.515,-0.002,0.544,Frame_371,
16:05:46.580,-6.022,-2.608,0.505,-0.003,0.545,Frame_371,
16:05:47.080,-6.053,-2.621,-0.010,0.443,0.567,Frame_371,
16:05:47.580,-6.053,-2.621,0.027,0.653,0.569,Frame_371,
16:05:48.080,-6.058,-2.624,0.078,0.765,0.583,Frame_371,
16:05:48.580,-6.069,-2.632,0.132,0.862,0.603,Frame_371,
16:05:49.080,-6.086,-2.648,0.269,0.871,0.591,Frame_371,
16:05:49.580,-6.111,-2.679,0.362,0.835,0.616,Frame_371,
16:05:50.080,-6.145,-2.733,0.448,0.750,0.605,Frame_372,
16:05:50.580,-6.174,-2.792,0.497,0.691,0.627,Frame_372,
16:05:51.080,-6.195,-2.849,0.515,0.619,0.601,Frame_372,
16:05:51.580,-6.215,-2.919,0.539,0.489,0.614,Frame_372,
16:05:52.080,-6.233,-3.003,0.557,0.384,0.618,Frame_372,
16:05:52.580,-6.246,-3.091,0.548,0.274,0.625,Frame_372,
16:05:53.080,-6.252,-3.145,0.542,0.257,0.636,Frame_373,
16:05:53.580,-6.258,-3.229,0.508,0.200,0.648,Frame_373,
16:05:54.080,-6.261,-3.290,0.502,0.151,0.654,Frame_373,
16:05:54.579,-6.263,-3.370,0.504,0.127,0.659,Frame_373,
16:05:55.080,-6.263,-3.441,0.495,0.084,0.674,Frame_373,
16:05:55.580,-6.262,-3.509,0.486,0.054,0.681,Frame_373,
16:05:56.080,-6.261,-3.573,0.354,-0.013,0.685,Frame_373,
16:05:56.580,-6.261,-3.590,-0.130,-0.257,0.679,Frame_373,
16:05:57.081,-6.260,-3.567,-0.197,-0.376,0.689,Frame_374,
16:05:57.580,-6.258,-3.538,-0.200,-0.453,0.680,Frame_374,
16:05:58.080,-6.254,-3.510,-0.236,-0.432,0.672,Frame_374,
16:05:58.580,-6.248,-3.476,-0.249,-0.398,0.664,Frame_374,
16:05:59.080,-6.240,-3.447,-0.236,-0.382,0.649,Frame_374,
16:05:59.580,-6.231,-3.416,-0.217,-0.389,0.633,Frame_374,
16:06:00.080,-6.219,-3.384,-0.204,-0.356,0.620,Frame_374,
16:06:00.579,-6.209,-3.359,-0.174,-0.445,0.594,Frame_375,
16:06:01.079,-6.196,-3.335,-0.158,-0.568,0.590,Frame_375,
16:06:01.580,-6.189,-3.323,-0.147,-0.690,0.574,Frame_375,
16:06:02.080,-6.174,-3.303,-0.157,-0.796,0.560,Frame_375,
16:06:02.580,-6.159,-3.286,-0.171,-0.882,0.545,Frame_375,
16:06:03.079,-6.143,-3.273,-0.167,-0.924,0.504,Frame_375,
16:06:03.580,-6.125,-3.261,-0.152,-0.936,0.497,Frame_375,
16:06:04.080,-6.106,-3.252,-0.140,-0.960,0.485,Frame_376,
16:06:04.580,-6.086,-3.245,-0.128,-0.966,0.441,Frame_376,
16:06:05.083,-6.076,-3.243,-0.032,-1.055,0.429,Frame_376,
16:06:05.580,-6.073,-3.243,-0.012,-1.120,0.420,Frame_376,
16:06:06.080,-6.072,-3.243,-0.000,-1.213,0.427,Frame_376,
16:06:06.580,-6.070,-3.244,-0.012,-1.251,0.423,Frame_376,
16:06:07.079,-6.069,-3.244,0.002,-1.259,0.433,Frame_376,
16:06:07.580,-6.070,-3.244,0.011,-1.267,0.446,Frame_376,
16:06:08.080,-6.072,-3.241,0.049,-1.284,0.456,Frame_377,
16:06:08.580,-6.076,-3.236,0.095,-1.255,0.463,Frame_377,
16:06:09.080,-6.083,-3.220,0.163,-1.202,0.475,Frame_377,
16:06:09.580,-6.089,-3.201,0.237,-1.133,0.499,Frame_377,
16:06:10.080,-6.093,-3.163,0.262,-1.101,0.517,Frame_377,
16:06:10.580,-6.091,-3.122,0.371,-0.988,0.524,Frame_377,
16:06:11.080,-6.077,-3.054,0.380,-1.005,0.530,Frame_378,
16:06:11.580,-6.060,-3.009,0.471,-0.855,0.510,Frame_378,
16:06:12.080,-6.024,-2.938,0.537,-0.741,0.494,Frame_378,
16:06:12.580,-5.981,-2.875,0.550,-0.637,0.474,Frame_378,
16:06:13.080,-5.926,-2.807,0.559,-0.573,0.447,Frame_378,
16:06:13.580,-5.871,-2.750,0.587,-0.416,0.433,Frame_378,
16:06:14.080,-5.801,-2.688,0.592,-0.327,0.414,Frame_378,
16:06:14.580,-5.737,-2.636,0.581,-0.318,0.406,Frame_379,
16:06:15.080,-5.661,-2.580,0.587,-0.287,0.439,Frame_379,
16:06:15.580,-5.593,-2.535,0.585,-0.197,0.434,Frame_379,
16:06:16.080,-5.514,-2.486,0.571,-0.138,0.484,Frame_379,
16:06:16.580,-5.436,-2.440,0.570,-0.117,0.519,Frame_379,
16:06:17.082,-5.357,-2.395,0.570,-0.127,0.567,Frame_379,
16:06:17.580,-5.288,-2.358,0.544,-0.151,0.608,Frame_379,
16:06:18.080,-5.202,-2.314,0.526,-0.171,0.615,Frame_380,
16:06:18.579,-5.137,-2.283,0.502,-0.152,0.584,Frame_380,
16:06:19.080,-5.065,-2.251,0.473,-0.148,0.566,Frame_380,
16:06:19.580,-5.007,-2.227,0.444,-0.167,0.533,Frame_380,
16:06:20.080,-4.942,-2.201,0.420,-0.206,0.517,Frame_380,
16:06:20.580,-4.886,-2.181,0.409,-0.205,0.486,Frame_380,
16:06:21.080,-4.824,-2.161,0.385,-0.204,0.473,Frame_381,
16:06:21.580,-4.774,-2.146,0.362,-0.215,0.448,Frame_381,
16:06:22.080,-4.718,-2.132,0.354,-0.211,0.433,Frame_381,
16:06:22.580,-4.670,-2.121,0.341,-0.185,0.422,Frame_381,
16:06:23.080,-4.617,-2.110,0.344,-0.120,0.412,Frame_381,
16:06:23.580,-4.564,-2.101,0.323,-0.096,0.414,Frame_381,
16:06:24.080,-4.521,-2.094,0.311,-0.089,0.396,Frame_381,
16:06:24.580,-4.471,-2.087,0.305,-0.080,0.391,Frame_382,
16:06:25.080,-4.429,-2.081,0.301,-0.067,0.390,Frame_382,
16:06:25.579,-4.382,-2.075,0.296,-0.052,0.389,Frame_382,
16:06:26.080,-4.342,-2.070,0.276,0.031,0.370,Frame_382,
16:06:26.585,-4.297,-2.065,0.283,0.069,0.373,Frame_382,
16:06:27.080,-4.254,-2.059,0.264,0.076,0.368,Frame_382,
16:06:27.580,-4.222,-2.054,0.258,0.069,0.374,Frame_382,
16:06:28.080,-4.182,-2.048,0.234,0.099,0.363,Frame_383,
16:06:28.580,-4.145,-2.042,0.225,0.129,0.363,Frame_383,
16:06:29.080,-4.114,-2.036,0.233,0.121,0.355,Frame_383,
16:06:29.580,-4.081,-2.029,0.278,0.177,0.360,Frame_383,
16:06:30.080,-4.038,-2.019,0.294,0.260,0.352,Frame_383,
16:06:30.581,-3.986,-2.004,0.337,0.357,0.348,Frame_383,
16:06:31.080,-3.942,-1.989,0.314,0.474,0.337,Frame_384,
16:06:31.580,-3.891,-1.967,0.295,0.536,0.332,Frame_384,
16:06:32.083,-3.856,-1.948,0.271,0.625,0.320,Frame_384,
16:06:32.580,-3.818,-1.923,0.299,0.715,0.320,Frame_384,
16:06:33.079,-3.782,-1.894,0.269,0.732,0.313,Frame_384,
16:06:33.580,-3.755,-1.866,0.263,0.759,0.312,Frame_384,
16:06:34.080,-3.729,-1.832,0.272,0.780,0.290,Frame_385,
16:06:34.580,-3.709,-1.799,0.269,0.797,0.298,Frame_385,
16:06:35.080,-3.688,-1.750,0.263,0.811,0.297,Frame_385,
16:06:35.580,-3.679,-1.715,0.271,0.823,0.307,Frame_385,
16:06:36.080,-3.673,-1.672,0.286,0.813,0.295,Frame_385,
16:06:36.579,-3.673,-1.620,0.291,0.836,0.304,Frame_385,
16:06:37.079,-3.679,-1.571,0.331,0.790,0.299,Frame_385,
16:06:37.580,-3.694,-1.517,0.373,0.811,0.294,Frame_386,
16:06:38.079,-3.718,-1.460,0.406,0.821,0.289,Frame_386,
16:06:38.580,-3.749,-1.407,0.474,0.762,0.282,Frame_386,
16:06:39.080,-3.804,-1.333,0.527,0.712,0.270,Frame_386,
16:06:39.580,-3.855,-1.278,0.527,0.639,0.282,Frame_386,
16:06:40.080,-3.918,-1.222,0.534,0.591,0.298,Frame_386,
16:06:40.580,-3.970,-1.183,0.536,0.556,0.295,Frame_387,
16:06:41.080,-4.033,-1.142,0.552,0.449,0.345,Frame_387,
16:06:41.581,-4.113,-1.099,0.588,0.341,0.384,Frame_387,
16:06:42.083,-4.186,-1.064,0.579,0.288,0.440,Frame_387,
16:06:42.579,-4.271,-1.027,0.587,0.215,0.466,Frame_387,
16:06:43.081,-4.346,-0.998,0.560,0.176,0.522,Frame_387,
16:06:43.580,-4.431,-0.968,0.562,0.140,0.534,Frame_387,
16:06:44.080,-4.508,-0.942,0.583,0.099,0.582,Frame_388,
16:06:44.579,-4.585,-0.918,0.561,0.059,0.609,Frame_388,
16:06:45.080,-4.668,-0.892,0.528,0.050,0.640,Frame_388,
16:06:45.582,-4.748,-0.868,0.514,0.023,0.674,Frame_388,
16:06:46.080,-4.818,-0.848,0.527,-0.001,0.702,Frame_388,
16:06:46.580,-4.897,-0.825,0.512,-0.024,0.722,Frame_388,
16:06:47.079,-4.956,-0.808,0.497,-0.036,0.707,Frame_388,
16:06:47.580,-5.022,-0.788,0.485,-0.015,0.697,Frame_389,
16:06:48.079,-5.095,-0.766,0.462,-0.001,0.668,Frame_389,
16:06:48.579,-5.165,-0.744,0.449,0.030,0.654,Frame_389,
16:06:49.079,-5.216,-0.729,0.418,0.050,0.637,Frame_389,
16:06:49.580,-5.287,-0.708,0.413,-0.022,0.607,Frame_389,
16:06:50.080,-5.342,-0.692,0.403,-0.049,0.596,Frame_389,
16:06:50.580,-5.404,-0.673,0.401,-0.018,0.570,Frame_390,
16:06:51.080,-5.456,-0.658,0.366,-0.023,0.554,Frame_390,
16:06:51.580,-5.509,-0.641,0.332,-0.043,0.526,Frame_390,
16:06:52.080,-5.559,-0.625,0.298,-0.060,0.498,Frame_390,
16:06:52.580,-5.604,-0.610,0.298,-0.158,0.498,Frame_390,
16:06:53.080,-5.644,-0.596,0.328,-0.389,0.475,Frame_390,
16:06:53.580,-5.697,-0.574,0.402,-0.594,0.459,Frame_390,
16:06:54.080,-5.749,-0.547,0.449,-0.713,0.430,Frame_391,
16:06:54.580,-5.810,-0.506,0.464,-0.828,0.413,Frame_391,
16:06:55.080,-5.846,-0.476,0.428,-0.903,0.402,Frame_391,
16:06:55.580,-5.889,-0.431,0.377,-0.984,0.371,Frame_391,
16:06:56.080,-5.917,-0.392,0.252,-0.808,0.350,Frame_391,
16:06:56.580,-5.936,-0.357,0.199,-0.740,0.328,Frame_391,
16:06:57.080,-5.946,-0.331,0.178,-0.599,0.323,Frame_391,
16:06:57.580,-5.957,-0.290,0.322,-0.195,0.315,Frame_392,
16:06:58.080,-5.965,-0.255,0.198,0.092,0.306,Frame_392,
16:06:58.580,-5.970,-0.233,0.029,0.425,0.292,Frame_392,
16:06:59.080,-5.971,-0.229,0.112,0.496,0.274,Frame_392,
16:06:59.580,-5.980,-0.206,0.272,0.536,0.266,Frame_392,
16:07:00.080,-5.999,-0.168,0.356,0.536,0.253,Frame_392,
16:07:00.580,-6.025,-0.123,0.387,0.499,0.246,Frame_393,
16:07:01.080,-6.051,-0.085,0.387,0.281,0.260,Frame_393,
16:07:01.580,-6.086,-0.036,0.357,-0.125,0.294,Frame_393,
16:07:02.080,-6.110,-0.003,0.336,-0.476,0.301,Frame_393,
16:07:02.579,-6.138,0.041,0.307,-0.710,0.356,Frame_393,
16:07:03.080,-6.156,0.077,0.263,-0.886,0.363,Frame_393,
16:07:03.583,-6.168,0.109,0.223,-0.964,0.398,Frame_393,
16:07:04.082,-6.174,0.140,0.160,-1.027,0.408,Frame_394,
16:07:04.579,-6.175,0.165,0.111,-1.030,0.421,Frame_394,
16:07:05.080,-6.174,0.175,0.051,-1.025,0.409,Frame_394,
16:07:05.579,-6.172,0.181,0.019,-1.000,0.441,Frame_394,
16:07:06.080,-6.172,0.181,-0.024,-0.897,0.434,Frame_394,
16:07:06.580,-6.174,0.178,-0.036,-0.592,0.450,Frame_394,
16:07:07.080,-6.180,0.170,-0.097,-0.309,0.456,Frame_394,
16:07:07.580,-6.188,0.160,-0.113,-0.084,0.472,Frame_395,
16:07:08.081,-6.199,0.148,-0.112,0.111,0.479,Frame_395,
16:07:08.580,-6.208,0.137,-0.054,0.401,0.489,Frame_395,
16:07:09.080,-6.212,0.132,-0.043,0.553,0.492,Frame_395,
16:07:09.580,-6.215,0.127,-0.027,0.726,0.499,Frame_395,
16:07:10.080,-6.216,0.124,-0.019,0.848,0.500,Frame_395,
16:07:10.580,-6.217,0.122,0.008,0.953,0.489,Frame_395,
16:07:11.079,-6.217,0.123,0.016,1.031,0.477,Frame_396,
16:07:11.580,-6.217,0.126,0.031,1.062,0.477,Frame_396,
16:07:12.083,-6.218,0.133,0.088,1.067,0.460,Frame_396,
16:07:12.580,-6.222,0.149,0.177,1.052,0.433,Frame_396,
16:07:13.080,-6.235,0.177,0.342,0.959,0.449,Frame_396,
16:07:13.580,-6.261,0.220,0.444,0.891,0.452,Frame_396,
16:07:14.080,-6.302,0.271,0.497,0.815,0.477,Frame_396,
16:07:14.580,-6.354,0.322,0.556,0.633,0.507,Frame_397,
16:07:15.080,-6.424,0.380,0.576,0.529,0.563,Frame_397,
16:07:15.580,-6.471,0.413,0.574,0.428,0.599,Frame_397,
16:07:16.080,-6.528,0.449,0.555,0.453,0.643,Frame_397,
16:07:16.579,-6.584,0.481,0.342,0.452,0.728,Frame_397,
16:07:17.080,-6.597,0.488,-0.161,0.505,0.759,Frame_397,
16:07:17.580,-6.573,0.479,-0.228,0.566,0.749,Frame_397,
16:07:18.080,-6.546,0.470,-0.134,0.685,0.709,Frame_397,
16:07:18.580,-6.530,0.466,-0.055,0.795,0.683,Frame_398,
16:07:19.080,-6.526,0.466,-0.019,0.901,0.689,Frame_398,
16:07:19.581,-6.522,0.466,-0.038,0.991,0.668,Frame_398,
16:07:20.080,-6.518,0.467,-0.014,1.034,0.672,Frame_398,
16:07:20.580,-6.516,0.467,-0.012,1.112,0.650,Frame_398,
16:07:21.080,-6.515,0.468,0.011,1.156,0.658,Frame_398,
16:07:21.580,-6.517,0.467,0.019,1.169,0.664,Frame_398,
16:07:22.080,-6.520,0.463,0.045,1.195,0.666,Frame_399,
16:07:22.580,-6.523,0.458,0.066,1.191,0.678,Frame_399,
16:07:23.080,-6.528,0.448,0.106,1.164,0.701,Frame_399,
16:07:23.580,-6.533,0.430,0.228,1.085,0.706,Frame_399,
16:07:24.080,-6.536,0.390,0.350,1.018,0.733,Frame_399,
16:07:24.580,-6.534,0.335,0.464,0.933,0.747,Frame_399,
16:07:25.080,-6.519,0.259,0.519,0.820,0.745,Frame_399,
16:07:25.580,-6.496,0.188,0.559,0.694,0.749,Frame_400,
16:07:26.080,-6.464,0.115,0.571,0.622,0.728,Frame_400,
16:07:26.582,-6.414,0.026,0.567,0.535,0.721,Frame_400,
16:07:27.080,-6.362,-0.049,0.583,0.474,0.673,Frame_400,
16:07:27.580,-6.319,-0.104,0.590,0.423,0.644,Frame_400,
16:07:28.079,-6.263,-0.166,0.592,0.390,0.583,Frame_400,
16:07:28.580,-6.205,-0.225,0.588,0.342,0.549,Frame_401,
16:07:29.080,-6.154,-0.271,0.568,0.349,0.517,Frame_401,
16:07:29.580,-6.086,-0.328,0.552,0.341,0.465,Frame_401,
16:07:30.080,-6.023,-0.375,0.567,0.329,0.430,Frame_401,
16:07:30.580,-5.977,-0.408,0.583,0.311,0.403,Frame_401,
16:07:31.080,-5.899,-0.457,0.570,0.302,0.359,Frame_401,
16:07:31.580,-5.829,-0.497,0.574,0.272,0.355,Frame_401,
16:07:32.080,-5.747,-0.539,0.573,0.314,0.354,Frame_402,
16:07:32.580,-5.663,-0.577,0.580,0.249,0.380,Frame_402,
16:07:33.080,-5.576,-0.613,0.603,0.178,0.415,Frame_402,
16:07:33.580,-5.497,-0.643,0.606,0.130,0.459,Frame_402,
16:07:34.079,-5.406,-0.674,0.586,0.091,0.496,Frame_402,
16:07:34.580,-5.329,-0.700,0.588,0.052,0.511,Frame_402,
16:07:35.080,-5.240,-0.730,0.582,0.055,0.564,Frame_402,
16:07:35.580,-5.163,-0.754,0.566,0.038,0.588,Frame_403,
16:07:36.080,-5.077,-0.781,0.559,0.035,0.629,Frame_403,
16:07:36.580,-5.003,-0.803,0.554,0.037,0.656,Frame_403,
16:07:37.080,-4.913,-0.830,0.484,-0.016,0.705,Frame_403,
16:07:37.580,-4.850,-0.850,0.473,-0.038,0.736,Frame_403,
16:07:38.080,-4.780,-0.871,0.436,-0.016,0.717,Frame_403,
16:07:38.579,-4.712,-0.892,0.451,-0.022,0.677,Frame_403,
16:07:39.080,-4.654,-0.911,0.396,0.019,0.671,Frame_404,
16:07:39.581,-4.587,-0.931,0.392,0.022,0.621,Frame_404,
16:07:40.080,-4.542,-0.945,0.395,0.045,0.606,Frame_404,
16:07:40.580,-4.465,-0.969,0.407,0.036,0.584,Frame_404,
16:07:41.080,-4.419,-0.982,0.393,0.029,0.560,Frame_404,
16:07:41.584,-4.350,-1.002,0.396,0.002,0.543,Frame_404,
16:07:42.082,-4.298,-1.017,0.374,-0.010,0.508,Frame_405,
16:07:42.580,-4.241,-1.034,0.350,-0.039,0.496,Frame_405,
16:07:43.080,-4.189,-1.050,0.339,-0.058,0.468,Frame_405,
16:07:43.579,-4.137,-1.066,0.334,-0.092,0.439,Frame_405,
16:07:44.080,-4.093,-1.080,0.312,-0.110,0.430,Frame_405,
16:07:44.580,-4.047,-1.095,0.284,-0.115,0.419,Frame_405,
16:07:45.080,-4.010,-1.109,0.279,-0.134,0.397,Frame_406,
16:07:45.580,-3.972,-1.123,0.276,-0.164,0.373,Frame_406,
16:07:46.079,-3.929,-1.141,0.334,-0.238,0.358,Frame_406,
16:07:46.580,-3.885,-1.160,0.347,-0.302,0.350,Frame_406,
16:07:47.080,-3.837,-1.185,0.330,-0.359,0.321,Frame_406,
16:07:47.580,-3.800,-1.206,0.302,-0.445,0.311,Frame_406,
16:07:48.080,-3.766,-1.229,0.265,-0.523,0.298,Frame_406,
16:07:48.580,-3.737,-1.251,0.264,-0.590,0.279,Frame_406,
16:07:49.080,-3.707,-1.279,0.249,-0.677,0.290,Frame_407,
16:07:49.580,-3.680,-1.310,0.264,-0.712,0.297,Frame_407,
16:07:50.079,-3.659,-1.340,0.264,-0.739,0.294,Frame_407,
16:07:50.580,-3.638,-1.377,0.280,-0.725,0.289,Frame_407,
16:07:51.080,-3.623,-1.413,0.301,-0.732,0.299,Frame_407,
16:07:51.581,-3.609,-1.460,0.275,-0.755,0.306,Frame_407,
16:07:52.079,-3.603,-1.498,0.272,-0.778,0.308,Frame_408,
16:07:52.580,-3.600,-1.545,0.320,-0.778,0.308,Frame_408,
16:07:53.080,-3.603,-1.590,0.326,-0.788,0.313,Frame_408,
16:07:53.580,-3.612,-1.642,0.339,-0.825,0.319,Frame_408,
16:07:54.080,-3.624,-1.682,0.373,-0.836,0.315,Frame_408,
16:07:54.580,-3.651,-1.741,0.355,-0.879,0.318,Frame_408,
16:07:55.080,-3.672,-1.776,0.358,-0.862,0.323,Frame_408,
16:07:55.580,-3.717,-1.831,0.447,-0.772,0.318,Frame_409,
16:07:56.080,-3.757,-1.870,0.490,-0.680,0.330,Frame_409,
16:07:56.580,-3.802,-1.907,0.149,-0.870,0.339,Frame_409,
16:07:57.080,-3.796,-1.904,-0.218,-0.729,0.342,Frame_409,
16:07:57.580,-3.762,-1.887,-0.235,-0.698,0.360,Frame_409,
16:07:58.080,-3.734,-1.877,-0.186,-0.688,0.368,Frame_409,
16:07:58.580,-3.709,-1.870,-0.180,-0.647,0.389,Frame_409,
16:07:59.082,-3.683,-1.866,-0.136,-0.635,0.400,Frame_410,
16:07:59.580,-3.661,-1.864,-0.087,-0.603,0.428,Frame_410,
16:08:00.082,-3.645,-1.865,-0.089,-0.563,0.438,Frame_410,
16:08:00.580,-3.632,-1.866,0.002,-0.610,0.455,Frame_410,
16:08:01.080,-3.629,-1.867,-0.024,-0.655,0.469,Frame_410,
16:08:01.580,-3.626,-1.868,-0.071,-0.647,0.469,Frame_410,
16:08:02.080,-3.620,-1.870,-0.024,-0.723,0.477,Frame_410,
16:08:02.580,-3.618,-1.871,-0.011,-0.783,0.470,Frame_411,
16:08:03.080,-3.617,-1.872,-0.002,-0.816,0.483,Frame_411,
16:08:03.581,-3.617,-1.872,-0.002,-0.843,0.470,Frame_411,
16:08:04.080,-3.617,-1.871,0.018,-0.842,0.483,Frame_411,
16:08:04.580,-3.619,-1.869,0.029,-0.783,0.485,Frame_411,
16:08:05.080,-3.622,-1.865,0.043,-0.787,0.465,Frame_411,
16:08:05.580,-3.625,-1.858,0.051,-0.698,0.464,Frame_411,
16:08:06.081,-3.628,-1.849,0.058,-0.607,0.444,Frame_412,
16:08:06.580,-3.629,-1.843,0.091,-0.548,0.455,Frame_412,
16:08:07.080,-3.631,-1.826,0.099,-0.502,0.428,Frame_412,
16:08:07.580,-3.632,-1.809,0.109,-0.448,0.416,Frame_412,
16:08:08.080,-3.632,-1.795,0.124,-0.395,0.406,Frame_412,
16:08:08.579,-3.630,-1.770,0.148,-0.298,0.377,Frame_412,
16:08:09.080,-3.627,-1.747,0.171,-0.233,0.357,Frame_413,
16:08:09.580,-3.622,-1.720,0.195,-0.153,0.337,Frame_413,
16:08:10.079,-3.617,-1.691,0.209,-0.054,0.332,Frame_413,
16:08:10.580,-3.610,-1.657,0.272,0.135,0.319,Frame_413,
16:08:11.080,-3.603,-1.618,0.309,0.320,0.302,Frame_413,
16:08:11.580,-3.597,-1.574,0.317,0.505,0.291,Frame_413,
16:08:12.080,-3.594,-1.523,0.331,0.605,0.282,Frame_413,
16:08:12.580,-3.596,-1.480,0.290,0.756,0.295,Frame_413,
16:08:13.080,-3.604,-1.427,0.320,0.796,0.282,Frame_414,
16:08:13.580,-3.616,-1.384,0.353,0.822,0.283,Frame_414,
16:08:14.080,-3.639,-1.330,0.398,0.825,0.289,Frame_414,
16:08:14.580,-3.659,-1.295,0.426,0.844,0.290,Frame_414,
16:08:15.080,-3.689,-1.252,0.478,0.757,0.292,Frame_414,
16:08:15.580,-3.734,-1.198,0.533,0.688,0.291,Frame_414,
16:08:16.080,-3.789,-1.144,0.566,0.551,0.316,Frame_415,
16:08:16.579,-3.860,-1.087,0.569,0.387,0.333,Frame_415,
16:08:17.079,-3.915,-1.047,0.565,0.394,0.353,Frame_415,
16:08:17.580,-3.972,-1.009,0.581,0.377,0.372,Frame_415,
16:08:18.080,-4.053,-0.962,0.587,0.307,0.427,Frame_415,
16:08:18.580,-4.136,-0.919,0.570,0.220,0.466,Frame_415,
16:08:19.080,-4.208,-0.885,0.571,0.145,0.534,Frame_415,
16:08:19.580,-4.280,-0.853,0.558,0.086,0.567,Frame_415,
16:08:20.080,-4.341,-0.827,0.551,0.046,0.587,Frame_416,
16:08:20.579,-4.421,-0.793,0.538,0.045,0.636,Frame_416,
16:08:21.080,-4.480,-0.768,0.541,0.036,0.651,Frame_416,
16:08:21.580,-4.541,-0.743,0.555,0.050,0.705,Frame_416,
16:08:22.086,-4.623,-0.710,0.538,0.076,0.728,Frame_416,
16:08:22.580,-4.693,-0.683,0.532,0.144,0.703,Frame_416,
16:08:23.080,-4.762,-0.657,0.523,0.138,0.653,Frame_416,
16:08:23.580,-4.831,-0.633,0.516,0.149,0.619,Frame_417,
16:08:24.079,-4.909,-0.607,0.509,0.152,0.586,Frame_417,
16:08:24.580,-4.979,-0.587,0.528,0.149,0.573,Frame_417,
16:08:25.080,-5.050,-0.567,0.518,0.143,0.527,Frame_417,
16:08:25.580,-5.130,-0.547,0.511,0.129,0.509,Frame_417,
16:08:26.080,-5.200,-0.530,0.523,0.111,0.479,Frame_417,
16:08:26.580,-5.282,-0.513,0.535,0.069,0.460,Frame_417,
16:08:27.079,-5.356,-0.497,0.541,0.007,0.429,Frame_418,
16:08:27.580,-5.421,-0.484,0.561,-0.058,0.415,Frame_418,
16:08:28.080,-5.499,-0.468,0.583,-0.140,0.399,Frame_418,
16:08:28.580,-5.589,-0.447,0.579,-0.198,0.369,Frame_418,
16:08:29.080,-5.667,-0.427,0.587,-0.263,0.348,Frame_418,
16:08:29.579,-5.757,-0.400,0.581,-0.295,0.310,Frame_418,
16:08:30.080,-5.844,-0.369,0.590,-0.322,0.302,Frame_419,
16:08:30.579,-5.909,-0.343,0.579,-0.331,0.310,Frame_419,
16:08:31.080,-5.984,-0.310,0.587,-0.347,0.320,Frame_419,
16:08:31.580,-6.057,-0.272,0.587,-0.362,0.343,Frame_419,
16:08:32.080,-6.130,-0.231,0.608,-0.339,0.396,Frame_419,
16:08:32.580,-6.202,-0.184,0.615,-0.235,0.427,Frame_419,
16:08:33.080,-6.263,-0.142,0.628,-0.198,0.478,Frame_419,
16:08:33.579,-6.314,-0.106,0.611,-0.149,0.552,Frame_419,
16:08:34.079,-6.372,-0.062,0.604,-0.126,0.601,Frame_419,
16:08:34.579,-6.438,-0.011,0.584,-0.020,0.654,Frame_420,
16:08:35.081,-6.495,0.033,0.618,0.016,0.690,Frame_420,
16:08:35.580,-6.545,0.071,0.615,0.018,0.737,Frame_420,
16:08:36.080,-6.612,0.123,0.607,0.019,0.639,Frame_420,
16:08:36.580,-6.671,0.168,0.294,0.071,0.607,Frame_420,
16:08:37.080,-6.683,0.177,-0.096,-0.171,0.578,Frame_420,
16:08:37.580,-6.671,0.168,-0.202,-0.032,0.561,Frame_420,
16:08:38.080,-6.651,0.152,-0.217,0.029,0.598,Frame_421,
16:08:38.580,-6.627,0.134,-0.220,0.057,0.591,Frame_421,
16:08:39.080,-6.610,0.121,-0.210,0.056,0.609,Frame_421,
16:08:39.580,-6.585,0.102,-0.235,-0.024,0.623,Frame_421,
16:08:40.080,-6.567,0.088,-0.232,-0.086,0.640,Frame_421,
16:08:40.580,-6.548,0.074,-0.224,-0.053,0.671,Frame_421,
16:08:41.080,-6.524,0.055,-0.208,-0.013,0.692,Frame_421,
16:08:41.580,-6.505,0.040,-0.209,0.017,0.708,Frame_421,
16:08:42.080,-6.482,0.023,-0.185,0.004,0.727,Frame_422,
16:08:42.580,-6.464,0.009,-0.192,-0.017,0.723,Frame_422,
16:08:43.080,-6.443,-0.008,-0.204,-0.066,0.708,Frame_422,
16:08:43.580,-6.417,-0.029,-0.194,-0.067,0.681,Frame_422,
16:08:44.079,-6.400,-0.043,-0.164,-0.084,0.660,Frame_422,
16:08:44.580,-6.381,-0.058,-0.183,-0.097,0.651,Frame_422,
16:08:45.080,-6.360,-0.076,-0.276,0.070,0.645,Frame_422,
16:08:45.580,-6.334,-0.097,-0.286,0.133,0.624,Frame_422,
16:08:46.080,-6.303,-0.123,-0.292,0.193,0.567,Frame_423,
16:08:46.580,-6.270,-0.148,-0.287,0.174,0.561,Frame_423,
16:08:47.080,-6.243,-0.168,-0.276,0.150,0.540,Frame_423,
16:08:47.579,-6.216,-0.187,-0.257,0.051,0.499,Frame_423,
16:08:48.080,-6.195,-0.201,-0.247,-0.022,0.489,Frame_423,
16:08:48.579,-6.168,-0.220,-0.223,-0.076,0.473,Frame_423,
16:08:49.080,-6.147,-0.236,-0.226,-0.115,0.448,Frame_423,
16:08:49.580,-6.129,-0.248,-0.212,-0.083,0.440,Frame_423,
16:08:50.080,-6.111,-0.262,-0.223,-0.040,0.442,Frame_424,
16:08:50.579,-6.086,-0.281,-0.221,-0.016,0.428,Frame_424,
16:08:51.082,-6.063,-0.298,-0.192,-0.075,0.395,Frame_424,
16:08:51.580,-6.045,-0.312,-0.205,-0.163,0.399,Frame_424,
16:08:52.080,-6.027,-0.326,-0.226,-0.191,0.405,Frame_424,
16:08:52.580,-5.999,-0.349,-0.245,-0.306,0.400,Frame_424,
16:08:53.080,-5.973,-0.373,-0.259,-0.409,0.386,Frame_424,
16:08:53.580,-5.949,-0.398,-0.232,-0.494,0.401,Frame_424,
16:08:54.080,-5.926,-0.425,-0.200,-0.628,0.409,Frame_425,
16:08:54.580,-5.914,-0.443,-0.158,-0.725,0.434,Frame_425,
16:08:55.080,-5.902,-0.463,-0.095,-0.804,0.440,Frame_425,
16:08:55.580,-5.898,-0.471,-0.033,-0.919,0.465,Frame_425,
16:08:56.080,-5.897,-0.475,-0.025,-0.993,0.473,Frame_425,
16:08:56.580,-5.897,-0.479,-0.015,-1.054,0.466,Frame_425,
16:08:57.080,-5.897,-0.483,-0.050,-1.081,0.478,Frame_425,
16:08:57.580,-5.898,-0.488,-0.028,-1.116,0.479,Frame_426,
16:08:58.080,-5.899,-0.491,-0.015,-1.138,0.496,Frame_426,
16:08:58.580,-5.899,-0.492,0.001,-1.188,0.494,Frame_426,
16:08:59.079,-5.898,-0.491,0.022,-1.195,0.484,Frame_426,
16:08:59.580,-5.896,-0.488,0.041,-1.173,0.501,Frame_426,
16:09:00.080,-5.891,-0.485,0.086,-1.158,0.480,Frame_426,
16:09:00.580,-5.875,-0.477,0.159,-1.099,0.467,Frame_426,
16:09:01.080,-5.857,-0.471,0.253,-1.043,0.450,Frame_427,
16:09:01.580,-5.806,-0.462,0.381,-0.943,0.398,Frame_427,
16:09:02.080,-5.738,-0.461,0.491,-0.788,0.349,Frame_427,
16:09:02.580,-5.657,-0.470,0.547,-0.654,0.328,Frame_427,
16:09:03.080,-5.579,-0.487,0.596,-0.402,0.328,Frame_427,
16:09:03.580,-5.487,-0.512,0.602,-0.212,0.338,Frame_427,
16:09:04.079,-5.397,-0.541,0.587,-0.144,0.382,Frame_428,
16:09:04.581,-5.318,-0.569,0.588,-0.118,0.410,Frame_428,
16:09:05.080,-5.241,-0.597,0.584,-0.042,0.445,Frame_428,
16:09:05.581,-5.151,-0.630,0.603,0.015,0.468,Frame_428,
16:09:06.080,-5.084,-0.655,0.592,0.005,0.520,Frame_428,
16:09:06.580,-4.985,-0.692,0.566,-0.021,0.549,Frame_428,
16:09:07.080,-4.902,-0.724,0.526,-0.012,0.606,Frame_428,
16:09:07.580,-4.825,-0.753,0.493,0.009,0.632,Frame_429,
16:09:08.080,-4.753,-0.780,0.490,-0.018,0.671,Frame_429,
16:09:08.580,-4.691,-0.803,0.455,-0.041,0.692,Frame_429,
16:09:09.080,-4.627,-0.828,0.399,-0.036,0.729,Frame_429,
16:09:09.580,-4.583,-0.845,0.402,0.011,0.728,Frame_429,
16:09:10.080,-4.514,-0.872,0.412,0.036,0.681,Frame_429,
16:09:10.580,-4.462,-0.892,0.398,0.024,0.662,Frame_429,
16:09:11.080,-4.402,-0.915,0.399,0.002,0.633,Frame_430,
16:09:11.580,-4.344,-0.937,0.388,-0.011,0.589,Frame_430,
16:09:12.080,-4.295,-0.956,0.360,-0.027,0.582,Frame_430,
16:09:12.580,-4.242,-0.976,0.353,-0.046,0.556,Frame_430,
16:09:13.080,-4.190,-0.996,0.340,-0.068,0.540,Frame_430,
16:09:13.580,-4.146,-1.014,0.335,-0.075,0.491,Frame_430,
16:09:14.082,-4.098,-1.034,0.302,-0.095,0.495,Frame_431,
16:09:14.580,-4.054,-1.054,0.309,-0.108,0.458,Frame_431,
16:09:15.080,-4.015,-1.071,0.294,-0.141,0.450,Frame_431,
16:09:15.580,-3.974,-1.091,0.270,-0.157,0.424,Frame_431,
16:09:16.080,-3.940,-1.109,0.273,-0.194,0.404,Frame_431,
16:09:16.580,-3.902,-1.129,0.252,-0.207,0.380,Frame_431,
16:09:17.080,-3.871,-1.148,0.257,-0.245,0.349,Frame_431,
16:09:17.580,-3.832,-1.172,0.262,-0.264,0.345,Frame_432,
16:09:18.082,-3.805,-1.192,0.317,-0.361,0.332,Frame_432,
16:09:18.580,-3.774,-1.215,0.330,-0.395,0.324,Frame_432,
16:09:19.080,-3.735,-1.248,0.311,-0.492,0.313,Frame_432,
16:09:19.580,-3.705,-1.278,0.287,-0.535,0.301,Frame_432,
16:09:20.080,-3.675,-1.313,0.296,-0.590,0.293,Frame_432,
16:09:20.580,-3.651,-1.347,0.314,-0.642,0.289,Frame_432,
16:09:21.080,-3.626,-1.390,0.289,-0.669,0.292,Frame_433,
16:09:21.580,-3.610,-1.426,0.263,-0.697,0.300,Frame_433,
16:09:22.080,-3.596,-1.467,0.280,-0.712,0.293,Frame_433,
16:09:22.579,-3.588,-1.505,0.304,-0.735,0.303,Frame_433,
16:09:23.080,-3.583,-1.553,0.299,-0.755,0.310,Frame_433,
16:09:23.580,-3.583,-1.602,0.304,-0.781,0.314,Frame_433,
16:09:24.079,-3.590,-1.650,0.294,-0.845,0.318,Frame_433,
16:09:24.580,-3.598,-1.682,0.233,-0.921,0.318,Frame_434,
16:09:25.082,-3.613,-1.718,0.276,-0.931,0.317,Frame_434,
16:09:25.580,-3.630,-1.749,0.353,-0.908,0.333,Frame_434,
16:09:26.080,-3.661,-1.790,0.412,-0.836,0.335,Frame_434,
16:09:26.582,-3.708,-1.839,0.479,-0.680,0.334,Frame_434,
16:09:27.080,-3.761,-1.884,0.546,-0.559,0.336,Frame_434,
16:09:27.579,-3.834,-1.936,0.565,-0.489,0.341,Frame_435,
16:09:28.080,-3.882,-1.966,0.561,-0.408,0.365,Frame_435,
16:09:28.581,-3.962,-2.010,0.583,-0.351,0.385,Frame_435,
16:09:29.080,-4.035,-2.045,0.583,-0.263,0.404,Frame_435,
16:09:29.580,-4.122,-2.082,0.604,-0.196,0.434,Frame_435,
16:09:30.080,-4.201,-2.114,0.606,-0.100,0.473,Frame_435,
16:09:30.580,-4.268,-2.139,0.597,-0.077,0.512,Frame_435,
16:09:31.080,-4.357,-2.172,0.591,-0.005,0.525,Frame_436,
16:09:31.580,-4.434,-2.200,0.574,0.021,0.542,Frame_436,
16:09:32.081,-4.506,-2.227,0.536,0.002,0.565,Frame_436,
16:09:32.580,-4.576,-2.252,0.518,0.007,0.590,Frame_436,
16:09:33.080,-4.662,-2.284,0.496,-0.008,0.610,Frame_436,
16:09:33.580,-4.726,-2.308,0.468,0.020,0.637,Frame_436,
16:09:34.080,-4.778,-2.327,0.457,0.032,0.617,Frame_436,
16:09:34.580,-4.847,-2.353,0.449,0.036,0.595,Frame_436,
16:09:35.079,-4.897,-2.372,0.437,0.005,0.589,Frame_437,
16:09:35.580,-4.961,-2.396,0.423,0.018,0.560,Frame_437,
16:09:36.081,-5.008,-2.414,0.416,0.034,0.550,Frame_437,
16:09:36.580,-5.076,-2.441,0.394,0.032,0.519,Frame_437,
16:09:37.080,-5.120,-2.458,0.382,0.059,0.516,Frame_437,
16:09:37.580,-5.169,-2.477,0.372,0.082,0.500,Frame_437,
16:09:38.080,-5.225,-2.501,0.372,0.063,0.483,Frame_438,
16:09:38.580,-5.259,-2.515,0.367,0.093,0.461,Frame_438,
16:09:39.080,-5.313,-2.538,0.368,0.163,0.445,Frame_438,
16:09:39.580,-5.360,-2.560,0.372,0.254,0.438,Frame_438,
16:09:40.080,-5.413,-2.587,0.387,0.341,0.410,Frame_438,
16:09:40.580,-5.460,-2.613,0.380,0.425,0.410,Frame_438,
16:09:41.080,-5.511,-2.647,0.378,0.493,0.379,Frame_438,
16:09:41.580,-5.553,-2.679,0.405,0.571,0.346,Frame_439,
16:09:42.080,-5.601,-2.723,0.421,0.600,0.333,Frame_439,
16:09:42.582,-5.642,-2.767,0.444,0.610,0.306,Frame_439,
16:09:43.079,-5.687,-2.826,0.456,0.628,0.283,Frame_439,
16:09:43.580,-5.716,-2.872,0.448,0.622,0.285,Frame_439,
16:09:44.080,-5.744,-2.925,0.450,0.580,0.292,Frame_439,
16:09:44.580,-5.772,-2.993,0.475,0.552,0.286,Frame_439,
16:09:45.080,-5.793,-3.057,0.503,0.434,0.301,Frame_440,
16:09:45.580,-5.813,-3.136,0.507,0.353,0.323,Frame_440,
16:09:46.081,-5.825,-3.196,0.308,0.192,0.331,Frame_440,
16:09:46.580,-5.829,-3.222,0.044,-0.066,0.368,Frame_440,
16:09:47.080,-5.829,-3.224,-0.031,-0.338,0.361,Frame_440,
16:09:47.580,-5.828,-3.218,-0.044,-0.506,0.350,Frame_440,
16:09:48.080,-5.826,-3.213,-0.038,-0.654,0.352,Frame_440,
16:09:48.580,-5.825,-3.208,-0.031,-0.786,0.355,Frame_441,
16:09:49.080,-5.823,-3.205,-0.025,-0.889,0.335,Frame_441,
16:09:49.581,-5.821,-3.202,-0.020,-0.929,0.333,Frame_441,
16:09:50.080,-5.819,-3.199,-0.018,-1.008,0.324,Frame_441,
16:09:50.579,-5.818,-3.198,-0.010,-1.037,0.299,Frame_441,
16:09:51.080,-5.816,-3.197,-0.017,-1.070,0.314,Frame_441,
16:09:51.579,-5.814,-3.196,-0.010,-1.073,0.297,Frame_441,
16:09:52.080,-5.813,-3.196,-0.026,-1.102,0.302,Frame_441,
16:09:52.580,-5.811,-3.195,0.000,-1.113,0.301,Frame_442,
16:09:53.080,-5.810,-3.195,-0.007,-1.118,0.298,Frame_442,
16:09:53.579,-5.809,-3.196,0.008,-1.129,0.298,Frame_442,
16:09:54.080,-5.811,-3.195,0.009,-1.127,0.317,Frame_442,
16:09:54.581,-5.810,-3.195,0.009,-1.198,0.315,Frame_442,
16:09:55.079,-5.812,-3.194,0.020,-1.221,0.326,Frame_442,
16:09:55.580,-5.815,-3.191,0.046,-1.252,0.336,Frame_442,
16:09:56.080,-5.820,-3.184,0.112,-1.225,0.342,Frame_443,
16:09:56.580,-5.827,-3.170,0.168,-1.201,0.357,Frame_443,
16:09:57.080,-5.834,-3.146,0.202,-1.149,0.378,Frame_443,
16:09:57.580,-5.838,-3.114,0.287,-1.077,0.396,Frame_443,
16:09:58.080,-5.836,-3.065,0.351,-0.992,0.405,Frame_443,
16:09:58.579,-5.823,-3.002,0.370,-0.930,0.405,Frame_443,
16:09:59.080,-5.808,-2.960,0.401,-0.874,0.405,Frame_443,
16:09:59.580,-5.777,-2.899,0.461,-0.859,0.373,Frame_444,
16:10:00.080,-5.738,-2.843,0.524,-0.766,0.383,Frame_444,
16:10:00.580,-5.688,-2.784,0.574,-0.617,0.352,Frame_444,
16:10:01.080,-5.622,-2.719,0.597,-0.510,0.350,Frame_444,
16:10:01.580,-5.558,-2.667,0.580,-0.506,0.360,Frame_444,
16:10:02.080,-5.483,-2.613,0.581,-0.497,0.348,Frame_444,
16:10:02.580,-5.424,-2.577,0.537,-0.568,0.402,Frame_444,
16:10:03.080,-5.340,-2.535,0.520,-0.527,0.410,Frame_445,
16:10:03.579,-5.261,-2.504,0.547,-0.401,0.463,Frame_445,
16:10:04.080,-5.188,-2.480,0.564,-0.299,0.483,Frame_445,
16:10:04.580,-5.122,-2.461,0.572,-0.213,0.495,Frame_445,
16:10:05.080,-5.056,-2.445,0.558,-0.168,0.522,Frame_445,
16:10:05.580,-4.981,-2.428,0.548,-0.129,0.539,Frame_445,
16:10:06.079,-4.883,-2.407,0.544,-0.090,0.558,Frame_445,
16:10:06.580,-4.809,-2.393,0.544,-0.065,0.565,Frame_446,
16:10:07.080,-4.736,-2.380,0.509,-0.044,0.590,Frame_446,
16:10:07.580,-4.658,-2.366,0.468,0.019,0.594,Frame_446,
16:10:08.080,-4.586,-2.353,0.448,0.057,0.606,Frame_446,
16:10:08.580,-4.527,-2.342,0.408,0.092,0.605,Frame_446,
16:10:09.080,-4.471,-2.331,0.403,0.093,0.613,Frame_446,
16:10:09.580,-4.410,-2.318,0.384,0.093,0.632,Frame_447,
16:10:10.080,-4.358,-2.306,0.368,0.071,0.618,Frame_447,
16:10:10.580,-4.301,-2.293,0.367,0.051,0.627,Frame_447,
16:10:11.080,-4.238,-2.277,0.341,0.084,0.605,Frame_447,
16:10:11.580,-4.198,-2.266,0.346,0.100,0.608,Frame_447,
16:10:12.080,-4.146,-2.252,0.326,0.090,0.585,Frame_447,
16:10:12.580,-4.102,-2.239,0.313,0.101,0.585,Frame_447,
16:10:13.079,-4.056,-2.225,0.284,0.110,0.564,Frame_448,
16:10:13.580,-4.017,-2.212,0.299,0.124,0.551,Frame_448,
16:10:14.080,-3.978,-2.198,0.213,0.383,0.529,Frame_448,
16:10:14.580,-3.949,-2.186,0.256,0.445,0.540,Frame_448,
16:10:15.080,-3.911,-2.167,0.290,0.458,0.517,Frame_448,
16:10:15.580,-3.869,-2.143,0.314,0.451,0.517,Frame_448,
16:10:16.080,-3.830,-2.117,0.216,0.193,0.489,Frame_449,
16:10:16.580,-3.823,-2.112,-0.036,-0.015,0.473,Frame_449,
16:10:17.080,-3.833,-2.119,-0.099,-0.233,0.470,Frame_449,
16:10:17.579,-3.841,-2.124,-0.011,-0.504,0.490,Frame_449,
16:10:18.079,-3.842,-2.125,0.002,-0.687,0.485,Frame_449,
16:10:18.582,-3.842,-2.125,0.010,-0.803,0.467,Frame_449,
16:10:19.080,-3.838,-2.124,0.037,-0.915,0.472,Frame_449,
16:10:19.581,-3.831,-2.123,0.072,-0.968,0.459,Frame_450,
16:10:20.079,-3.817,-2.123,0.174,-0.965,0.453,Frame_450,
16:10:20.580,-3.782,-2.128,0.283,-0.964,0.441,Frame_450,
16:10:21.080,-3.745,-2.140,0.435,-0.858,0.435,Frame_450,
16:10:21.580,-3.669,-2.175,0.536,-0.750,0.475,Frame_450,
16:10:22.080,-3.613,-2.209,0.582,-0.631,0.501,Frame_450,
16:10:22.580,-3.547,-2.257,0.589,-0.531,0.595,Frame_450,
16:10:23.079,-3.483,-2.311,0.595,-0.421,0.627,Frame_451,
16:10:23.579,-3.423,-2.369,0.611,-0.310,0.680,Frame_451,
16:10:24.080,-3.364,-2.431,0.594,-0.237,0.665,Frame_451,
16:10:24.580,-3.309,-2.493,0.582,-0.141,0.668,Frame_451,
16:10:25.080,-3.249,-2.564,0.585,-0.023,0.646,Frame_451,
16:10:25.580,-3.196,-2.628,0.602,0.074,0.633,Frame_451,
16:10:26.080,-3.134,-2.701,0.600,0.069,0.636,Frame_452,
16:10:26.580,-3.079,-2.764,0.606,0.027,0.658,Frame_452,
16:10:27.079,-3.015,-2.837,0.615,0.021,0.690,Frame_452,
16:10:27.580,-2.958,-2.902,0.613,0.026,0.705,Frame_452,
16:10:28.079,-2.893,-2.976,0.618,0.029,0.687,Frame_452,
16:10:28.579,-2.836,-3.040,0.606,0.043,0.646,Frame_452,
16:10:29.079,-2.786,-3.095,0.617,0.063,0.573,Frame_452,
16:10:29.580,-2.719,-3.167,0.620,0.069,0.527,Frame_453,
16:10:30.080,-2.653,-3.239,0.614,0.053,0.454,Frame_453,
16:10:30.579,-2.585,-3.309,0.613,0.075,0.428,Frame_453,
16:10:31.080,-2.525,-3.370,0.617,0.079,0.367,Frame_453,
16:10:31.580,-2.456,-3.439,0.597,0.074,0.355,Frame_453,
16:10:32.079,-2.396,-3.497,0.608,0.088,0.347,Frame_453,
16:10:32.579,-2.334,-3.556,0.621,0.078,0.346,Frame_453,
16:10:33.080,-2.280,-3.607,0.613,0.052,0.380,Frame_454,
16:10:33.579,-2.189,-3.691,0.625,-0.035,0.352,Frame_454,
16:10:34.080,-2.142,-3.734,0.626,-0.048,0.332,Frame_454,
16:10:34.579,-2.052,-3.819,0.608,-0.069,0.354,Frame_454,
16:10:35.080,-2.008,-3.861,0.612,-0.088,0.382,Frame_454,
16:10:35.579,-1.920,-3.947,0.615,-0.182,0.411,Frame_454,
16:10:36.080,-1.870,-4.000,0.611,-0.161,0.491,Frame_454,
16:10:36.579,-1.795,-4.081,0.625,-0.008,0.529,Frame_455,
16:10:37.080,-1.745,-4.136,0.609,0.038,0.627,Frame_455,
16:10:37.580,-1.670,-4.217,0.613,0.017,0.674,Frame_455,
16:10:38.080,-1.621,-4.271,0.602,0.014,0.697,Frame_455,
16:10:38.580,-1.555,-4.341,0.596,0.041,0.684,Frame_455,
16:10:39.080,-1.499,-4.401,0.575,0.056,0.663,Frame_455,
16:10:39.582,-1.435,-4.468,0.584,0.044,0.677,Frame_456,
16:10:40.080,-1.379,-4.526,0.565,0.028,0.699,Frame_456,
16:10:40.580,-1.316,-4.591,0.553,0.001,0.734,Frame_456,
16:10:41.080,-1.263,-4.646,0.542,0.005,0.742,Frame_456,
16:10:41.580,-1.203,-4.706,0.527,0.056,0.667,Frame_456,
16:10:42.079,-1.152,-4.758,0.503,0.073,0.603,Frame_456,
16:10:42.580,-1.096,-4.813,0.480,0.073,0.563,Frame_456,
16:10:43.079,-1.042,-4.865,0.472,0.089,0.506,Frame_457,
16:10:43.580,-0.994,-4.910,0.485,0.089,0.470,Frame_457,
16:10:44.079,-0.951,-4.950,0.477,0.107,0.415,Frame_457,
16:10:44.582,-0.894,-5.000,0.478,0.190,0.401,Frame_457,
16:10:45.081,-0.844,-5.042,0.451,0.228,0.381,Frame_457,
16:10:45.580,-0.802,-5.075,0.440,0.213,0.380,Frame_457,
16:10:46.080,-0.754,-5.111,0.418,0.213,0.378,Frame_457,
16:10:46.580,-0.707,-5.144,0.196,0.102,0.369,Frame_458,
16:10:47.080,-0.701,-5.148,-0.149,0.001,0.386,Frame_458,
16:10:47.580,-0.729,-5.130,-0.205,0.076,0.375,Frame_458,
16:10:48.080,-0.750,-5.116,-0.224,0.138,0.362,Frame_458,
16:10:48.580,-0.786,-5.093,-0.253,0.133,0.381,Frame_458,
16:10:49.080,-0.813,-5.077,-0.273,0.140,0.394,Frame_458,
16:10:49.580,-0.853,-5.054,-0.293,0.103,0.409,Frame_458,
16:10:50.080,-0.890,-5.034,-0.297,0.082,0.409,Frame_459,
16:10:50.580,-0.932,-5.011,-0.290,0.049,0.442,Frame_459,
16:10:51.080,-0.967,-4.993,-0.280,0.011,0.453,Frame_459,
16:10:51.580,-1.008,-4.971,-0.290,0.001,0.486,Frame_459,
16:10:52.080,-1.042,-4.953,-0.269,-0.054,0.500,Frame_459,
16:10:52.580,-1.080,-4.933,-0.268,-0.072,0.536,Frame_459,
16:10:53.080,-1.112,-4.916,-0.265,-0.035,0.563,Frame_459,
16:10:53.580,-1.149,-4.895,-0.271,-0.030,0.608,Frame_460,
16:10:54.080,-1.182,-4.876,-0.258,-0.070,0.645,Frame_460,
16:10:54.580,-1.217,-4.856,-0.252,-0.071,0.668,Frame_460,
16:10:55.080,-1.243,-4.840,-0.260,-0.039,0.700,Frame_460,
16:10:55.579,-1.284,-4.816,-0.269,-0.019,0.724,Frame_460,
16:10:56.079,-1.312,-4.799,-0.285,0.011,0.733,Frame_460,
16:10:56.580,-1.353,-4.775,-0.317,0.067,0.678,Frame_461,
16:10:57.080,-1.391,-4.753,-0.303,0.037,0.661,Frame_461,
16:10:57.580,-1.433,-4.728,-0.302,0.024,0.605,Frame_461,
16:10:58.080,-1.470,-4.707,-0.324,0.048,0.588,Frame_461,
16:10:58.580,-1.516,-4.681,-0.332,0.049,0.532,Frame_461,
16:10:59.080,-1.563,-4.655,-0.349,0.101,0.485,Frame_461,
16:10:59.580,-1.618,-4.625,-0.341,0.083,0.467,Frame_461,
16:11:00.080,-1.653,-4.607,-0.315,-0.007,0.437,Frame_462,
16:11:00.580,-1.697,-4.584,-0.306,-0.068,0.387,Frame_462,
16:11:01.080,-1.735,-4.564,-0.301,-0.009,0.370,Frame_462,
16:11:01.580,-1.778,-4.541,-0.304,-0.044,0.343,Frame_462,
16:11:02.080,-1.815,-4.521,-0.308,-0.121,0.342,Frame_462,
16:11:02.580,-1.847,-4.503,-0.300,-0.207,0.336,Frame_462,
16:11:03.080,-1.888,-4.479,-0.269,-0.352,0.328,Frame_462,
16:11:03.580,-1.918,-4.458,-0.251,-0.464,0.327,Frame_463,
16:11:04.080,-1.944,-4.438,-0.209,-0.543,0.345,Frame_463,
16:11:04.579,-1.962,-4.422,-0.159,-0.547,0.356,Frame_463,
16:11:05.080,-1.983,-4.400,-0.157,-0.661,0.367,Frame_463,
16:11:05.580,-1.993,-4.387,-0.113,-0.631,0.392,Frame_463,
16:11:06.080,-2.003,-4.371,-0.058,-0.550,0.405,Frame_463,
16:11:06.580,-2.007,-4.364,-0.057,-0.528,0.420,Frame_463,
16:11:07.080,-2.011,-4.356,-0.053,-0.546,0.435,Frame_464,
16:11:07.581,-2.013,-4.349,-0.040,-0.573,0.438,Frame_464,
16:11:08.080,-2.015,-4.343,-0.035,-0.583,0.453,Frame_464,
16:11:08.580,-2.015,-4.339,-0.035,-0.595,0.450,Frame_464,
16:11:09.079,-2.016,-4.333,-0.034,-0.703,0.452,Frame_464,
16:11:09.580,-2.015,-4.329,-0.019,-0.756,0.474,Frame_464,
16:11:10.080,-2.015,-4.326,-0.007,-0.777,0.479,Frame_465,
16:11:10.579,-2.015,-4.325,0.001,-0.773,0.468,Frame_465,
16:11:11.080,-2.015,-4.326,0.018,-0.780,0.472,Frame_465,
16:11:11.579,-2.017,-4.329,0.027,-0.757,0.469,Frame_465,
16:11:12.081,-2.019,-4.332,0.041,-0.720,0.448,Frame_465,
16:11:12.580,-2.024,-4.337,0.058,-0.647,0.459,Frame_465,
16:11:13.080,-2.031,-4.344,0.081,-0.580,0.433,Frame_465,
16:11:13.580,-2.042,-4.352,0.104,-0.515,0.434,Frame_466,
16:11:14.080,-2.055,-4.361,0.095,-0.459,0.416,Frame_466,
16:11:14.580,-2.065,-4.366,0.091,-0.376,0.404,Frame_466,
16:11:15.080,-2.078,-4.372,0.116,-0.310,0.382,Frame_466,
16:11:15.580,-2.094,-4.379,0.147,-0.251,0.372,Frame_466,
16:11:16.080,-2.114,-4.387,0.147,-0.191,0.350,Frame_466,
16:11:16.580,-2.135,-4.395,0.140,-0.157,0.353,Frame_466,
16:11:17.080,-2.153,-4.401,0.179,-0.096,0.335,Frame_467,
16:11:17.579,-2.178,-4.409,0.084,-0.059,0.332,Frame_467,
16:11:18.080,-2.176,-4.408,-0.119,-0.054,0.318,Frame_467,
16:11:18.584,-2.163,-4.404,0.056,-0.046,0.320,Frame_467,
16:11:19.084,-2.170,-4.406,0.125,-0.022,0.328,Frame_467,
16:11:19.579,-2.188,-4.411,0.111,0.008,0.318,Frame_467,
16:11:20.080,-2.202,-4.415,0.075,0.024,0.313,Frame_467,
16:11:20.580,-2.210,-4.418,0.040,0.055,0.313,Frame_468,
16:11:21.080,-2.213,-4.419,0.000,0.046,0.321,Frame_468,
16:11:21.580,-2.212,-4.418,-0.023,0.038,0.324,Frame_468,
16:11:22.080,-2.209,-4.417,-0.016,0.032,0.314,Frame_468,
16:11:22.580,-2.208,-4.417,0.015,0.042,0.316,Frame_468,
16:11:23.080,-2.213,-4.419,0.056,0.047,0.302,Frame_468,
16:11:23.580,-2.222,-4.422,0.098,0.047,0.315,Frame_468,
16:11:24.080,-2.237,-4.427,0.109,0.107,0.292,Frame_469,
16:11:24.580,-2.254,-4.433,0.198,0.223,0.311,Frame_469,
16:11:25.079,-2.282,-4.444,0.243,0.371,0.295,Frame_469,
16:11:25.582,-2.321,-4.462,0.287,0.487,0.307,Frame_469,
16:11:26.080,-2.353,-4.479,0.322,0.585,0.292,Frame_469,
16:11:26.580,-2.398,-4.509,0.346,0.687,0.293,Frame_469,
16:11:27.079,-2.442,-4.545,0.362,0.727,0.296,Frame_469,
16:11:27.580,-2.477,-4.580,0.345,0.772,0.297,Frame_470,
16:11:28.079,-2.513,-4.627,0.397,0.773,0.316,Frame_470,
16:11:28.580,-2.545,-4.681,0.398,0.765,0.328,Frame_470,
16:11:29.080,-2.568,-4.733,0.432,0.724,0.346,Frame_470,
16:11:29.580,-2.590,-4.802,0.473,0.625,0.345,Frame_470,
16:11:30.080,-2.607,-4.879,0.522,0.524,0.373,Frame_470,
16:11:30.580,-2.616,-4.953,0.543,0.405,0.384,Frame_471,
16:11:31.080,-2.622,-5.039,0.542,0.271,0.402,Frame_471,
16:11:31.580,-2.624,-5.126,0.542,0.192,0.408,Frame_471,
16:11:32.080,-2.622,-5.236,0.557,0.117,0.419,Frame_471,
16:11:32.579,-2.618,-5.335,0.547,0.081,0.417,Frame_471,
16:11:33.080,-2.612,-5.450,0.512,0.045,0.419,Frame_471,
16:11:33.579,-2.606,-5.541,0.503,0.006,0.416,Frame_472,
16:11:34.082,-2.601,-5.620,0.485,-0.008,0.404,Frame_472,
16:11:34.580,-2.595,-5.715,0.455,0.009,0.392,Frame_472,
16:11:35.079,-2.590,-5.797,0.462,0.049,0.404,Frame_472,
16:11:35.580,-2.584,-5.871,0.476,0.088,0.397,Frame_472,
16:11:36.080,-2.577,-5.956,0.461,0.070,0.395,Frame_473,
16:11:36.580,-2.571,-6.019,0.439,0.095,0.384,Frame_473,
16:11:37.080,-2.563,-6.089,0.450,0.153,0.381,Frame_473,
16:11:37.580,-2.554,-6.152,0.461,0.214,0.379,Frame_473,
16:11:38.080,-2.541,-6.231,0.439,0.315,0.372,Frame_473,
16:11:38.580,-2.527,-6.292,0.453,0.357,0.361,Frame_473,
16:11:39.080,-2.509,-6.358,0.392,0.305,0.357,Frame_473,
16:11:39.580,-2.492,-6.408,0.347,0.260,0.338,Frame_474,
16:11:40.082,-2.474,-6.456,0.275,0.201,0.328,Frame_474,
16:11:40.579,-2.458,-6.494,0.253,0.140,0.294,Frame_474,
16:11:41.080,-2.445,-6.525,0.208,0.112,0.313,Frame_474,
16:11:41.580,-2.432,-6.553,0.182,0.074,0.306,Frame_474,
16:11:42.080,-2.421,-6.576,0.169,0.092,0.311,Frame_474,
16:11:42.580,-2.409,-6.601,0.159,0.107,0.307,Frame_475,
16:11:43.080,-2.398,-6.622,0.126,0.134,0.303,Frame_475,
16:11:43.581,-2.390,-6.636,0.070,0.169,0.311,Frame_475,
16:11:44.080,-2.387,-6.641,0.013,0.183,0.321,Frame_475,
16:11:44.581,-2.388,-6.640,-0.035,0.211,0.307,Frame_475,
16:11:45.079,-2.392,-6.635,-0.024,0.212,0.328,Frame_475,
16:11:45.580,-2.393,-6.633,0.014,0.210,0.323,Frame_475,
16:11:46.079,-2.391,-6.636,0.025,0.260,0.324,Frame_476,
16:11:46.580,-2.384,-6.644,0.229,0.346,0.332,Frame_476,
16:11:47.080,-2.360,-6.670,0.319,0.504,0.333,Frame_476,
16:11:47.580,-2.329,-6.699,0.445,0.537,0.321,Frame_476,
16:11:48.080,-2.280,-6.740,0.490,0.544,0.330,Frame_476,
16:11:48.580,-2.214,-6.786,0.527,0.501,0.354,Frame_476,
16:11:49.080,-2.149,-6.825,0.566,0.443,0.381,Frame_476,
16:11:49.579,-2.068,-6.866,0.577,0.370,0.414,Frame_477,
16:11:50.080,-2.005,-6.894,0.563,0.295,0.457,Frame_477,
16:11:50.580,-1.911,-6.930,0.541,0.212,0.484,Frame_477,
16:11:51.080,-1.841,-6.955,0.518,0.153,0.533,Frame_477,
16:11:51.580,-1.762,-6.980,0.515,0.095,0.542,Frame_477,
16:11:52.080,-1.683,-7.004,0.509,0.074,0.580,Frame_477,
16:11:52.580,-1.607,-7.027,0.486,0.065,0.604,Frame_478,
16:11:53.080,-1.532,-7.047,0.472,0.050,0.629,Frame_478,
16:11:53.580,-1.469,-7.064,0.469,0.072,0.652,Frame_478,
16:11:54.080,-1.389,-7.085,0.449,0.050,0.670,Frame_478,
16:11:54.579,-1.329,-7.100,0.430,0.047,0.690,Frame_478,
16:11:55.080,-1.264,-7.116,0.395,0.018,0.703,Frame_478,
16:11:55.580,-1.206,-7.130,0.355,0.008,0.725,Frame_478,
16:11:56.080,-1.158,-7.141,0.324,-0.009,0.733,Frame_479,
16:11:56.580,-1.113,-7.152,0.337,-0.043,0.724,Frame_479,
16:11:57.080,-1.060,-7.165,0.340,-0.090,0.715,Frame_479,
16:11:57.580,-1.015,-7.176,0.328,-0.068,0.687,Frame_479,
16:11:58.080,-0.965,-7.190,0.317,-0.057,0.686,Frame_479,
16:11:58.581,-0.936,-7.198,0.061,0.128,0.668,Frame_479,
16:11:59.080,-0.933,-7.199,0.022,0.275,0.668,Frame_480,
16:11:59.580,-0.926,-7.200,0.064,0.445,0.660,Frame_480,
16:12:00.080,-0.918,-7.201,0.068,0.540,0.653,Frame_480,
16:12:00.579,-0.905,-7.202,0.060,0.575,0.649,Frame_480,
16:12:01.080,-0.890,-7.201,0.115,0.595,0.645,Frame_480,
16:12:01.580,-0.871,-7.198,0.182,0.550,0.639,Frame_480,
16:12:02.080,-0.841,-7.191,0.208,0.501,0.641,Frame_481,
16:12:02.580,-0.809,-7.181,0.255,0.386,0.652,Frame_481,
16:12:03.080,-0.774,-7.167,0.261,0.333,0.659,Frame_481,
16:12:03.580,-0.729,-7.146,0.243,0.259,0.659,Frame_481,
16:12:04.080,-0.700,-7.132,0.294,-0.125,0.672,Frame_481,
16:12:04.580,-0.651,-7.108,0.308,-0.331,0.686,Frame_481,
16:12:05.079,-0.606,-7.089,0.296,-0.404,0.723,Frame_481,
16:12:05.580,-0.568,-7.076,0.282,-0.410,0.731,Frame_482,
16:12:06.080,-0.525,-7.064,0.270,-0.381,0.716,Frame_482,
16:12:06.580,-0.490,-7.056,-0.005,-0.206,0.702,Frame_482,
16:12:07.080,-0.503,-7.058,-0.154,-0.060,0.705,Frame_482,
16:12:07.579,-0.534,-7.063,-0.227,0.090,0.694,Frame_482,
16:12:08.080,-0.570,-7.070,-0.227,0.247,0.706,Frame_482,
16:12:08.580,-0.601,-7.076,-0.214,0.430,0.720,Frame_483,
16:12:09.080,-0.632,-7.085,-0.184,0.574,0.732,Frame_483,
16:12:09.580,-0.657,-7.094,-0.134,0.679,0.731,Frame_483,
16:12:10.080,-0.670,-7.101,-0.060,0.813,0.722,Frame_483,
16:12:10.580,-0.678,-7.106,-0.071,0.913,0.708,Frame_483,
16:12:11.080,-0.683,-7.110,-0.047,0.980,0.703,Frame_483,
16:12:11.580,-0.687,-7.115,-0.034,1.051,0.675,Frame_484,
16:12:12.080,-0.690,-7.120,-0.033,1.104,0.668,Frame_484,
16:12:12.580,-0.692,-7.124,-0.019,1.084,0.646,Frame_484,
16:12:13.081,-0.693,-7.127,-0.014,1.146,0.651,Frame_484,
16:12:13.580,-0.693,-7.127,0.015,1.181,0.639,Frame_484,
16:12:14.080,-0.693,-7.127,0.004,1.213,0.650,Frame_484,
16:12:14.579,-0.695,-7.122,0.096,1.111,0.642,Frame_484,
16:12:15.080,-0.701,-7.111,0.250,1.033,0.651,Frame_485,
16:12:15.580,-0.726,-7.080,0.427,0.888,0.686,Frame_485,
16:12:16.080,-0.766,-7.041,0.528,0.737,0.709,Frame_485,
16:12:16.580,-0.824,-6.995,0.545,0.647,0.695,Frame_485,
16:12:17.080,-0.871,-6.964,0.125,0.546,0.660,Frame_485,
16:12:17.580,-0.867,-6.966,-0.142,0.584,0.638,Frame_485,
16:12:18.080,-0.847,-6.974,-0.153,0.627,0.632,Frame_485,
16:12:18.580,-0.821,-6.981,-0.193,0.616,0.630,Frame_486,
16:12:19.080,-0.790,-6.987,-0.276,0.455,0.632,Frame_486,
16:12:19.580,-0.746,-6.993,-0.279,0.312,0.644,Frame_486,
16:12:20.080,-0.698,-6.996,-0.264,0.221,0.644,Frame_486,
16:12:20.580,-0.666,-6.997,-0.282,0.164,0.657,Frame_486,
16:12:21.080,-0.611,-6.997,-0.270,0.107,0.633,Frame_486,
16:12:21.580,-0.546,-6.996,-0.266,0.072,0.652,Frame_487,
16:12:22.081,-0.494,-6.993,-0.257,0.046,0.640,Frame_487,
16:12:22.580,-0.443,-6.991,-0.249,0.003,0.648,Frame_487,
16:12:23.080,-0.393,-6.989,-0.243,-0.033,0.646,Frame_487,
16:12:23.580,-0.338,-6.986,-0.262,-0.039,0.636,Frame_488,
16:12:24.079,-0.285,-6.984,-0.262,-0.026,0.637,Frame_488,
16:12:24.580,-0.238,-6.983,-0.268,-0.024,0.639,Frame_488,
16:12:25.079,-0.180,-6.982,-0.259,-0.020,0.649,Frame_488,
16:12:25.579,-0.127,-6.981,-0.264,-0.013,0.652,Frame_488,
16:12:26.080,-0.086,-6.980,-0.036,-0.027,0.651,Frame_488,
16:12:26.580,-0.061,-6.980,0.155,-0.350,0.653,Frame_489,
16:12:27.082,-0.073,-6.979,0.292,-0.314,0.652,Frame_489,
16:12:27.580,-0.104,-6.976,0.382,-0.292,0.647,Frame_489,
16:12:28.079,-0.172,-6.966,0.463,-0.252,0.650,Frame_489,
16:12:28.580,-0.247,-6.951,0.479,-0.210,0.632,Frame_489,
16:12:29.080,-0.305,-6.938,0.490,0.052,0.626,Frame_489,
16:12:29.580,-0.390,-6.919,0.477,0.253,0.599,Frame_490,
16:12:30.080,-0.457,-6.906,0.519,0.148,0.567,Frame_490,
16:12:30.581,-0.550,-6.891,0.531,-0.023,0.564,Frame_490,
16:12:31.079,-0.636,-6.878,0.553,-0.023,0.540,Frame_490,
16:12:31.580,-0.713,-6.865,0.560,0.025,0.537,Frame_490,
16:12:32.081,-0.802,-6.851,0.562,0.045,0.500,Frame_490,
16:12:32.579,-0.902,-6.835,0.557,0.100,0.490,Frame_491,
16:12:33.080,-0.967,-6.826,0.553,0.116,0.483,Frame_491,
16:12:33.580,-1.053,-6.816,0.535,0.135,0.456,Frame_491,
16:12:34.079,-1.147,-6.806,0.506,0.126,0.453,Frame_491,
16:12:34.580,-1.207,-6.801,0.493,0.087,0.447,Frame_491,
16:12:35.080,-1.283,-6.796,0.452,0.046,0.414,Frame_491,
16:12:35.580,-1.344,-6.792,0.432,0.064,0.422,Frame_491,
16:12:36.079,-1.422,-6.788,0.416,0.068,0.421,Frame_492,
16:12:36.580,-1.487,-6.786,0.388,0.058,0.403,Frame_492,
16:12:37.080,-1.548,-6.784,0.371,0.062,0.394,Frame_492,
16:12:37.580,-1.607,-6.783,0.369,0.003,0.397,Frame_492,
16:12:38.080,-1.665,-6.781,0.356,-0.051,0.400,Frame_492,
16:12:38.580,-1.720,-6.780,0.332,-0.040,0.384,Frame_492,
16:12:39.081,-1.764,-6.778,0.304,-0.049,0.393,Frame_493,
16:12:39.580,-1.812,-6.776,0.288,-0.044,0.380,Frame_493,
16:12:40.080,-1.863,-6.774,0.277,-0.040,0.375,Frame_493,
16:12:40.580,-1.896,-6.772,0.272,-0.058,0.375,Frame_493,
16:12:41.079,-1.938,-6.769,0.250,-0.076,0.369,Frame_493,
16:12:41.580,-1.973,-6.767,0.243,-0.089,0.376,Frame_493,
16:12:42.080,-2.013,-6.764,0.252,-0.120,0.368,Frame_494,
16:12:42.580,-2.048,-6.760,0.252,-0.137,0.369,Frame_494,
16:12:43.080,-2.087,-6.755,0.235,-0.172,0.356,Frame_494,
16:12:43.579,-2.125,-6.749,0.254,-0.282,0.354,Frame_494,
16:12:44.079,-2.166,-6.741,0.271,-0.346,0.333,Frame_494,
16:12:44.580,-2.205,-6.732,0.295,-0.428,0.332,Frame_494,
16:12:45.080,-2.255,-6.716,0.305,-0.500,0.335,Frame_494,
16:12:45.580,-2.290,-6.702,0.307,-0.565,0.329,Frame_495,
16:12:46.079,-2.336,-6.678,0.343,-0.639,0.327,Frame_495,
16:12:46.580,-2.372,-6.657,0.364,-0.663,0.327,Frame_495,
16:12:47.080,-2.420,-6.621,0.385,-0.697,0.333,Frame_495,
16:12:47.580,-2.454,-6.589,0.334,-0.790,0.324,Frame_495,
16:12:48.080,-2.482,-6.557,0.364,-0.776,0.337,Frame_495,
16:12:48.579,-2.518,-6.505,0.433,-0.723,0.354,Frame_495,
16:12:49.080,-2.548,-6.451,0.466,-0.623,0.363,Frame_496,
16:12:49.580,-2.579,-6.379,0.517,-0.521,0.369,Frame_496,
16:12:50.080,-2.600,-6.319,0.545,-0.414,0.394,Frame_496,
16:12:50.580,-2.626,-6.223,0.553,-0.334,0.413,Frame_496,
16:12:51.080,-2.641,-6.158,0.572,-0.214,0.443,Frame_496,
16:12:51.579,-2.660,-6.056,0.578,-0.136,0.460,Frame_496,
16:12:52.080,-2.671,-5.989,0.566,-0.058,0.470,Frame_496,
16:12:52.580,-2.685,-5.899,0.572,-0.058,0.481,Frame_497,
16:12:53.080,-2.697,-5.820,0.573,-0.033,0.491,Frame_497,
16:12:53.580,-2.710,-5.730,0.571,0.002,0.500,Frame_497,
16:12:54.080,-2.723,-5.640,0.564,0.057,0.511,Frame_497,
16:12:54.580,-2.738,-5.539,0.569,0.053,0.518,Frame_497,
16:12:55.080,-2.749,-5.472,0.562,0.048,0.534,Frame_497,
16:12:55.580,-2.766,-5.374,0.558,0.029,0.542,Frame_497,
16:12:56.080,-2.777,-5.307,0.564,0.002,0.534,Frame_498,
16:12:56.579,-2.793,-5.217,0.568,0.046,0.567,Frame_498,
16:12:57.080,-2.807,-5.140,0.552,0.081,0.576,Frame_498,
16:12:57.580,-2.824,-5.054,0.551,0.104,0.580,Frame_498,
16:12:58.080,-2.838,-4.989,0.563,0.070,0.594,Frame_498,
16:12:58.580,-2.857,-4.902,0.551,0.071,0.614,Frame_498,
16:12:59.080,-2.875,-4.827,0.550,0.061,0.627,Frame_499,
16:12:59.580,-2.898,-4.731,0.554,0.061,0.640,Frame_499,
16:13:00.080,-2.917,-4.656,0.551,0.053,0.646,Frame_499,
16:13:00.580,-2.939,-4.572,0.540,0.064,0.688,Frame_499,
16:13:01.080,-2.961,-4.488,0.541,0.019,0.600,Frame_499,
16:13:01.580,-2.984,-4.405,0.550,-0.001,0.553,Frame_499,
16:13:02.080,-3.010,-4.310,0.536,-0.048,0.485,Frame_500,
16:13:02.579,-3.029,-4.236,0.555,-0.081,0.400,Frame_500,
16:13:03.080,-3.054,-4.139,0.555,-0.124,0.376,Frame_500,
16:13:03.582,-3.072,-4.063,0.564,-0.145,0.338,Frame_500,
16:13:04.080,-3.090,-3.976,0.552,-0.159,0.330,Frame_500,
16:13:04.580,-3.106,-3.889,0.545,-0.158,0.339,Frame_500,
16:13:05.080,-3.118,-3.812,0.556,-0.161,0.349,Frame_500,
16:13:05.579,-3.132,-3.712,0.572,-0.130,0.394,Frame_500,
16:13:06.080,-3.141,-3.633,0.572,-0.038,0.457,Frame_501,
16:13:06.580,-3.152,-3.531,0.558,0.031,0.505,Frame_501,
16:13:07.080,-3.161,-3.441,0.558,0.018,0.566,Frame_501,
16:13:07.581,-3.171,-3.353,0.555,0.018,0.584,Frame_501,
16:13:08.080,-3.181,-3.263,0.567,-0.024,0.590,Frame_501,
16:13:08.580,-3.190,-3.185,0.560,-0.004,0.571,Frame_502,
16:13:09.080,-3.200,-3.096,0.552,0.060,0.562,Frame_502,
16:13:09.579,-3.209,-3.020,0.559,0.095,0.563,Frame_502,
16:13:10.081,-3.220,-2.932,0.565,0.072,0.549,Frame_502,
16:13:10.580,-3.233,-2.842,0.565,0.051,0.552,Frame_502,
16:13:11.083,-3.247,-2.753,0.563,0.019,0.543,Frame_502,
16:13:11.580,-3.263,-2.651,0.576,0.000,0.553,Frame_502,
16:13:12.080,-3.274,-2.583,0.559,0.039,0.575,Frame_503,
16:13:12.580,-3.290,-2.487,0.539,0.071,0.617,Frame_503,
16:13:13.080,-3.301,-2.423,0.533,0.057,0.656,Frame_503,
16:13:13.580,-3.318,-2.329,0.529,0.044,0.718,Frame_503,
16:13:14.079,-3.334,-2.246,0.533,0.044,0.785,Frame_503,
16:13:14.580,-3.351,-2.162,0.521,0.039,0.812,Frame_503,
16:13:15.080,-3.369,-2.078,0.528,0.077,0.735,Frame_504,
16:13:15.580,-3.384,-2.007,0.523,0.133,0.640,Frame_504,
16:13:16.080,-3.404,-1.924,0.541,0.177,0.624,Frame_504,
16:13:16.580,-3.427,-1.840,0.532,0.261,0.529,Frame_504,
16:13:17.080,-3.456,-1.750,0.520,0.325,0.496,Frame_504,
16:13:17.580,-3.478,-1.692,0.516,0.356,0.468,Frame_504,
16:13:18.086,-3.511,-1.615,0.522,0.406,0.402,Frame_505,
16:13:18.579,-3.548,-1.541,0.528,0.441,0.357,Frame_505,
16:13:19.082,-3.591,-1.468,0.535,0.448,0.338,Frame_505,
16:13:19.580,-3.640,-1.398,0.554,0.489,0.302,Frame_505,
16:13:20.080,-3.688,-1.339,0.537,0.520,0.288,Frame_505,
16:13:20.580,-3.740,-1.284,0.550,0.503,0.286,Frame_505,
16:13:21.080,-3.806,-1.223,0.574,0.445,0.289,Frame_505,
16:13:21.580,-3.859,-1.181,0.569,0.452,0.309,Frame_506,
16:13:22.080,-3.935,-1.127,0.587,0.414,0.352,Frame_506,
16:13:22.580,-3.994,-1.090,0.591,0.325,0.387,Frame_506,
16:13:23.080,-4.087,-1.038,0.594,0.247,0.438,Frame_506,
16:13:23.580,-4.150,-1.006,0.575,0.118,0.491,Frame_506,
16:13:24.080,-4.222,-0.971,0.568,0.063,0.536,Frame_506,
16:13:24.580,-4.303,-0.932,0.569,0.074,0.568,Frame_506,
16:13:25.080,-4.375,-0.899,0.565,0.060,0.622,Frame_507,
16:13:25.580,-4.458,-0.862,0.557,0.049,0.650,Frame_507,
16:13:26.080,-4.529,-0.830,0.557,0.008,0.688,Frame_507,
16:13:26.579,-4.603,-0.798,0.249,0.122,0.723,Frame_507,
16:13:27.080,-4.611,-0.794,-0.109,0.262,0.717,Frame_507,
16:13:27.580,-4.583,-0.805,-0.191,0.214,0.722,Frame_507,
16:13:28.080,-4.562,-0.812,-0.199,0.183,0.731,Frame_507,
16:13:28.580,-4.528,-0.823,-0.198,0.176,0.726,Frame_508,
16:13:29.081,-4.506,-0.829,-0.206,0.210,0.718,Frame_508,
16:13:29.582,-4.472,-0.837,-0.238,0.268,0.707,Frame_508,
16:13:30.080,-4.441,-0.844,-0.261,0.385,0.701,Frame_508,
16:13:30.580,-4.394,-0.851,-0.271,0.468,0.693,Frame_508,
16:13:31.079,-4.358,-0.854,-0.230,0.600,0.697,Frame_508,
16:13:31.580,-4.332,-0.854,-0.200,0.685,0.694,Frame_508,
16:13:32.079,-4.300,-0.850,-0.107,0.800,0.709,Frame_509,
16:13:32.579,-4.288,-0.848,-0.063,0.872,0.715,Frame_509,
16:13:33.080,-4.279,-0.844,-0.055,0.905,0.728,Frame_509,
16:13:33.580,-4.272,-0.841,-0.047,0.976,0.727,Frame_509,
16:13:34.080,-4.268,-0.838,-0.033,0.994,0.720,Frame_509,
16:13:34.580,-4.265,-0.835,-0.016,1.031,0.706,Frame_509,
16:13:35.080,-4.264,-0.834,-0.003,1.059,0.709,Frame_510,
16:13:35.580,-4.264,-0.834,0.004,1.031,0.702,Frame_510,
16:13:36.080,-4.264,-0.834,0.016,1.004,0.686,Frame_510,
16:13:36.580,-4.265,-0.837,0.034,0.997,0.673,Frame_510,
16:13:37.080,-4.265,-0.843,0.049,0.993,0.685,Frame_510,
16:13:37.580,-4.264,-0.853,0.084,0.914,0.694,Frame_510,
16:13:38.080,-4.260,-0.868,0.132,0.842,0.699,Frame_510,
16:13:38.580,-4.254,-0.884,0.155,0.784,0.716,Frame_510,
16:13:39.080,-4.243,-0.905,0.194,0.735,0.720,Frame_511,
16:13:39.580,-4.227,-0.929,0.233,0.623,0.705,Frame_511,
16:13:40.080,-4.210,-0.951,0.243,0.570,0.688,Frame_511,
16:13:40.579,-4.178,-0.986,0.295,0.438,0.642,Frame_511,
16:13:41.079,-4.142,-1.019,0.313,0.377,0.604,Frame_511,
16:13:41.580,-4.112,-1.044,0.333,0.313,0.580,Frame_511,
16:13:42.081,-4.075,-1.072,0.327,0.216,0.558,Frame_512,
16:13:42.580,-4.038,-1.100,0.349,0.164,0.508,Frame_512,
16:13:43.080,-3.997,-1.127,0.345,0.112,0.486,Frame_512,
16:13:43.579,-3.944,-1.162,0.366,0.021,0.443,Frame_512,
16:13:44.079,-3.900,-1.190,0.400,-0.057,0.416,Frame_512,
16:13:44.582,-3.860,-1.217,0.393,-0.101,0.384,Frame_512,
16:13:45.080,-3.806,-1.254,0.413,-0.310,0.344,Frame_512,
16:13:45.580,-3.762,-1.286,0.365,-0.451,0.313,Frame_513,
16:13:46.080,-3.723,-1.319,0.393,-0.537,0.318,Frame_513,
16:13:46.580,-3.689,-1.352,0.400,-0.617,0.298,Frame_513,
16:13:47.080,-3.643,-1.406,0.411,-0.627,0.295,Frame_513,
16:13:47.580,-3.613,-1.447,0.433,-0.616,0.282,Frame_513,
16:13:48.080,-3.582,-1.500,0.447,-0.592,0.289,Frame_513,
16:13:48.580,-3.550,-1.566,0.495,-0.551,0.288,Frame_513,
16:13:49.080,-3.525,-1.632,0.535,-0.472,0.315,Frame_514,
16:13:49.580,-3.500,-1.715,0.549,-0.351,0.332,Frame_514,
16:13:50.080,-3.484,-1.779,0.561,-0.280,0.373,Frame_514,
16:13:50.580,-3.464,-1.877,0.544,-0.191,0.406,Frame_514,
16:13:51.080,-3.454,-1.941,0.545,-0.178,0.467,Frame_514,
16:13:51.580,-3.440,-2.038,0.551,-0.139,0.489,Frame_514,
16:13:52.080,-3.432,-2.103,0.547,-0.121,0.586,Frame_514,
16:13:52.580,-3.423,-2.191,0.559,-0.069,0.609,Frame_515,
16:13:53.080,-3.414,-2.280,0.563,-0.004,0.703,Frame_515,
16:13:53.580,-3.405,-2.381,0.562,0.063,0.752,Frame_515,
16:13:54.080,-3.395,-2.482,0.563,0.045,0.713,Frame_515,
16:13:54.581,-3.387,-2.549,0.547,0.040,0.656,Frame_515,
16:13:55.080,-3.377,-2.636,0.557,0.029,0.565,Frame_515,
16:13:55.580,-3.368,-2.714,0.567,0.010,0.527,Frame_516,
16:13:56.082,-3.359,-2.782,0.571,0.019,0.469,Frame_516,
16:13:56.580,-3.348,-2.873,0.575,0.033,0.450,Frame_516,
16:13:57.080,-3.338,-2.951,0.558,0.013,0.419,Frame_516,
16:13:57.580,-3.326,-3.040,0.558,0.050,0.422,Frame_516,
16:13:58.080,-3.315,-3.117,0.552,0.069,0.420,Frame_516,
16:13:58.580,-3.301,-3.205,0.546,0.046,0.432,Frame_516,
16:13:59.079,-3.291,-3.270,0.560,0.064,0.441,Frame_516,
16:13:59.580,-3.278,-3.348,0.581,0.049,0.449,Frame_517,
16:14:00.080,-3.264,-3.428,0.576,0.038,0.458,Frame_517,
16:14:00.580,-3.247,-3.519,0.581,0.098,0.468,Frame_517,
16:14:01.080,-3.232,-3.599,0.579,0.109,0.468,Frame_517,
16:14:01.579,-3.215,-3.679,0.585,0.069,0.496,Frame_517,
16:14:02.080,-3.194,-3.771,0.588,0.094,0.499,Frame_517,
16:14:02.580,-3.178,-3.840,0.586,0.096,0.508,Frame_518,
16:14:03.080,-3.155,-3.930,0.575,0.118,0.462,Frame_518,
16:14:03.580,-3.137,-3.998,0.582,0.067,0.441,Frame_518,
16:14:04.080,-3.112,-4.089,0.596,0.074,0.394,Frame_518,
16:14:04.581,-3.089,-4.168,0.578,0.065,0.394,Frame_518,
16:14:05.080,-3.062,-4.256,0.577,0.072,0.397,Frame_518,
16:14:05.580,-3.039,-4.332,0.564,0.070,0.425,Frame_518,
16:14:06.080,-3.015,-4.406,0.552,0.074,0.473,Frame_519,
16:14:06.580,-2.987,-4.489,0.532,0.136,0.491,Frame_519,
16:14:07.080,-2.966,-4.548,0.510,0.172,0.561,Frame_519,
16:14:07.580,-2.932,-4.636,0.538,0.072,0.589,Frame_519,
16:14:08.080,-2.912,-4.687,0.551,0.037,0.677,Frame_519,
16:14:08.579,-2.875,-4.779,0.548,0.025,0.718,Frame_519,
16:14:09.080,-2.850,-4.839,0.538,0.013,0.699,Frame_519,
16:14:09.580,-2.821,-4.909,0.550,0.011,0.660,Frame_520,
16:14:10.082,-2.788,-4.990,0.536,-0.038,0.639,Frame_520,
16:14:10.580,-2.759,-5.060,0.545,-0.086,0.599,Frame_520,
16:14:11.080,-2.728,-5.141,0.538,-0.143,0.577,Frame_520,
16:14:11.579,-2.702,-5.211,0.537,-0.166,0.552,Frame_520,
16:14:12.080,-2.674,-5.292,0.529,-0.159,0.537,Frame_520,
16:14:12.580,-2.655,-5.351,0.500,-0.167,0.495,Frame_520,
16:14:13.079,-2.633,-5.426,0.473,-0.170,0.489,Frame_521,
16:14:13.580,-2.619,-5.478,0.448,-0.164,0.458,Frame_521,
16:14:14.080,-2.602,-5.547,0.426,-0.153,0.462,Frame_521,
16:14:14.580,-2.589,-5.603,0.388,-0.172,0.442,Frame_521,
16:14:15.080,-2.578,-5.663,0.370,-0.149,0.429,Frame_521,
16:14:15.580,-2.569,-5.713,0.357,-0.135,0.430,Frame_521,
16:14:16.080,-2.562,-5.763,0.354,-0.120,0.422,Frame_521,
16:14:16.580,-2.554,-5.818,0.340,-0.074,0.409,Frame_522,
16:14:17.080,-2.549,-5.865,0.332,-0.025,0.395,Frame_522,
16:14:17.581,-2.543,-5.916,0.308,-0.003,0.399,Frame_522,
16:14:18.080,-2.538,-5.958,0.292,-0.005,0.393,Frame_522,
16:14:18.580,-2.533,-6.004,0.281,0.003,0.398,Frame_522,
16:14:19.079,-2.527,-6.054,0.283,0.008,0.393,Frame_522,
16:14:19.580,-2.523,-6.087,0.268,0.028,0.379,Frame_523,
16:14:20.082,-2.519,-6.123,0.247,0.020,0.390,Frame_523,
16:14:20.580,-2.514,-6.161,0.225,0.055,0.382,Frame_523,
16:14:21.080,-2.510,-6.197,0.219,0.065,0.381,Frame_523,
16:14:21.580,-2.505,-6.231,0.217,0.104,0.382,Frame_523,
16:14:22.080,-2.500,-6.261,0.225,0.128,0.375,Frame_523,
16:14:22.580,-2.495,-6.292,0.228,0.183,0.358,Frame_523,
16:14:23.080,-2.487,-6.329,0.240,0.233,0.370,Frame_524,
16:14:23.579,-2.478,-6.368,0.262,0.331,0.369,Frame_524,
16:14:24.080,-2.467,-6.403,0.274,0.385,0.372,Frame_524,
16:14:24.580,-2.452,-6.445,0.286,0.469,0.360,Frame_524,
16:14:25.080,-2.436,-6.482,0.296,0.564,0.351,Frame_524,
16:14:25.580,-2.416,-6.519,0.316,0.663,0.348,Frame_524,
16:14:26.079,-2.388,-6.562,0.318,0.706,0.335,Frame_524,
16:14:26.580,-2.358,-6.598,0.342,0.731,0.330,Frame_525,
16:14:27.080,-2.317,-6.638,0.376,0.692,0.328,Frame_525,
16:14:27.580,-2.273,-6.672,0.370,0.765,0.321,Frame_525,
16:14:28.080,-2.229,-6.700,0.407,0.720,0.329,Frame_525,
16:14:28.580,-2.169,-6.729,0.432,0.642,0.328,Frame_525,
16:14:29.080,-2.169,-6.729,0.467,0.581,0.338,Frame_525,
16:14:29.579,-2.038,-6.771,0.485,0.533,0.351,Frame_526,
16:14:30.079,-1.969,-6.785,0.511,0.455,0.371,Frame_526,
16:14:30.580,-1.897,-6.794,0.534,0.398,0.383,Frame_526,
16:14:31.080,-1.810,-6.800,0.539,0.332,0.391,Frame_526,
16:14:31.580,-1.723,-6.801,0.558,0.244,0.414,Frame_526,
16:14:32.080,-1.610,-6.798,0.552,0.072,0.425,Frame_526,
16:14:32.580,-1.500,-6.792,0.553,-0.020,0.414,Frame_526,
16:14:33.080,-1.390,-6.786,0.559,-0.038,0.419,Frame_527,
16:14:33.580,-1.278,-6.782,0.559,-0.039,0.424,Frame_527,
16:14:34.080,-1.167,-6.778,0.551,-0.028,0.419,Frame_527,
16:14:34.580,-1.091,-6.776,0.554,-0.024,0.424,Frame_527,
16:14:35.082,-0.937,-6.772,0.542,-0.035,0.434,Frame_528,
16:14:35.581,-0.839,-6.771,0.538,-0.052,0.426,Frame_528,
16:14:36.082,-0.731,-6.770,0.544,-0.048,0.435,Frame_528,
16:14:36.580,-0.634,-6.770,0.523,-0.042,0.432,Frame_528,
16:14:37.080,-0.561,-6.771,0.527,0.051,0.434,Frame_528,
16:14:37.580,-0.475,-6.771,0.546,0.103,0.445,Frame_528,
16:14:38.079,-0.355,-6.769,0.545,0.078,0.452,Frame_528,
16:14:38.579,-0.243,-6.766,0.562,0.069,0.454,Frame_529,
16:14:39.081,-0.132,-6.761,0.558,0.057,0.447,Frame_529,
16:14:39.580,-0.031,-6.755,0.556,0.029,0.466,Frame_529,
16:14:40.080,0.081,-6.749,0.561,0.018,0.459,Frame_529,
16:14:40.580,0.181,-6.742,0.548,0.012,0.453,Frame_530,
16:14:41.081,0.291,-6.735,0.563,-0.016,0.455,Frame_530,
16:14:41.580,0.403,-6.728,0.559,-0.023,0.458,Frame_530,
16:14:42.082,0.514,-6.721,0.547,-0.025,0.458,Frame_530,
16:14:42.580,0.601,-6.717,0.554,-0.021,0.449,Frame_530,
16:14:43.080,0.702,-6.712,0.561,-0.024,0.452,Frame_531,
16:14:43.580,0.825,-6.706,0.553,-0.007,0.454,Frame_531,
16:14:44.080,0.912,-6.702,0.542,-0.007,0.455,Frame_531,
16:14:44.580,1.017,-6.698,0.515,-0.018,0.460,Frame_531,
16:14:45.084,1.120,-6.694,0.516,0.002,0.456,Frame_531,
16:14:45.580,1.211,-6.690,0.488,0.011,0.447,Frame_531,
16:14:46.083,1.306,-6.687,0.442,-0.009,0.474,Frame_532,
16:14:46.579,1.372,-6.684,0.120,-0.131,0.518,Frame_532,
16:14:47.080,1.366,-6.684,-0.186,-0.124,0.503,Frame_532,
16:14:47.580,1.328,-6.684,-0.231,-0.021,0.476,Frame_532,
16:14:48.079,1.289,-6.684,-0.252,0.035,0.480,Frame_532,
16:14:48.580,1.250,-6.684,-0.246,0.064,0.465,Frame_533,
16:14:49.080,1.205,-6.684,-0.260,0.078,0.462,Frame_533,
16:14:49.581,1.153,-6.685,-0.208,-0.110,0.454,Frame_533,
16:14:50.080,1.117,-6.685,-0.166,-0.234,0.452,Frame_533,
16:14:50.579,1.093,-6.684,-0.185,-0.281,0.447,Frame_533,
16:14:51.080,1.070,-6.683,-0.195,-0.326,0.441,Frame_533,
16:14:51.580,1.042,-6.680,-0.214,-0.391,0.427,Frame_534,
16:14:52.080,1.004,-6.673,-0.268,-0.435,0.423,Frame_534,
16:14:52.580,0.967,-6.665,-0.255,-0.492,0.416,Frame_534,
16:14:53.080,0.940,-6.657,-0.192,-0.595,0.398,Frame_534,
16:14:53.580,0.914,-6.646,-0.115,-0.746,0.380,Frame_534,
16:14:54.080,0.904,-6.641,-0.092,-0.837,0.370,Frame_534,
16:14:54.580,0.893,-6.633,-0.059,-0.904,0.343,Frame_534,
16:14:55.080,0.887,-6.628,-0.052,-0.945,0.345,Frame_535,
16:14:55.579,0.882,-6.622,-0.050,-0.994,0.329,Frame_535,
16:14:56.080,0.879,-6.618,-0.030,-1.018,0.324,Frame_535,
16:14:56.580,0.878,-6.614,0.007,-0.987,0.317,Frame_535,
16:14:57.082,0.879,-6.621,0.191,-0.844,0.315,Frame_535,
16:14:57.580,0.883,-6.646,0.015,-0.890,0.338,Frame_535,
16:14:58.080,0.883,-6.648,0.003,-0.992,0.348,Frame_535,
16:14:58.582,0.883,-6.646,-0.023,-1.033,0.341,Frame_536,
16:14:59.080,0.884,-6.642,-0.040,-1.036,0.351,Frame_536,
16:14:59.580,0.888,-6.635,-0.089,-0.987,0.339,Frame_536,
16:15:00.080,0.900,-6.621,-0.152,-0.926,0.353,Frame_536,
16:15:00.580,0.918,-6.603,-0.226,-0.858,0.334,Frame_536,
16:15:01.080,0.952,-6.577,-0.252,-0.783,0.330,Frame_536,
16:15:01.580,0.992,-6.555,-0.302,-0.725,0.309,Frame_537,
16:15:02.080,1.037,-6.537,-0.299,-0.704,0.300,Frame_537,
16:15:02.580,1.071,-6.527,-0.273,-0.728,0.295,Frame_537,
16:15:03.080,1.114,-6.519,-0.203,-0.755,0.302,Frame_537,
16:15:03.580,1.156,-6.517,-0.213,-0.746,0.327,Frame_537,
16:15:04.080,1.180,-6.519,-0.180,-0.763,0.312,Frame_537,
16:15:04.579,1.208,-6.525,-0.115,-0.784,0.359,Frame_538,
16:15:05.079,1.228,-6.532,-0.113,-0.852,0.378,Frame_538,
16:15:05.580,1.240,-6.538,-0.083,-0.887,0.392,Frame_538,
16:15:06.080,1.250,-6.545,-0.056,-0.797,0.418,Frame_538,
16:15:06.581,1.251,-6.546,0.066,-0.521,0.415,Frame_538,
16:15:07.080,1.245,-6.539,0.023,-0.291,0.418,Frame_538,
16:15:07.580,1.244,-6.538,0.010,-0.094,0.404,Frame_538,
16:15:08.080,1.245,-6.539,-0.043,0.119,0.409,Frame_539,
16:15:08.581,1.248,-6.542,0.001,0.462,0.418,Frame_539,
16:15:09.080,1.247,-6.542,0.013,0.667,0.409,Frame_539,
16:15:09.580,1.245,-6.540,0.022,0.796,0.392,Frame_539,
16:15:10.080,1.238,-6.536,0.088,0.922,0.417,Frame_539,
16:15:10.580,1.223,-6.529,0.192,0.927,0.396,Frame_539,
16:15:11.080,1.187,-6.518,0.334,0.837,0.382,Frame_540,
16:15:11.580,1.137,-6.509,0.476,0.695,0.320,Frame_540,
16:15:12.080,1.058,-6.503,0.539,0.462,0.314,Frame_540,
16:15:12.580,0.971,-6.504,0.555,0.325,0.274,Frame_540,
16:15:13.080,0.859,-6.511,0.557,0.207,0.273,Frame_540,
16:15:13.579,0.769,-6.520,0.568,0.101,0.275,Frame_540,
16:15:14.080,0.679,-6.531,0.573,0.066,0.275,Frame_541,
16:15:14.580,0.601,-6.542,0.571,0.035,0.273,Frame_541,
16:15:15.079,0.510,-6.554,0.573,-0.012,0.299,Frame_541,
16:15:15.580,0.444,-6.563,0.553,-0.051,0.285,Frame_541,
16:15:16.080,0.357,-6.574,0.542,-0.048,0.309,Frame_541,
16:15:16.580,0.282,-6.583,0.544,-0.035,0.318,Frame_541,
16:15:17.079,0.195,-6.593,0.552,-0.031,0.321,Frame_541,
16:15:17.580,0.117,-6.601,0.562,-0.045,0.328,Frame_542,
16:15:18.082,0.017,-6.612,0.558,-0.031,0.332,Frame_542,
16:15:18.580,-0.060,-6.619,0.548,-0.042,0.340,Frame_542,
16:15:19.080,-0.159,-6.628,0.565,-0.052,0.347,Frame_542,
16:15:19.580,-0.272,-6.637,0.557,-0.062,0.336,Frame_542,
16:15:20.080,-0.385,-6.645,0.563,-0.037,0.355,Frame_542,
16:15:20.580,-0.495,-6.651,0.543,-0.026,0.347,Frame_543,
16:15:21.081,-0.605,-6.657,0.547,-0.021,0.349,Frame_543,
16:15:21.580,-0.692,-6.662,0.549,-0.028,0.355,Frame_543,
16:15:22.080,-0.802,-6.667,0.546,-0.022,0.357,Frame_543,
16:15:22.579,-0.910,-6.671,0.525,0.035,0.362,Frame_543,
16:15:23.080,-1.004,-6.676,0.508,0.040,0.365,Frame_544,
16:15:23.580,-1.094,-6.681,0.485,-0.014,0.357,Frame_544,
16:15:24.080,-1.186,-6.685,0.447,-0.062,0.350,Frame_544,
16:15:24.580,-1.273,-6.689,0.419,0.004,0.364,Frame_544,
16:15:25.080,-1.353,-6.692,0.375,0.031,0.361,Frame_544,
16:15:25.580,-1.420,-6.695,0.364,0.020,0.361,Frame_545,
16:15:26.079,-1.497,-6.699,0.345,-0.033,0.357,Frame_545,
16:15:26.580,-1.563,-6.702,0.320,-0.015,0.363,Frame_545,
16:15:27.080,-1.621,-6.704,0.318,-0.028,0.351,Frame_545,
16:15:27.580,-1.683,-6.707,0.302,-0.012,0.369,Frame_545,
16:15:28.080,-1.736,-6.709,0.289,-0.009,0.357,Frame_546,
16:15:28.580,-1.791,-6.710,0.263,-0.049,0.360,Frame_546,
16:15:29.080,-1.842,-6.711,0.250,-0.079,0.357,Frame_546,
16:15:29.580,-1.880,-6.712,0.224,-0.099,0.359,Frame_546,
16:15:30.079,-1.915,-6.711,0.205,-0.132,0.363,Frame_546,
16:15:30.580,-1.948,-6.711,0.204,-0.158,0.341,Frame_546,
16:15:31.080,-1.977,-6.709,0.225,-0.192,0.363,Frame_547,
16:15:31.580,-2.013,-6.706,0.228,-0.239,0.359,Frame_547,
16:15:32.080,-2.045,-6.702,0.241,-0.307,0.350,Frame_547,
16:15:32.579,-2.080,-6.697,0.266,-0.349,0.355,Frame_547,
16:15:33.082,-2.123,-6.688,0.292,-0.446,0.348,Frame_547,
16:15:33.580,-2.164,-6.676,0.310,-0.492,0.336,Frame_547,
16:15:34.080,-2.206,-6.661,0.330,-0.573,0.332,Frame_547,
16:15:34.580,-2.247,-6.642,0.322,-0.642,0.313,Frame_548,
16:15:35.080,-2.294,-6.616,0.352,-0.678,0.313,Frame_548,
16:15:35.580,-2.328,-6.592,0.356,-0.720,0.341,Frame_548,
16:15:36.079,-2.373,-6.553,0.393,-0.725,0.338,Frame_548,
16:15:36.581,-2.403,-6.521,0.355,-0.793,0.342,Frame_548,
16:15:37.080,-2.435,-6.479,0.404,-0.723,0.340,Frame_548,
16:15:37.580,-2.473,-6.414,0.450,-0.649,0.353,Frame_548,
16:15:38.079,-2.508,-6.337,0.499,-0.547,0.373,Frame_549,
16:15:38.580,-2.528,-6.279,0.535,-0.420,0.392,Frame_549,
16:15:39.080,-2.554,-6.184,0.556,-0.302,0.418,Frame_549,
16:15:39.580,-2.573,-6.098,0.555,-0.200,0.443,Frame_549,
16:15:40.080,-2.589,-6.011,0.559,-0.144,0.445,Frame_549,
16:15:40.580,-2.603,-5.921,0.580,-0.074,0.468,Frame_549,
16:15:41.079,-2.616,-5.832,0.574,0.001,0.477,Frame_550,
16:15:41.580,-2.631,-5.730,0.569,0.025,0.489,Frame_550,
16:15:42.081,-2.644,-5.642,0.559,0.006,0.500,Frame_550,
16:15:42.579,-2.655,-5.563,0.584,0.018,0.507,Frame_550,
16:15:43.081,-2.669,-5.472,0.571,0.057,0.514,Frame_550,
16:15:43.580,-2.681,-5.393,0.567,0.054,0.519,Frame_550,
16:15:44.080,-2.696,-5.303,0.581,0.032,0.536,Frame_551,
16:15:44.580,-2.712,-5.211,0.578,0.056,0.551,Frame_551,
16:15:45.080,-2.728,-5.122,0.565,0.089,0.563,Frame_551,
16:15:45.580,-2.743,-5.046,0.547,0.120,0.574,Frame_551,
16:15:46.080,-2.762,-4.959,0.554,0.091,0.586,Frame_551,
16:15:46.580,-2.779,-4.883,0.554,0.087,0.596,Frame_551,
16:15:47.080,-2.802,-4.787,0.547,0.083,0.597,Frame_551,
16:15:47.580,-2.826,-4.691,0.545,0.068,0.629,Frame_552,
16:15:48.080,-2.849,-4.606,0.548,0.022,0.655,Frame_552,
16:15:48.580,-2.872,-4.521,0.530,0.003,0.672,Frame_552,
