Timestamp_Sistema,Posizione_X,Posizione_Y,Velocita_Lineare,Velocita_Angolare,Ostacolo_Piu_Vicino_Lidar(m),Stato_Telecamera,Eventi_Chiavi,Esplorazione_Completata(%)
10:24:55.773,0.000,0.000,0.000,0.000,0.000,N/A,,0.00
10:24:56.273,0.000,0.000,0.000,0.000,0.000,N/A,,0.00
10:24:56.773,0.000,0.000,0.000,0.000,0.000,N/A,,0.00
10:24:57.273,0.000,0.000,0.000,0.000,0.000,N/A,,0.00
10:24:57.773,0.000,0.000,0.000,0.000,0.000,N/A,,0.00
10:24:58.273,0.000,0.000,0.000,0.000,0.000,N/A,,0.00
10:24:58.773,0.000,0.000,0.000,0.000,1.483,Frame_0,,0.00
10:24:59.273,0.000,-0.000,0.000,0.000,1.212,Frame_0,,0.00
10:24:59.773,0.000,-0.000,0.000,0.000,1.176,Frame_0,,0.00
10:25:00.273,0.000,-0.000,0.000,0.000,1.193,Frame_0,,0.00
10:25:00.773,0.000,-0.000,0.000,0.000,1.206,Frame_1,,0.00
10:25:01.273,0.000,0.000,0.000,0.000,1.201,Frame_1,,0.00
10:25:01.773,0.000,0.000,0.000,0.000,1.192,Frame_1,,0.00
10:25:02.273,0.000,0.000,0.000,0.000,1.207,Frame_2,,0.00
10:25:02.773,0.000,0.000,0.000,0.000,1.206,Frame_2,,0.00
10:25:03.273,0.000,0.000,0.000,0.000,1.190,Frame_2,,0.00
10:25:03.773,0.000,0.000,0.000,0.000,1.194,Frame_2,,0.00
10:25:04.273,0.000,0.000,0.000,0.000,1.202,Frame_3,,0.00
10:25:04.773,0.000,0.000,0.000,0.000,1.182,Frame_3,,0.00
10:25:05.273,0.000,0.000,0.000,0.000,1.202,Frame_3,,0.00
10:25:05.773,0.000,0.000,0.000,0.000,1.192,Frame_4,,1.01
10:25:06.273,0.000,0.000,0.000,0.000,1.200,Frame_4,,1.01
10:25:06.773,0.000,0.000,0.000,0.000,1.195,Frame_4,,1.01
10:25:07.273,0.000,0.000,0.000,0.000,1.194,Frame_5,,1.01
10:25:07.773,0.000,0.000,0.000,0.000,1.198,Frame_5,,1.01
10:25:08.278,0.000,0.000,0.000,0.000,1.203,Frame_5,,1.01
10:25:08.773,0.000,0.000,0.000,0.000,1.185,Frame_5,,1.01
10:25:09.273,0.000,0.000,0.000,0.000,1.183,Frame_6,,1.01
10:25:09.773,0.000,0.000,0.000,0.000,1.199,Frame_6,,1.01
10:25:10.273,-0.002,-0.000,-0.056,0.057,1.192,Frame_6,,1.01
10:25:10.774,-0.030,-0.001,-0.134,0.210,1.225,Frame_7,,1.01
10:25:11.273,-0.057,-0.002,-0.094,0.288,1.219,Frame_7,,1.01
10:25:11.780,-0.072,-0.004,-0.043,0.392,1.245,Frame_7,,1.01
10:25:12.273,-0.078,-0.005,0.001,0.473,1.253,Frame_7,,1.01
10:25:12.773,-0.075,-0.005,0.047,0.558,1.265,Frame_7,,1.01
10:25:13.273,-0.071,-0.003,0.021,0.615,1.276,Frame_8,,1.01
10:25:13.773,-0.070,-0.002,0.013,0.684,1.273,Frame_8,,1.01
10:25:14.273,-0.067,0.001,0.041,0.809,1.280,Frame_8,,1.01
10:25:14.773,-0.059,0.010,0.078,0.851,1.269,Frame_8,,1.01
10:25:15.273,-0.047,0.031,0.154,0.847,1.228,Frame_9,,1.01
10:25:15.773,-0.032,0.074,0.269,0.734,1.215,Frame_9,,1.01
10:25:16.273,-0.021,0.134,0.356,0.614,1.161,Frame_9,,1.01
10:25:16.773,-0.017,0.221,0.458,0.427,1.072,Frame_9,,1.01
10:25:17.273,-0.024,0.358,0.517,0.204,1.001,Frame_9,,1.01
10:25:17.773,-0.034,0.449,0.491,0.067,0.959,Frame_10,,1.01
10:25:18.273,-0.047,0.552,0.440,-0.001,0.915,Frame_10,,1.01
10:25:18.774,-0.057,0.634,0.386,-0.089,0.881,Frame_10,,1.01
10:25:19.273,-0.066,0.715,0.342,-0.096,0.856,Frame_10,,1.01
10:25:19.773,-0.072,0.786,0.302,-0.043,0.844,Frame_10,,1.01
10:25:20.273,-0.077,0.850,0.299,-0.250,0.852,Frame_11,,1.01
10:25:20.773,-0.078,0.888,-0.026,-0.417,0.850,Frame_11,,2.55
10:25:21.273,-0.079,0.880,-0.032,-0.521,0.848,Frame_11,,2.55
10:25:21.773,-0.078,0.883,0.126,-0.550,0.874,Frame_11,,2.55
10:25:22.273,-0.067,0.918,0.218,-0.554,0.863,Frame_12,,2.55
10:25:22.774,-0.042,0.973,0.357,-0.462,0.845,Frame_12,,2.55
10:25:23.273,-0.003,1.041,0.434,-0.389,0.803,Frame_12,,2.55
10:25:23.773,0.047,1.115,0.468,-0.276,0.776,Frame_12,,2.55
10:25:24.273,0.105,1.189,0.456,-0.205,0.722,Frame_12,,2.55
10:25:24.773,0.156,1.250,0.416,-0.117,0.667,Frame_13,,2.55
10:25:25.273,0.207,1.309,0.368,-0.176,0.627,Frame_13,,2.55
10:25:25.773,0.258,1.363,0.366,-0.367,0.599,Frame_13,,3.67
10:25:26.273,0.310,1.412,0.341,-0.414,0.571,Frame_13,,3.67
10:25:26.773,0.361,1.452,0.299,-0.446,0.533,Frame_13,,3.67
10:25:27.273,0.399,1.477,0.264,-0.454,0.523,Frame_14,,3.67
10:25:27.773,0.440,1.500,0.200,-0.425,0.523,Frame_14,,3.67
10:25:28.273,0.472,1.514,0.142,-0.403,0.504,Frame_14,,3.67
10:25:28.773,0.495,1.522,0.102,-0.358,0.498,Frame_14,,3.67
10:25:29.273,0.511,1.527,0.000,-0.076,0.486,Frame_14,,3.67
10:25:29.773,0.497,1.524,-0.139,-0.293,0.484,Frame_15,,3.67
10:25:30.273,0.467,1.519,-0.137,-0.454,0.513,Frame_15,,3.67
10:25:30.773,0.445,1.517,-0.054,-0.647,0.532,Frame_15,,3.67
10:25:31.273,0.438,1.517,-0.007,-0.773,0.550,Frame_15,,3.67
10:25:31.776,0.435,1.518,-0.013,-0.877,0.545,Frame_15,,3.67
10:25:32.276,0.433,1.518,0.000,-0.915,0.559,Frame_16,,3.67
10:25:32.773,0.434,1.518,0.027,-0.988,0.561,Frame_16,,3.67
10:25:33.273,0.439,1.514,0.055,-0.987,0.547,Frame_16,,3.67
10:25:33.773,0.451,1.499,0.113,-0.969,0.534,Frame_16,,3.67
10:25:34.273,0.461,1.480,0.194,-0.916,0.529,Frame_16,,3.67
10:25:34.773,0.476,1.434,0.335,-0.768,0.490,Frame_16,,3.67
10:25:35.273,0.487,1.369,0.459,-0.536,0.431,Frame_17,,3.67
10:25:35.773,0.493,1.272,0.541,-0.374,0.355,Frame_17,,3.67
10:25:36.273,0.491,1.147,0.593,-0.223,0.294,Frame_17,,3.67
10:25:36.773,0.482,1.026,0.628,-0.088,0.248,Frame_17,,3.67
10:25:37.273,0.473,0.915,0.597,0.014,0.248,Frame_17,,3.67
10:25:37.773,0.463,0.801,0.551,0.056,0.269,Frame_18,,3.67
10:25:38.273,0.455,0.701,0.570,0.092,0.287,Frame_18,,3.67
10:25:38.773,0.449,0.589,0.554,0.181,0.319,Frame_18,,3.67
10:25:39.273,0.447,0.468,0.544,0.227,0.398,Frame_18,,3.67
10:25:39.773,0.450,0.340,0.531,0.155,0.514,Frame_18,,3.67
10:25:40.274,0.458,0.233,0.541,0.130,0.613,Frame_19,,3.67
10:25:40.773,0.466,0.146,0.543,0.104,0.713,Frame_19,,4.16
10:25:41.273,0.478,0.039,0.548,0.079,0.772,Frame_19,,4.16
10:25:41.773,0.493,-0.079,0.528,0.204,0.850,Frame_19,,4.16
10:25:42.273,0.507,-0.161,0.498,0.238,0.952,Frame_19,,4.16
10:25:42.773,0.527,-0.258,0.501,0.107,1.014,Frame_20,,4.16
10:25:43.273,0.550,-0.356,0.509,0.062,0.990,Frame_20,,4.16
10:25:43.773,0.574,-0.453,0.480,0.016,0.960,Frame_20,,4.16
10:25:44.273,0.593,-0.527,0.460,0.024,0.948,Frame_20,,4.16
10:25:44.773,0.615,-0.613,0.426,0.016,0.929,Frame_20,,4.16
10:25:45.273,0.634,-0.684,0.382,0.007,0.913,Frame_21,,4.16
10:25:45.773,0.651,-0.748,0.363,0.242,0.882,Frame_21,,4.59
10:25:46.273,0.673,-0.817,0.358,0.508,0.873,Frame_21,,4.59
10:25:46.773,0.699,-0.882,0.338,0.579,0.854,Frame_21,,4.59
10:25:47.274,0.723,-0.926,0.289,0.636,0.838,Frame_21,,4.59
10:25:47.773,0.745,-0.958,0.258,0.628,0.816,Frame_21,,4.59
10:25:48.273,0.775,-0.993,0.193,0.634,0.800,Frame_22,,4.59
10:25:48.773,0.800,-1.017,0.144,0.614,0.776,Frame_22,,4.59
10:25:49.273,0.812,-1.026,0.106,0.585,0.762,Frame_22,,4.59
10:25:49.773,0.827,-1.035,0.079,0.553,0.750,Frame_22,,4.59
10:25:50.273,0.839,-1.041,0.047,0.479,0.744,Frame_22,,4.59
10:25:50.773,0.844,-1.043,0.018,0.444,0.746,Frame_23,,4.87
10:25:51.273,0.831,-1.039,-0.170,0.459,0.746,Frame_23,,4.87
10:25:51.773,0.805,-1.034,-0.127,0.614,0.763,Frame_23,,4.87
10:25:52.273,0.786,-1.032,-0.036,0.816,0.793,Frame_23,,4.87
10:25:52.773,0.781,-1.032,-0.013,0.943,0.814,Frame_23,,4.87
10:25:53.273,0.779,-1.032,-0.008,1.009,0.807,Frame_23,,4.87
10:25:53.773,0.779,-1.032,0.009,1.081,0.814,Frame_24,,4.87
10:25:54.273,0.781,-1.031,0.039,1.099,0.813,Frame_24,,4.87
10:25:54.774,0.787,-1.025,0.063,1.082,0.798,Frame_24,,4.87
10:25:55.273,0.796,-1.012,0.108,1.071,0.765,Frame_24,,4.87
10:25:55.773,0.805,-0.991,0.211,1.009,0.759,Frame_24,,4.87
10:25:56.273,0.816,-0.941,0.354,0.904,0.730,Frame_24,,4.87
10:25:56.773,0.820,-0.878,0.466,0.740,0.726,Frame_25,,4.87
10:25:57.273,0.812,-0.778,0.576,0.447,0.712,Frame_25,,4.87
10:25:57.773,0.791,-0.663,0.591,0.310,0.719,Frame_25,,4.87
10:25:58.273,0.762,-0.548,0.591,0.195,0.734,Frame_25,,4.87
10:25:58.773,0.728,-0.433,0.598,0.152,0.763,Frame_25,,4.87
10:25:59.273,0.699,-0.344,0.594,0.076,0.797,Frame_26,,4.87
10:25:59.773,0.668,-0.253,0.593,0.042,0.843,Frame_26,,4.87
10:26:00.273,0.628,-0.139,0.601,0.064,0.847,Frame_26,,4.87
10:26:00.773,0.596,-0.049,0.607,0.106,0.880,Frame_26,,5.03
10:26:01.273,0.553,0.063,0.592,0.055,0.906,Frame_26,,5.03
10:26:01.773,0.518,0.152,0.597,0.047,0.813,Frame_26,,5.03
10:26:02.273,0.478,0.252,0.604,0.021,0.771,Frame_27,,5.03
10:26:02.773,0.437,0.353,0.606,0.039,0.661,Frame_27,,5.03
10:26:03.273,0.390,0.466,0.608,0.012,0.599,Frame_27,,5.03
10:26:03.774,0.357,0.544,0.620,0.010,0.541,Frame_27,,5.03
10:26:04.273,0.318,0.637,0.615,0.021,0.513,Frame_27,,5.03
10:26:04.773,0.269,0.750,0.612,0.056,0.489,Frame_28,,5.03
10:26:05.277,0.220,0.861,0.567,0.279,0.489,Frame_28,,5.03
10:26:05.773,0.177,0.950,0.543,0.361,0.530,Frame_28,,5.10
10:26:06.273,0.129,1.035,0.552,0.262,0.568,Frame_28,,5.10
10:26:06.773,0.074,1.123,0.590,0.163,0.622,Frame_28,,5.10
10:26:07.273,0.023,1.199,0.563,0.072,0.683,Frame_28,,5.10
10:26:07.773,-0.042,1.293,0.569,-0.001,0.718,Frame_29,,5.10
10:26:08.276,-0.105,1.383,0.542,-0.088,0.803,Frame_29,,5.10
10:26:08.776,-0.155,1.457,0.571,-0.124,0.873,Frame_29,,5.10
10:26:09.273,-0.205,1.533,0.565,-0.117,0.919,Frame_29,,5.10
10:26:09.773,-0.252,1.609,0.562,-0.099,0.876,Frame_29,,5.10
10:26:10.273,-0.304,1.694,0.542,-0.076,0.801,Frame_29,,5.10
10:26:10.773,-0.325,1.731,-0.035,0.119,0.752,Frame_30,,5.37
10:26:11.273,-0.316,1.715,-0.180,0.152,0.751,Frame_30,,5.37
10:26:11.773,-0.301,1.692,-0.185,0.206,0.785,Frame_30,,5.37
10:26:12.273,-0.280,1.662,-0.226,0.340,0.781,Frame_30,,5.37
10:26:12.773,-0.254,1.629,-0.243,0.449,0.801,Frame_30,,5.37
10:26:13.273,-0.232,1.604,-0.214,0.562,0.835,Frame_30,,5.37
10:26:13.773,-0.208,1.582,-0.176,0.649,0.844,Frame_31,,5.37
10:26:14.273,-0.189,1.568,-0.147,0.727,0.844,Frame_31,,5.37
10:26:14.773,-0.170,1.556,-0.069,0.833,0.872,Frame_31,,5.37
10:26:15.273,-0.162,1.552,-0.042,0.930,0.863,Frame_31,,5.37
10:26:15.773,-0.157,1.551,-0.023,1.011,0.872,Frame_31,,5.37
10:26:16.279,-0.154,1.551,-0.012,1.084,0.845,Frame_31,,5.37
10:26:16.773,-0.152,1.551,0.003,1.123,0.833,Frame_32,,5.37
10:26:17.273,-0.153,1.550,0.011,1.156,0.831,Frame_32,,5.37
10:26:17.773,-0.156,1.549,0.035,1.185,0.814,Frame_32,,5.37
10:26:18.273,-0.161,1.545,0.053,1.144,0.808,Frame_32,,5.37
10:26:18.773,-0.169,1.537,0.093,1.134,0.803,Frame_32,,5.37
10:26:19.273,-0.179,1.521,0.159,1.075,0.808,Frame_32,,5.37
10:26:19.773,-0.190,1.493,0.279,0.991,0.814,Frame_33,,5.37
10:26:20.273,-0.202,1.443,0.402,0.888,0.864,Frame_33,,5.37
10:26:20.773,-0.208,1.374,0.521,0.647,0.950,Frame_33,,5.37
10:26:21.273,-0.205,1.277,0.556,0.495,0.970,Frame_33,,5.37
10:26:21.773,-0.193,1.178,0.579,0.304,0.948,Frame_33,,5.37
10:26:22.273,-0.179,1.098,0.588,0.211,0.932,Frame_33,,5.37
10:26:22.773,-0.160,1.006,0.589,0.151,0.909,Frame_34,,5.37
10:26:23.273,-0.135,0.903,0.584,0.118,0.901,Frame_34,,5.37
10:26:23.773,-0.117,0.835,0.592,0.107,0.875,Frame_34,,5.37
10:26:24.273,-0.086,0.722,0.586,0.110,0.867,Frame_34,,5.37
10:26:24.773,-0.062,0.643,0.600,0.084,0.845,Frame_34,,5.37
10:26:25.273,-0.034,0.553,0.605,0.080,0.842,Frame_34,,5.37
10:26:25.773,-0.004,0.461,0.592,0.047,0.842,Frame_34,,5.58
10:26:26.273,0.023,0.383,0.587,0.046,0.849,Frame_35,,5.58
10:26:26.774,0.053,0.294,0.586,0.048,0.864,Frame_35,,5.58
10:26:27.273,0.089,0.194,0.598,0.045,0.883,Frame_35,,5.58
10:26:27.773,0.122,0.104,0.598,0.045,0.925,Frame_35,,5.58
10:26:28.273,0.155,0.013,0.614,0.036,0.978,Frame_35,,5.58
10:26:28.773,0.185,-0.066,0.598,0.055,1.039,Frame_35,,5.58
10:26:29.273,0.229,-0.177,0.594,0.072,1.078,Frame_36,,5.58
10:26:29.773,0.255,-0.242,0.598,0.079,1.111,Frame_36,,5.58
10:26:30.273,0.291,-0.329,0.595,0.008,1.184,Frame_36,,5.58
10:26:30.773,0.333,-0.429,0.605,0.006,1.239,Frame_36,,5.58
10:26:31.273,0.361,-0.501,0.461,-0.525,1.221,Frame_36,,5.58
10:26:31.773,0.382,-0.568,0.408,-0.572,1.136,Frame_36,,5.58
10:26:32.273,0.395,-0.624,0.386,-0.553,1.095,Frame_37,,5.58
10:26:32.773,0.403,-0.688,0.358,-0.532,1.052,Frame_37,,5.58
10:26:33.273,0.406,-0.740,0.371,-0.371,1.027,Frame_37,,5.58
10:26:33.773,0.405,-0.812,0.340,-0.251,0.926,Frame_37,,5.58
10:26:34.273,0.401,-0.880,0.345,-0.184,0.877,Frame_37,,5.58
10:26:34.773,0.394,-0.942,0.347,-0.130,0.847,Frame_37,,5.58
10:26:35.274,0.388,-0.990,0.337,-0.053,0.774,Frame_38,,5.58
10:26:35.775,0.381,-1.042,0.324,-0.033,0.760,Frame_38,,5.73
10:26:36.273,0.374,-1.093,0.315,-0.018,0.704,Frame_38,,5.73
10:26:36.776,0.366,-1.149,0.303,-0.000,0.655,Frame_38,,5.73
10:26:37.273,0.359,-1.196,0.293,0.000,0.602,Frame_38,,5.73
10:26:37.773,0.352,-1.243,0.299,-0.025,0.579,Frame_38,,5.73
10:26:38.273,0.346,-1.282,0.273,-0.019,0.558,Frame_39,,5.73
10:26:38.776,0.339,-1.330,0.274,-0.045,0.541,Frame_39,,5.73
10:26:39.273,0.333,-1.367,0.241,-0.142,0.507,Frame_39,,5.73
10:26:39.773,0.325,-1.412,0.274,-0.227,0.474,Frame_39,,5.73
10:26:40.273,0.317,-1.446,0.300,-0.262,0.469,Frame_39,,5.73
10:26:40.773,0.305,-1.496,0.343,-0.303,0.434,Frame_39,,6.13
10:26:41.273,0.290,-1.543,0.361,-0.373,0.415,Frame_39,,6.13
10:26:41.773,0.274,-1.589,-0.020,-0.271,0.388,Frame_40,"Chiave 1 raccolta! [X: 0.281, Y: -1.571]",6.13
10:26:42.273,0.279,-1.577,-0.121,-0.282,0.379,Frame_40,,6.13
10:26:42.773,0.288,-1.558,-0.180,-0.363,0.383,Frame_40,,6.13
10:26:43.273,0.301,-1.534,-0.259,-0.434,0.395,Frame_40,,6.13
10:26:43.773,0.321,-1.500,-0.233,-0.518,0.439,Frame_40,,6.13
10:26:44.273,0.339,-1.475,-0.184,-0.651,0.441,Frame_40,,6.13
10:26:44.773,0.354,-1.457,-0.132,-0.768,0.481,Frame_40,,6.13
10:26:45.273,0.368,-1.445,-0.067,-0.863,0.500,Frame_41,,6.13
10:26:45.776,0.376,-1.439,-0.042,-0.919,0.501,Frame_41,,6.13
10:26:46.273,0.380,-1.437,-0.029,-0.989,0.515,Frame_41,,6.13
10:26:46.773,0.385,-1.435,-0.013,-1.049,0.535,Frame_41,,6.13
10:26:47.273,0.388,-1.435,-0.006,-1.075,0.528,Frame_41,,6.13
10:26:47.774,0.388,-1.435,0.014,-1.112,0.533,Frame_41,,6.13
10:26:48.273,0.389,-1.435,0.004,-1.166,0.529,Frame_42,,6.13
10:26:48.773,0.387,-1.434,0.025,-1.178,0.516,Frame_42,,6.13
10:26:49.273,0.382,-1.431,0.054,-1.184,0.513,Frame_42,,6.13
10:26:49.773,0.374,-1.423,0.114,-1.139,0.501,Frame_42,,6.13
10:26:50.273,0.360,-1.404,0.237,-1.037,0.478,Frame_42,,6.13
10:26:50.773,0.338,-1.364,0.370,-0.890,0.468,Frame_42,,6.13
10:26:51.273,0.319,-1.310,0.473,-0.686,0.444,Frame_43,,6.13
10:26:51.773,0.299,-1.232,0.530,-0.557,0.428,Frame_43,,6.13
10:26:52.273,0.286,-1.148,0.545,-0.457,0.468,Frame_43,,6.13
10:26:52.773,0.279,-1.072,0.566,-0.363,0.480,Frame_43,,6.13
10:26:53.273,0.276,-0.971,0.554,-0.152,0.558,Frame_43,,6.13
10:26:53.773,0.276,-0.859,0.556,-0.133,0.646,Frame_43,,6.13
10:26:54.273,0.279,-0.748,0.557,-0.015,0.733,Frame_44,,6.13
10:26:54.773,0.284,-0.636,0.558,0.010,0.834,Frame_44,,6.13
10:26:55.273,0.287,-0.526,0.549,0.022,0.961,Frame_44,,6.13
10:26:55.773,0.291,-0.415,0.554,-0.013,1.063,Frame_44,,6.30
10:26:56.273,0.295,-0.304,0.556,-0.076,1.147,Frame_44,,6.30
10:26:56.773,0.300,-0.205,0.561,-0.103,1.258,Frame_44,,6.30
10:26:57.273,0.307,-0.105,0.539,-0.070,1.166,Frame_45,,6.30
10:26:57.773,0.315,0.002,0.524,-0.058,1.079,Frame_45,,6.30
10:26:58.273,0.322,0.074,0.516,-0.024,1.031,Frame_45,,6.30
10:26:58.773,0.330,0.155,0.498,-0.034,0.928,Frame_45,,6.30
10:26:59.273,0.337,0.223,0.472,-0.033,0.888,Frame_45,,6.30
10:26:59.773,0.344,0.297,0.456,-0.039,0.804,Frame_46,,6.30
10:27:00.273,0.352,0.366,0.417,-0.041,0.772,Frame_46,,6.30
10:27:00.773,0.358,0.415,0.403,-0.050,0.692,Frame_46,,6.30
10:27:01.273,0.366,0.477,0.387,-0.063,0.667,Frame_46,,6.30
10:27:01.773,0.374,0.536,0.354,-0.058,0.596,Frame_46,,6.30
10:27:02.273,0.381,0.583,0.338,-0.218,0.582,Frame_46,,6.30
10:27:02.773,0.390,0.638,0.371,-0.477,0.536,Frame_46,,6.30
10:27:03.273,0.401,0.686,0.323,-0.460,0.511,Frame_46,,6.30
10:27:03.773,0.418,0.739,0.274,-0.388,0.456,Frame_47,,6.30
10:27:04.273,0.429,0.768,0.265,-0.382,0.455,Frame_47,,6.30
10:27:04.773,0.447,0.808,0.225,-0.322,0.402,Frame_47,,6.30
10:27:05.273,0.461,0.835,0.195,-0.241,0.410,Frame_47,,6.30
10:27:05.773,0.475,0.860,0.160,-0.240,0.376,Frame_47,,6.30
10:27:06.273,0.484,0.876,0.150,-0.267,0.377,Frame_47,,6.30
10:27:06.773,0.497,0.896,0.121,-0.249,0.357,Frame_48,,6.30
10:27:07.273,0.505,0.908,0.099,-0.247,0.350,Frame_48,,6.30
10:27:07.773,0.515,0.920,0.093,-0.285,0.351,Frame_48,,6.30
10:27:08.273,0.522,0.929,0.084,-0.322,0.331,Frame_48,,6.30
10:27:08.773,0.532,0.939,0.061,-0.308,0.328,Frame_48,,6.30
10:27:09.273,0.537,0.944,0.055,-0.399,0.324,Frame_48,,6.30
10:27:09.773,0.543,0.950,0.042,-0.496,0.309,Frame_48,,6.30
10:27:10.279,0.546,0.952,0.025,-0.539,0.318,Frame_49,,6.30
10:27:10.773,0.548,0.954,0.017,-0.553,0.308,Frame_49,,6.34
10:27:11.274,0.548,0.954,-0.005,-0.532,0.316,Frame_49,,6.34
10:27:11.773,0.548,0.953,-0.006,-0.499,0.323,Frame_49,,6.34
10:27:12.273,0.546,0.953,-0.006,-0.430,0.326,Frame_49,,6.34
10:27:12.773,0.544,0.952,-0.021,-0.393,0.319,Frame_49,,6.34
10:27:13.273,0.542,0.952,0.000,0.000,0.313,Frame_49,"Chiave 2 raccolta! [X: 0.542, Y: 0.952]",6.34
10:27:13.775,0.522,0.948,-0.162,-0.134,0.321,Frame_50,,6.34
10:27:14.273,0.497,0.945,-0.177,-0.145,0.350,Frame_50,,6.34
10:27:14.774,0.466,0.940,-0.232,-0.221,0.389,Frame_50,,6.34
10:27:15.273,0.434,0.937,-0.247,-0.342,0.413,Frame_50,,6.34
10:27:15.773,0.404,0.936,-0.254,-0.468,0.458,Frame_50,,6.34
10:27:16.273,0.356,0.937,-0.208,-0.588,0.501,Frame_50,,6.34
10:27:16.773,0.322,0.941,-0.168,-0.708,0.525,Frame_51,,6.34
10:27:17.273,0.302,0.946,-0.135,-0.784,0.560,Frame_51,,6.34
10:27:17.773,0.288,0.951,-0.056,-0.900,0.571,Frame_51,,6.34
10:27:18.273,0.282,0.954,-0.042,-0.969,0.580,Frame_51,,6.34
10:27:18.773,0.279,0.956,-0.032,-1.024,0.562,Frame_51,,6.34
10:27:19.273,0.276,0.958,-0.018,-1.083,0.571,Frame_51,,6.34
10:27:19.773,0.274,0.961,-0.043,-1.124,0.560,Frame_51,,6.34
10:27:20.273,0.271,0.966,-0.020,-1.145,0.557,Frame_52,,6.34
10:27:20.773,0.271,0.967,-0.004,-1.187,0.545,Frame_52,,6.34
10:27:21.273,0.271,0.966,0.032,-1.174,0.542,Frame_52,,6.34
10:27:21.774,0.271,0.958,0.065,-1.157,0.524,Frame_52,,6.34
10:27:22.274,0.267,0.943,0.192,-1.100,0.520,Frame_52,,6.34
10:27:22.773,0.255,0.915,0.349,-1.004,0.510,Frame_52,,6.34
10:27:23.273,0.230,0.871,0.474,-0.850,0.524,Frame_52,,6.34
10:27:23.773,0.188,0.816,0.562,-0.718,0.558,Frame_53,,6.34
10:27:24.273,0.132,0.757,0.600,-0.594,0.586,Frame_53,,6.34
10:27:24.773,0.070,0.700,0.619,-0.467,0.628,Frame_53,,6.34
10:27:25.273,-0.018,0.632,0.620,-0.366,0.731,Frame_53,,6.34
10:27:25.776,-0.089,0.583,0.610,-0.276,0.854,Frame_53,,6.34
10:27:26.274,-0.172,0.532,0.583,-0.173,0.899,Frame_53,,6.34
10:27:26.773,-0.241,0.492,0.530,-0.129,1.011,Frame_54,,6.34
10:27:27.277,-0.312,0.453,0.477,-0.089,1.084,Frame_54,,6.34
10:27:27.773,-0.370,0.422,0.447,-0.087,1.170,Frame_54,,6.34
10:27:28.273,-0.433,0.389,0.449,-0.039,1.185,Frame_54,,6.34
10:27:28.780,-0.498,0.355,0.474,0.063,1.104,Frame_54,,6.34
10:27:29.273,-0.559,0.324,0.537,0.145,1.066,Frame_54,,6.34
10:27:29.773,-0.626,0.287,0.557,0.156,0.972,Frame_54,,6.34
10:27:30.273,-0.703,0.243,0.543,0.126,0.920,Frame_55,,6.34
10:27:30.774,-0.766,0.205,0.507,0.122,0.833,Frame_55,,6.34
10:27:31.273,-0.833,0.163,0.470,0.087,0.781,Frame_55,,6.34
10:27:31.773,-0.880,0.134,0.428,0.092,0.704,Frame_55,,6.34
10:27:32.276,-0.940,0.094,0.366,0.043,0.669,Frame_55,,6.34
10:27:32.773,-0.975,0.070,0.330,0.031,0.600,Frame_55,,6.34
10:27:33.273,-1.029,0.034,0.312,0.007,0.590,Frame_56,,6.34
10:27:33.773,-1.054,0.017,0.297,0.007,0.561,Frame_56,,6.34
10:27:34.273,-1.092,-0.009,0.278,0.010,0.517,Frame_56,,6.34
10:27:34.773,-1.133,-0.037,0.274,-0.012,0.486,Frame_56,,6.34
10:27:35.273,-1.165,-0.059,0.268,-0.037,0.464,Frame_56,,6.34
10:27:35.775,-1.200,-0.082,0.263,-0.043,0.427,Frame_56,,6.42
10:27:36.273,-1.231,-0.103,0.277,-0.080,0.398,Frame_56,,6.42
10:27:36.773,-1.264,-0.124,0.279,-0.088,0.380,Frame_56,,6.42
10:27:37.273,-1.301,-0.148,0.264,-0.143,0.369,Frame_57,,6.42
10:27:37.773,-1.332,-0.166,0.253,-0.157,0.343,Frame_57,,6.42
10:27:38.282,-1.367,-0.186,0.246,-0.156,0.332,Frame_57,,6.42
10:27:38.773,-1.397,-0.202,0.251,-0.152,0.331,Frame_57,,6.42
10:27:39.274,-1.430,-0.219,0.167,-0.113,0.326,Frame_57,,6.42
10:27:39.773,-1.449,-0.228,0.128,-0.089,0.325,Frame_57,,6.42
10:27:40.283,-1.467,-0.237,0.143,-0.066,0.330,Frame_58,,6.42
10:27:40.773,-1.485,-0.245,0.134,-0.073,0.323,Frame_58,,6.42
10:27:41.273,-1.505,-0.254,0.144,-0.071,0.331,Frame_58,,6.42
10:27:41.773,-1.525,-0.262,0.123,-0.069,0.331,Frame_58,,6.42
10:27:42.273,-1.541,-0.269,0.139,-0.047,0.330,Frame_58,,6.42
10:27:42.773,-1.560,-0.277,0.127,-0.049,0.336,Frame_58,,6.42
10:27:43.273,-1.576,-0.283,0.125,-0.065,0.347,Frame_58,,6.42
10:27:43.773,-1.591,-0.289,0.139,-0.068,0.351,Frame_59,,6.42
10:27:44.273,-1.613,-0.297,0.133,-0.080,0.365,Frame_59,,6.42
10:27:44.773,-1.627,-0.302,0.112,-0.091,0.346,Frame_59,,6.42
10:27:45.273,-1.644,-0.308,0.131,-0.092,0.376,Frame_59,,6.42
10:27:45.773,-1.661,-0.314,0.130,-0.070,0.363,Frame_59,,6.85
10:27:46.273,-1.678,-0.319,0.123,-0.035,0.375,Frame_59,,6.85
10:27:46.773,-1.695,-0.325,0.131,0.013,0.378,Frame_59,,6.85
10:27:47.273,-1.711,-0.330,0.096,0.060,0.389,Frame_60,,6.85
10:27:47.773,-1.723,-0.334,0.079,0.136,0.394,Frame_60,,6.85
10:27:48.273,-1.732,-0.337,0.064,0.136,0.388,Frame_60,,6.85
10:27:48.777,-1.740,-0.340,0.086,0.104,0.404,Frame_60,,6.85
10:27:49.273,-1.751,-0.344,0.088,0.075,0.412,Frame_60,,6.85
10:27:49.773,-1.763,-0.349,0.087,0.050,0.390,Frame_60,,6.85
10:27:50.274,-1.774,-0.353,0.074,0.038,0.397,Frame_61,,6.85
10:27:50.773,-1.785,-0.357,0.114,0.010,0.384,Frame_61,,6.85
10:27:51.273,-1.800,-0.364,0.127,0.037,0.376,Frame_61,,6.85
10:27:51.773,-1.820,-0.372,0.134,-0.084,0.370,Frame_61,,6.85
10:27:52.273,-1.832,-0.377,0.126,-0.150,0.374,Frame_61,,6.85
10:27:52.775,-1.849,-0.383,0.105,-0.275,0.383,Frame_61,,6.85
10:27:53.273,-1.862,-0.388,0.097,-0.299,0.360,Frame_61,,6.85
10:27:53.773,-1.878,-0.392,0.104,-0.306,0.361,Frame_62,,6.85
10:27:54.275,-1.892,-0.396,0.116,-0.339,0.378,Frame_62,,6.85
10:27:54.773,-1.906,-0.398,0.131,-0.376,0.367,Frame_62,,6.85
10:27:55.273,-1.924,-0.401,0.117,-0.394,0.364,Frame_62,,6.85
10:27:55.773,-1.945,-0.403,0.140,-0.356,0.384,Frame_62,,6.85
10:27:56.273,-1.963,-0.403,0.126,-0.329,0.366,Frame_62,,6.85
10:27:56.773,-1.984,-0.403,0.154,-0.268,0.349,Frame_62,,6.85
10:27:57.274,-2.013,-0.401,0.165,-0.249,0.365,Frame_63,,6.85
10:27:57.773,-2.039,-0.398,0.167,-0.236,0.357,Frame_63,,6.85
10:27:58.273,-2.063,-0.394,0.168,-0.261,0.357,Frame_63,,6.85
10:27:58.773,-2.085,-0.390,0.146,-0.255,0.327,Frame_63,,6.85
10:27:59.273,-2.105,-0.386,0.139,-0.249,0.359,Frame_63,,6.85
10:27:59.773,-2.120,-0.382,0.133,-0.237,0.351,Frame_63,,6.85
10:28:00.273,-2.138,-0.377,0.136,-0.251,0.368,Frame_63,,6.85
10:28:00.773,-2.158,-0.370,0.132,-0.248,0.340,Frame_64,,6.85
10:28:01.273,-2.174,-0.364,0.126,-0.265,0.344,Frame_64,,6.85
10:28:01.773,-2.190,-0.358,0.108,-0.235,0.349,Frame_64,,6.85
10:28:02.273,-2.203,-0.352,0.113,-0.288,0.363,Frame_64,,6.85
10:28:02.773,-2.222,-0.342,0.131,-0.330,0.371,Frame_64,,6.85
10:28:03.273,-2.235,-0.335,0.118,-0.402,0.358,Frame_64,,6.85
10:28:03.773,-2.251,-0.325,0.131,-0.510,0.359,Frame_64,,6.85
10:28:04.273,-2.267,-0.313,0.136,-0.496,0.371,Frame_64,,6.85
10:28:04.773,-2.280,-0.302,0.099,-0.474,0.371,Frame_65,,6.85
10:28:05.275,-2.289,-0.293,0.129,-0.502,0.375,Frame_65,,6.85
10:28:05.773,-2.302,-0.278,0.202,-0.686,0.370,Frame_65,,6.85
10:28:06.273,-2.317,-0.258,0.296,-0.812,0.378,Frame_65,,6.85
10:28:06.775,-2.347,-0.207,0.376,-0.964,0.377,Frame_65,,6.85
10:28:07.273,-2.367,-0.157,0.396,-1.013,0.368,Frame_65,,6.85
10:28:07.782,-2.382,-0.089,0.381,-1.025,0.377,Frame_65,,6.85
10:28:08.273,-2.385,-0.040,0.323,-0.882,0.375,Frame_66,,6.85
10:28:08.773,-2.381,0.009,0.267,-0.723,0.376,Frame_66,,6.85
10:28:09.278,-2.373,0.049,0.251,-0.685,0.367,Frame_66,,6.85
10:28:09.773,-2.364,0.080,0.189,-0.573,0.364,Frame_66,,6.85
10:28:10.277,-2.353,0.106,0.160,-0.538,0.360,Frame_66,,6.85
10:28:10.773,-2.342,0.127,0.133,-0.462,0.352,Frame_66,,7.77
10:28:11.273,-2.335,0.140,0.108,-0.429,0.341,Frame_67,,7.77
10:28:11.775,-2.323,0.156,0.095,-0.514,0.341,Frame_67,,7.77
10:28:12.275,-2.315,0.167,0.063,-0.564,0.337,Frame_67,,7.77
10:28:12.774,-2.310,0.172,0.053,-0.615,0.332,Frame_67,,7.77
10:28:13.280,-2.305,0.176,0.026,-0.614,0.337,Frame_67,,7.77
10:28:13.773,-2.302,0.178,0.013,-0.602,0.331,Frame_67,,7.77
10:28:14.273,-2.301,0.178,-0.002,-0.570,0.321,Frame_67,,7.77
10:28:14.774,-2.302,0.178,-0.001,-0.531,0.328,Frame_68,,7.77
10:28:15.273,-2.303,0.178,-0.004,-0.496,0.339,Frame_68,,7.77
10:28:15.773,-2.304,0.177,-0.002,-0.429,0.342,Frame_68,,7.77
10:28:16.282,-2.305,0.177,-0.017,-0.396,0.339,Frame_68,,7.77
10:28:16.773,-2.315,0.175,-0.143,-0.158,0.356,Frame_68,"Chiave 3 raccolta! [X: -2.306, Y: 0.177]",7.77
10:28:17.273,-2.341,0.172,-0.180,-0.310,0.367,Frame_68,,7.77
10:28:17.773,-2.363,0.169,-0.129,-0.481,0.402,Frame_69,,7.77
10:28:18.273,-2.380,0.169,-0.024,-0.648,0.417,Frame_69,,7.77
10:28:18.773,-2.383,0.169,-0.015,-0.822,0.413,Frame_69,,7.77
10:28:19.273,-2.385,0.169,-0.009,-0.907,0.419,Frame_69,,7.77
10:28:19.773,-2.384,0.169,0.009,-1.020,0.415,Frame_69,,7.77
10:28:20.274,-2.383,0.168,0.021,-1.086,0.415,Frame_69,,7.77
10:28:20.773,-2.379,0.165,0.041,-1.148,0.400,Frame_69,,7.77
10:28:21.275,-2.374,0.160,0.056,-1.139,0.393,Frame_70,,7.77
10:28:21.773,-2.368,0.151,0.123,-1.117,0.377,Frame_70,,7.77
10:28:22.273,-2.360,0.135,0.199,-1.098,0.354,Frame_70,,7.77
10:28:22.773,-2.348,0.097,0.378,-0.926,0.342,Frame_70,,7.77
10:28:23.273,-2.338,0.024,0.463,-0.786,0.315,Frame_70,,7.77
10:28:23.773,-2.337,-0.050,0.469,-0.649,0.292,Frame_70,,7.77
10:28:24.273,-2.344,-0.122,0.435,-0.530,0.285,Frame_70,,7.77
10:28:24.773,-2.358,-0.196,0.406,-0.386,0.310,Frame_71,,7.77
10:28:25.273,-2.373,-0.254,0.463,-0.260,0.351,Frame_71,,7.77
10:28:25.773,-2.398,-0.336,0.481,-0.162,0.368,Frame_71,,7.77
10:28:26.273,-2.417,-0.391,0.482,-0.123,0.461,Frame_71,,7.77
10:28:26.773,-2.440,-0.454,0.487,-0.089,0.496,Frame_71,,7.77
10:28:27.273,-2.453,-0.490,-0.044,-0.274,0.548,Frame_71,,7.77
10:28:27.773,-2.447,-0.476,-0.151,-0.350,0.558,Frame_72,,7.77
10:28:28.273,-2.437,-0.454,-0.208,-0.461,0.539,Frame_72,,7.77
10:28:28.773,-2.420,-0.425,-0.205,-0.552,0.507,Frame_72,,7.77
10:28:29.276,-2.402,-0.399,-0.179,-0.667,0.474,Frame_72,,7.77
10:28:29.773,-2.388,-0.382,-0.140,-0.748,0.444,Frame_72,,7.77
10:28:30.273,-2.376,-0.370,-0.104,-0.795,0.437,Frame_72,,7.77
10:28:30.777,-2.368,-0.364,-0.067,-0.880,0.414,Frame_72,,7.77
10:28:31.275,-2.361,-0.360,-0.044,-0.949,0.397,Frame_73,,7.77
10:28:31.776,-2.356,-0.358,-0.032,-1.051,0.395,Frame_73,,7.77
10:28:32.273,-2.352,-0.357,-0.015,-1.085,0.400,Frame_73,,7.77
10:28:32.773,-2.350,-0.356,-0.013,-1.131,0.417,Frame_73,,7.77
10:28:33.273,-2.349,-0.356,0.007,-1.169,0.419,Frame_73,,7.77
10:28:33.773,-2.351,-0.356,0.026,-1.189,0.436,Frame_73,,7.77
10:28:34.273,-2.354,-0.355,0.042,-1.204,0.433,Frame_73,,7.77
10:28:34.773,-2.359,-0.351,0.062,-1.195,0.454,Frame_74,,7.77
10:28:35.273,-2.370,-0.342,0.171,-1.151,0.454,Frame_74,,7.77
10:28:35.773,-2.382,-0.327,0.243,-1.119,0.477,Frame_74,,7.77
10:28:36.273,-2.407,-0.286,0.358,-1.030,0.475,Frame_74,,7.77
10:28:36.773,-2.430,-0.226,0.459,-0.846,0.471,Frame_74,,7.77
10:28:37.273,-2.445,-0.164,0.288,-0.716,0.463,Frame_74,,7.77
10:28:37.773,-2.446,-0.154,-0.088,-0.678,0.465,Frame_74,,7.77
10:28:38.273,-2.446,-0.181,-0.244,-0.527,0.476,Frame_75,,7.77
10:28:38.773,-2.450,-0.232,-0.244,-0.437,0.493,Frame_75,,7.77
10:28:39.278,-2.456,-0.268,-0.284,-0.456,0.518,Frame_75,,7.77
10:28:39.773,-2.467,-0.313,-0.270,-0.482,0.563,Frame_75,,7.77
10:28:40.273,-2.480,-0.354,-0.265,-0.571,0.609,Frame_75,,7.77
10:28:40.773,-2.495,-0.391,-0.228,-0.649,0.625,Frame_75,,7.77
10:28:41.273,-2.511,-0.420,-0.180,-0.747,0.663,Frame_76,,7.77
10:28:41.773,-2.522,-0.436,-0.093,-0.810,0.692,Frame_76,,7.77
10:28:42.273,-2.532,-0.446,-0.076,-0.887,0.704,Frame_76,,7.77
10:28:42.773,-2.538,-0.452,-0.046,-0.929,0.731,Frame_76,,7.77
10:28:43.273,-2.543,-0.455,-0.042,-0.969,0.738,Frame_76,,7.77
10:28:43.774,-2.549,-0.458,-0.030,-1.025,0.727,Frame_76,,7.77
10:28:44.273,-2.552,-0.459,-0.051,-1.081,0.737,Frame_76,,7.77
10:28:44.773,-2.560,-0.460,-0.037,-1.116,0.735,Frame_77,,7.77
10:28:45.273,-2.565,-0.459,-0.016,-1.118,0.728,Frame_77,,7.77
10:28:45.773,-2.566,-0.459,0.008,-1.142,0.725,Frame_77,,7.77
10:28:46.274,-2.564,-0.460,0.034,-1.129,0.714,Frame_77,,7.77
10:28:46.773,-2.557,-0.466,0.088,-1.091,0.704,Frame_77,,7.77
10:28:47.273,-2.546,-0.476,0.186,-1.052,0.681,Frame_77,,7.77
10:28:47.773,-2.534,-0.491,0.256,-1.024,0.686,Frame_78,,7.77
10:28:48.273,-2.511,-0.529,0.367,-0.950,0.670,Frame_78,,7.77
10:28:48.773,-2.489,-0.580,0.460,-0.797,0.668,Frame_78,,7.77
10:28:49.273,-2.468,-0.653,0.511,-0.691,0.681,Frame_78,,7.77
10:28:49.773,-2.455,-0.726,0.540,-0.531,0.713,Frame_78,,7.77
10:28:50.273,-2.446,-0.812,0.546,-0.429,0.796,Frame_78,,7.77
10:28:50.773,-2.444,-0.889,0.557,-0.285,0.883,Frame_78,,8.88
10:28:51.281,-2.446,-1.010,0.534,-0.181,0.915,Frame_79,,8.88
10:28:51.773,-2.451,-1.106,0.542,-0.092,0.870,Frame_79,,8.88
10:28:52.273,-2.460,-1.215,0.553,-0.039,0.829,Frame_79,,8.88
10:28:52.773,-2.467,-1.307,0.461,0.160,0.763,Frame_79,,8.88
10:28:53.273,-2.471,-1.381,0.356,0.248,0.765,Frame_79,,8.88
10:28:53.773,-2.471,-1.436,0.356,0.230,0.759,Frame_80,,8.88
10:28:54.273,-2.470,-1.494,0.374,0.191,0.748,Frame_80,,8.88
10:28:54.779,-2.467,-1.542,0.429,0.084,0.740,Frame_80,,8.88
10:28:55.273,-2.462,-1.621,0.472,0.066,0.729,Frame_80,,8.88
10:28:55.773,-2.458,-1.678,0.472,0.018,0.716,Frame_80,,9.43
10:28:56.273,-2.452,-1.753,0.463,0.006,0.703,Frame_80,,9.43
10:28:56.773,-2.447,-1.817,0.442,-0.007,0.705,Frame_80,,9.43
10:28:57.274,-2.442,-1.886,0.432,-0.012,0.688,Frame_81,,9.43
10:28:57.775,-2.438,-1.934,-0.004,0.154,0.684,Frame_81,,9.43
10:28:58.273,-2.439,-1.923,-0.155,0.191,0.678,Frame_81,,9.43
10:28:58.773,-2.442,-1.897,-0.222,0.297,0.694,Frame_81,,9.43
10:28:59.273,-2.448,-1.864,-0.187,0.443,0.685,Frame_81,,9.43
10:28:59.773,-2.453,-1.843,-0.111,0.616,0.703,Frame_81,,9.43
10:29:00.273,-2.458,-1.827,-0.046,0.762,0.721,Frame_82,,9.43
10:29:00.773,-2.460,-1.822,-0.061,0.814,0.729,Frame_82,,9.43
10:29:01.273,-2.463,-1.816,-0.047,0.889,0.745,Frame_82,,9.43
10:29:01.773,-2.468,-1.810,-0.037,0.970,0.750,Frame_82,,9.43
10:29:02.273,-2.470,-1.808,-0.017,1.005,0.745,Frame_82,,9.43
10:29:02.773,-2.472,-1.807,-0.005,1.006,0.765,Frame_82,,9.43
10:29:03.274,-2.473,-1.806,-0.001,1.002,0.771,Frame_82,,9.43
10:29:03.773,-2.472,-1.806,0.016,0.981,0.783,Frame_82,,9.43
10:29:04.273,-2.468,-1.807,0.036,0.959,0.787,Frame_83,,9.43
10:29:04.773,-2.461,-1.808,0.040,0.910,0.781,Frame_83,,9.43
10:29:05.273,-2.453,-1.807,0.088,0.899,0.763,Frame_83,,9.43
10:29:05.773,-2.439,-1.804,0.138,0.860,0.751,Frame_83,,9.43
10:29:06.273,-2.414,-1.796,0.205,0.786,0.740,Frame_83,,9.43
10:29:06.773,-2.389,-1.784,0.251,0.701,0.718,Frame_83,,9.43
10:29:07.273,-2.348,-1.760,0.288,0.603,0.666,Frame_84,,9.43
10:29:07.775,-2.319,-1.739,0.317,0.513,0.654,Frame_84,,9.43
10:29:08.273,-2.282,-1.707,0.299,0.450,0.595,Frame_84,,9.43
10:29:08.773,-2.252,-1.677,0.290,0.355,0.578,Frame_84,,9.43
10:29:09.273,-2.221,-1.643,0.287,0.271,0.543,Frame_84,,9.43
10:29:09.773,-2.192,-1.608,0.281,0.216,0.498,Frame_84,,9.43
10:29:10.275,-2.159,-1.565,0.326,0.127,0.477,Frame_84,,9.43
10:29:10.774,-2.127,-1.522,0.360,0.039,0.448,Frame_85,,9.43
10:29:11.273,-2.096,-1.480,0.386,-0.078,0.418,Frame_85,,9.43
10:29:11.773,-2.059,-1.429,0.383,-0.169,0.385,Frame_85,,9.43
10:29:12.273,-2.022,-1.382,0.388,-0.315,0.340,Frame_85,,9.43
10:29:12.780,-1.981,-1.334,0.389,-0.395,0.332,Frame_85,,9.43
10:29:13.273,-1.944,-1.296,0.377,-0.517,0.313,Frame_85,,9.43
10:29:13.773,-1.898,-1.255,0.399,-0.624,0.288,Frame_86,,9.43
10:29:14.273,-1.852,-1.221,0.401,-0.660,0.281,Frame_86,,9.43
10:29:14.773,-1.795,-1.188,0.434,-0.655,0.261,Frame_86,,9.43
10:29:15.274,-1.737,-1.160,0.480,-0.641,0.276,Frame_86,,9.43
10:29:15.773,-1.666,-1.135,0.473,-0.607,0.287,Frame_86,,9.86
10:29:16.273,-1.600,-1.119,0.506,-0.532,0.296,Frame_86,,9.86
10:29:16.781,-1.508,-1.103,0.532,-0.453,0.330,Frame_86,,9.86
10:29:17.274,-1.432,-1.097,0.564,-0.362,0.358,Frame_87,,9.86
10:29:17.773,-1.341,-1.093,0.564,-0.283,0.359,Frame_87,,9.86
10:29:18.276,-1.241,-1.095,0.549,-0.145,0.371,Frame_87,,9.86
10:29:18.774,-1.133,-1.099,0.523,-0.061,0.372,Frame_87,,9.86
10:29:19.273,-1.053,-1.104,0.469,-0.032,0.379,Frame_87,,9.86
10:29:19.773,-0.973,-1.108,0.427,-0.015,0.365,Frame_87,,9.86
10:29:20.273,-0.897,-1.113,0.435,0.010,0.367,Frame_88,,9.86
10:29:20.773,-0.809,-1.119,0.444,-0.007,0.362,Frame_88,,10.07
10:29:21.273,-0.721,-1.124,0.431,-0.019,0.361,Frame_88,,10.07
10:29:21.773,-0.652,-1.129,0.454,-0.046,0.355,Frame_88,,10.07
10:29:22.273,-0.559,-1.136,0.460,-0.057,0.351,Frame_88,,10.07
10:29:22.773,-0.483,-1.143,0.484,-0.140,0.362,Frame_89,,10.07
10:29:23.273,-0.405,-1.151,0.495,-0.227,0.353,Frame_89,,10.07
10:29:23.773,-0.338,-1.161,0.485,-0.308,0.354,Frame_89,,10.07
10:29:24.274,-0.263,-1.175,0.469,-0.389,0.346,Frame_89,,10.07
10:29:24.773,-0.181,-1.197,0.472,-0.463,0.332,Frame_89,,10.07
10:29:25.273,-0.117,-1.219,0.474,-0.618,0.326,Frame_89,,10.07
10:29:25.776,-0.057,-1.245,0.466,-0.624,0.304,Frame_89,,10.08
10:29:26.273,0.006,-1.280,0.441,-0.678,0.280,Frame_90,,10.08
10:29:26.773,0.070,-1.325,0.424,-0.682,0.285,Frame_90,,10.08
10:29:27.273,0.108,-1.358,0.418,-0.674,0.281,Frame_90,,10.08
10:29:27.773,0.149,-1.402,0.437,-0.661,0.289,Frame_90,,10.08
10:29:28.273,0.187,-1.450,0.451,-0.618,0.292,Frame_90,,10.08
10:29:28.773,0.219,-1.497,0.498,-0.611,0.298,Frame_90,,10.08
10:29:29.273,0.262,-1.577,0.524,-0.563,0.338,Frame_91,,10.08
10:29:29.773,0.288,-1.636,0.554,-0.464,0.376,Frame_91,,10.08
10:29:30.273,0.319,-1.720,0.566,-0.377,0.407,Frame_91,,10.08
10:29:30.775,0.341,-1.795,0.546,-0.247,0.430,Frame_91,,10.43
10:29:31.273,0.360,-1.868,0.521,-0.188,0.490,Frame_91,,10.43
10:29:31.773,0.378,-1.949,0.520,-0.128,0.529,Frame_91,,10.43
10:29:32.273,0.390,-2.010,0.505,-0.080,0.604,Frame_91,,10.43
10:29:32.775,0.407,-2.098,0.485,-0.027,0.637,Frame_92,,10.43
10:29:33.274,0.418,-2.155,0.464,0.015,0.715,Frame_92,,10.43
10:29:33.773,0.433,-2.234,0.427,0.008,0.760,Frame_92,,10.43
10:29:34.273,0.442,-2.284,0.413,0.037,0.773,Frame_92,,10.43
10:29:34.773,0.454,-2.345,0.374,0.058,0.859,Frame_92,,10.43
10:29:35.273,0.464,-2.396,0.379,0.377,0.892,Frame_92,,10.43
10:29:35.773,0.480,-2.456,0.399,0.523,0.945,Frame_92,,11.33
10:29:36.273,0.498,-2.508,0.376,0.604,0.956,Frame_93,,11.33
10:29:36.782,0.516,-2.548,0.347,0.632,0.908,Frame_93,,11.33
10:29:37.273,0.541,-2.593,0.291,0.652,0.902,Frame_93,,11.33
10:29:37.774,0.553,-2.612,-0.088,0.612,0.883,Frame_93,,11.33
10:29:38.274,0.537,-2.593,-0.248,0.616,0.872,Frame_93,,11.33
10:29:38.773,0.518,-2.573,-0.213,0.679,0.869,Frame_93,,11.33
10:29:39.273,0.497,-2.554,-0.137,0.779,0.865,Frame_93,,11.33
10:29:39.774,0.481,-2.543,-0.068,0.906,0.849,Frame_94,,11.33
10:29:40.273,0.473,-2.539,-0.056,0.978,0.855,Frame_94,,11.33
10:29:40.773,0.466,-2.537,-0.041,1.033,0.841,Frame_94,,11.33
10:29:41.273,0.462,-2.536,-0.023,1.092,0.796,Frame_94,,11.33
10:29:41.773,0.460,-2.536,-0.006,1.119,0.807,Frame_94,,11.33
10:29:42.276,0.459,-2.536,0.005,1.163,0.791,Frame_94,,11.33
10:29:42.773,0.460,-2.536,0.024,1.166,0.800,Frame_94,,11.33
10:29:43.273,0.465,-2.533,0.044,1.184,0.797,Frame_95,,11.33
10:29:43.773,0.470,-2.528,0.066,1.153,0.776,Frame_95,,11.33
10:29:44.273,0.479,-2.518,0.104,1.123,0.812,Frame_95,,11.33
10:29:44.773,0.487,-2.503,0.177,1.019,0.812,Frame_95,,11.33
10:29:45.273,0.500,-2.467,0.275,0.918,0.836,Frame_95,,11.33
10:29:45.773,0.507,-2.433,0.338,0.808,0.857,Frame_95,,11.33
10:29:46.274,0.513,-2.368,0.382,0.665,0.913,Frame_96,,11.33
10:29:46.773,0.510,-2.298,0.433,0.521,0.913,Frame_96,,11.33
10:29:47.273,0.499,-2.214,0.490,0.362,0.910,Frame_96,,11.33
10:29:47.773,0.486,-2.146,0.498,0.305,0.899,Frame_96,,11.33
10:29:48.273,0.470,-2.078,0.518,0.280,0.811,Frame_96,,11.33
10:29:48.773,0.447,-1.997,0.548,0.269,0.800,Frame_96,,11.33
10:29:49.275,0.423,-1.924,0.569,0.275,0.697,Frame_96,,11.33
10:29:49.773,0.391,-1.838,0.581,0.281,0.652,Frame_97,,11.33
10:29:50.276,0.355,-1.753,0.571,0.281,0.569,Frame_97,,11.33
10:29:50.773,0.316,-1.672,0.565,0.295,0.481,Frame_97,,11.73
10:29:51.273,0.274,-1.594,0.551,0.341,0.459,Frame_97,,11.73
10:29:51.773,0.228,-1.520,0.528,0.397,0.393,Frame_97,,11.73
10:29:52.273,0.179,-1.450,0.523,0.453,0.366,Frame_97,,11.73
10:29:52.774,0.133,-1.393,0.530,0.494,0.323,Frame_98,,11.73
10:29:53.273,0.074,-1.330,0.554,0.445,0.307,Frame_98,,11.73
10:29:53.773,0.026,-1.284,0.571,0.428,0.275,Frame_98,,11.73
10:29:54.273,-0.033,-1.235,0.536,0.514,0.281,Frame_98,,11.73
10:29:54.773,-0.093,-1.191,0.535,0.478,0.295,Frame_98,,11.73
10:29:55.273,-0.167,-1.145,0.572,0.398,0.329,Frame_98,,11.73
10:29:55.773,-0.249,-1.101,0.589,0.320,0.339,Frame_98,,11.73
10:29:56.273,-0.334,-1.061,0.586,0.276,0.387,Frame_99,,11.73
10:29:56.773,-0.408,-1.030,0.586,0.175,0.418,Frame_99,,11.73
10:29:57.277,-0.495,-0.996,0.582,0.133,0.465,Frame_99,,11.73
10:29:57.773,-0.572,-0.968,0.585,0.103,0.512,Frame_99,,11.73
10:29:58.281,-0.671,-0.934,0.577,0.088,0.516,Frame_99,,11.73
10:29:58.773,-0.737,-0.912,0.568,0.057,0.549,Frame_99,,11.73
10:29:59.274,-0.825,-0.883,0.585,0.043,0.573,Frame_100,,11.73
10:29:59.773,-0.914,-0.855,0.600,0.023,0.610,Frame_100,,11.73
10:30:00.273,-1.004,-0.827,0.579,-0.013,0.629,Frame_100,,11.73
10:30:00.773,-1.102,-0.796,0.547,-0.029,0.658,Frame_100,,11.74
10:30:01.273,-1.163,-0.777,0.524,-0.040,0.667,Frame_100,,11.74
10:30:01.773,-1.250,-0.748,0.492,-0.106,0.686,Frame_100,,11.74
10:30:02.273,-1.305,-0.730,0.470,-0.073,0.710,Frame_100,,11.74
10:30:02.773,-1.376,-0.705,0.468,-0.034,0.748,Frame_101,,11.74
10:30:03.273,-1.438,-0.682,0.444,0.033,0.754,Frame_101,,11.74
10:30:03.773,-1.503,-0.659,0.428,0.052,0.779,Frame_101,,11.74
10:30:04.273,-1.566,-0.638,0.394,0.071,0.731,Frame_101,,11.74
10:30:04.773,-1.632,-0.615,0.380,0.059,0.697,Frame_101,,11.74
10:30:05.273,-1.667,-0.604,0.364,0.056,0.684,Frame_101,,11.74
10:30:05.773,-1.722,-0.587,0.363,0.036,0.655,Frame_102,,11.78
10:30:06.273,-1.770,-0.572,0.344,0.017,0.647,Frame_102,,11.78
10:30:06.773,-1.814,-0.558,0.324,-0.012,0.583,Frame_102,,11.78
10:30:07.273,-1.856,-0.545,0.346,0.166,0.562,Frame_102,,11.78
10:30:07.774,-1.901,-0.531,0.387,0.328,0.544,Frame_102,,11.78
10:30:08.273,-1.965,-0.515,0.454,0.366,0.499,Frame_102,,11.78
10:30:08.781,-2.021,-0.504,0.494,0.346,0.454,Frame_102,,11.78
10:30:09.273,-2.101,-0.492,0.535,0.313,0.414,Frame_102,,11.78
10:30:09.774,-2.175,-0.485,0.541,0.311,0.413,Frame_103,,11.78
10:30:10.273,-2.250,-0.481,0.554,0.234,0.409,Frame_103,,11.78
10:30:10.773,-2.350,-0.479,0.553,0.069,0.426,Frame_103,,11.99
10:30:11.273,-2.449,-0.478,0.552,0.033,0.470,Frame_103,,11.99
10:30:11.773,-2.548,-0.479,0.545,0.028,0.529,Frame_103,,11.99
10:30:12.287,-2.636,-0.480,0.546,0.050,0.601,Frame_104,,11.99
10:30:12.774,-2.724,-0.481,0.548,0.037,0.687,Frame_104,,11.99
10:30:13.273,-2.834,-0.483,0.524,0.189,0.720,Frame_104,,11.99
10:30:13.773,-2.907,-0.486,0.390,0.440,0.640,Frame_104,,11.99
10:30:14.273,-2.960,-0.492,0.396,0.518,0.633,Frame_104,,11.99
10:30:14.773,-3.020,-0.503,0.484,0.359,0.584,Frame_104,,11.99
10:30:15.273,-3.097,-0.520,0.487,0.352,0.564,Frame_104,,11.99
10:30:15.773,-3.153,-0.536,0.478,0.340,0.555,Frame_105,,12.16
10:30:16.273,-3.216,-0.557,0.481,0.317,0.558,Frame_105,,12.16
10:30:16.773,-3.279,-0.580,0.501,0.089,0.556,Frame_105,,12.16
10:30:17.273,-3.336,-0.602,0.508,0.045,0.568,Frame_105,,12.16
10:30:17.773,-3.384,-0.622,0.023,0.116,0.598,Frame_105,,12.16
10:30:18.273,-3.377,-0.618,-0.133,0.261,0.604,Frame_105,,12.16
10:30:18.773,-3.364,-0.613,-0.079,0.419,0.601,Frame_105,,12.16
10:30:19.273,-3.359,-0.611,0.016,0.669,0.587,Frame_106,,12.16
10:30:19.773,-3.360,-0.611,-0.004,0.865,0.572,Frame_106,,12.16
10:30:20.273,-3.360,-0.611,0.004,0.986,0.572,Frame_106,,12.16
10:30:20.773,-3.360,-0.612,0.012,1.040,0.570,Frame_106,,12.16
10:30:21.273,-3.362,-0.614,0.039,1.074,0.555,Frame_106,,12.16
10:30:21.773,-3.365,-0.621,0.059,1.098,0.563,Frame_106,,12.16
10:30:22.273,-3.368,-0.631,0.107,1.064,0.564,Frame_106,,12.16
10:30:22.773,-3.371,-0.654,0.209,1.000,0.571,Frame_107,,12.16
10:30:23.273,-3.371,-0.686,0.283,0.931,0.611,Frame_107,,12.16
10:30:23.773,-3.361,-0.743,0.428,0.770,0.630,Frame_107,,12.16
10:30:24.273,-3.342,-0.803,0.488,0.680,0.719,Frame_107,,12.16
10:30:24.773,-3.310,-0.878,0.537,0.549,0.713,Frame_107,,12.16
10:30:25.273,-3.275,-0.944,0.546,0.500,0.608,Frame_107,,12.16
10:30:25.773,-3.228,-1.020,0.582,0.355,0.563,Frame_107,,12.50
10:30:26.273,-3.188,-1.077,0.589,0.255,0.464,Frame_108,,12.50
10:30:26.773,-3.126,-1.159,0.323,0.772,0.421,Frame_108,,12.50
10:30:27.273,-3.109,-1.177,0.095,0.886,0.366,Frame_108,,12.50
10:30:27.773,-3.094,-1.190,0.152,0.955,0.368,Frame_108,,12.50
10:30:28.274,-3.077,-1.201,0.303,0.878,0.342,Frame_108,,12.50
10:30:28.773,-3.025,-1.224,0.407,0.789,0.323,Frame_108,,12.50
10:30:29.279,-2.978,-1.240,0.451,0.758,0.313,Frame_109,,12.50
10:30:29.780,-2.914,-1.254,0.502,0.662,0.341,Frame_109,,12.50
10:30:30.273,-2.830,-1.264,0.546,0.509,0.360,Frame_109,,12.50
10:30:30.773,-2.753,-1.268,0.554,0.413,0.432,Frame_109,,12.88
10:30:31.273,-2.676,-1.266,0.549,0.350,0.474,Frame_109,,12.88
10:30:31.773,-2.569,-1.258,0.509,0.407,0.560,Frame_109,,12.88
10:30:32.273,-2.499,-1.248,0.504,0.393,0.684,Frame_109,,12.88
10:30:32.773,-2.420,-1.231,0.537,0.270,0.728,Frame_110,,12.88
10:30:33.273,-2.346,-1.212,0.569,0.141,0.763,Frame_110,,12.88
10:30:33.775,-2.258,-1.188,0.563,0.088,0.714,Frame_110,,12.88
10:30:34.273,-2.193,-1.169,0.574,0.027,0.610,Frame_110,,12.88
10:30:34.773,-2.094,-1.139,0.576,0.012,0.543,Frame_110,,12.88
10:30:35.273,-2.017,-1.115,0.575,-0.002,0.469,Frame_110,,12.88
10:30:35.773,-1.930,-1.088,0.569,0.004,0.438,Frame_110,,12.97
10:30:36.273,-1.857,-1.066,0.523,-0.087,0.355,Frame_111,,12.97
10:30:36.774,-1.778,-1.044,0.508,-0.098,0.338,Frame_111,,12.97
10:30:37.274,-1.726,-1.029,0.023,0.109,0.309,Frame_111,,12.97
10:30:37.773,-1.738,-1.032,-0.190,0.160,0.304,Frame_111,,12.97
10:30:38.273,-1.769,-1.042,-0.208,0.131,0.315,Frame_111,,12.97
10:30:38.773,-1.796,-1.051,-0.233,0.163,0.307,Frame_111,,12.97
10:30:39.274,-1.831,-1.063,-0.240,0.209,0.336,Frame_112,,12.97
10:30:39.773,-1.869,-1.078,-0.254,0.320,0.335,Frame_112,,12.97
10:30:40.273,-1.906,-1.095,-0.247,0.424,0.369,Frame_112,,12.97
10:30:40.773,-1.936,-1.111,-0.239,0.551,0.356,Frame_112,,13.01
10:30:41.273,-1.967,-1.130,-0.202,0.673,0.383,Frame_112,,13.01
10:30:41.773,-1.985,-1.144,-0.140,0.755,0.399,Frame_112,,13.01
10:30:42.274,-1.997,-1.156,-0.104,0.856,0.391,Frame_112,,13.01
10:30:42.773,-2.006,-1.166,-0.076,0.878,0.384,Frame_113,,13.01
10:30:43.274,-2.011,-1.174,-0.058,0.935,0.382,Frame_113,,13.01
10:30:43.773,-2.014,-1.181,-0.045,0.992,0.377,Frame_113,,13.01
10:30:44.273,-2.016,-1.188,-0.025,1.006,0.362,Frame_113,,13.01
10:30:44.776,-2.016,-1.191,-0.009,1.032,0.359,Frame_113,,13.01
10:30:45.273,-2.016,-1.192,0.003,1.067,0.350,Frame_113,,13.01
10:30:45.773,-2.017,-1.190,0.021,1.104,0.330,Frame_113,,13.01
10:30:46.273,-2.018,-1.186,0.046,1.104,0.318,Frame_114,,13.01
10:30:46.773,-2.022,-1.181,0.091,1.079,0.328,Frame_114,,13.01
10:30:47.273,-2.033,-1.168,0.136,1.089,0.321,Frame_114,,13.01
10:30:47.776,-2.051,-1.152,0.278,1.001,0.328,Frame_114,,13.01
10:30:48.275,-2.085,-1.130,0.389,0.889,0.370,Frame_114,,13.01
10:30:48.773,-2.129,-1.109,0.447,0.808,0.417,Frame_114,,13.01
10:30:49.273,-2.191,-1.086,0.495,0.622,0.450,Frame_114,,13.01
10:30:49.773,-2.268,-1.066,0.499,0.533,0.554,Frame_115,,13.01
10:30:50.273,-2.338,-1.053,0.537,0.388,0.592,Frame_115,,13.01
10:30:50.776,-2.403,-1.045,0.534,0.292,0.707,Frame_115,,13.05
10:30:51.273,-2.498,-1.038,0.524,0.222,0.745,Frame_115,,13.05
10:30:51.773,-2.561,-1.035,0.529,0.191,0.808,Frame_115,,13.05
10:30:52.275,-2.636,-1.034,0.544,0.132,0.828,Frame_115,,13.05
10:30:52.773,-2.700,-1.034,0.536,0.100,0.782,Frame_115,,13.05
10:30:53.274,-2.775,-1.035,0.526,0.067,0.743,Frame_116,,13.05
10:30:53.773,-2.861,-1.037,0.546,0.028,0.657,Frame_116,,13.05
10:30:54.273,-2.925,-1.039,0.551,0.050,0.607,Frame_116,,13.05
10:30:54.773,-3.003,-1.042,0.547,0.035,0.546,Frame_116,,13.05
10:30:55.283,-3.089,-1.045,0.539,-0.015,0.529,Frame_116,,13.05
10:30:55.773,-3.164,-1.048,0.537,-0.062,0.494,Frame_116,,13.05
10:30:56.273,-3.250,-1.051,0.525,-0.088,0.464,Frame_116,,13.05
10:30:56.774,-3.303,-1.053,0.529,0.073,0.442,Frame_117,,13.05
10:30:57.273,-3.399,-1.057,0.532,0.099,0.441,Frame_117,,13.05
10:30:57.776,-3.463,-1.060,0.545,0.042,0.448,Frame_117,,13.05
10:30:58.283,-3.550,-1.065,0.549,-0.004,0.460,Frame_117,,13.05
10:30:58.781,-3.626,-1.069,0.539,0.028,0.462,Frame_117,,13.05
10:30:59.274,-3.679,-1.073,0.541,0.011,0.464,Frame_117,,13.05
10:30:59.774,-3.767,-1.078,0.547,-0.063,0.471,Frame_117,,13.05
10:31:00.273,-3.843,-1.082,0.527,-0.114,0.466,Frame_118,,13.05
10:31:00.773,-3.917,-1.085,0.537,-0.058,0.477,Frame_118,,13.47
10:31:01.273,-4.004,-1.087,0.541,-0.062,0.479,Frame_118,,13.47
10:31:01.773,-4.057,-1.088,0.536,0.001,0.487,Frame_118,,13.47
10:31:02.274,-4.142,-1.090,0.535,-0.003,0.494,Frame_118,,13.47
10:31:02.773,-4.218,-1.092,0.544,0.030,0.508,Frame_118,,13.47
10:31:03.273,-4.283,-1.094,0.543,0.015,0.511,Frame_118,,13.47
10:31:03.773,-4.358,-1.096,0.538,-0.048,0.518,Frame_118,,13.47
10:31:04.277,-4.423,-1.097,0.543,-0.097,0.531,Frame_119,,13.47
10:31:04.773,-4.487,-1.098,0.520,-0.119,0.522,Frame_119,,13.47
10:31:05.273,-4.560,-1.097,0.524,-0.123,0.527,Frame_119,,13.47
10:31:05.773,-4.632,-1.096,0.504,-0.143,0.541,Frame_119,,13.51
10:31:06.273,-4.692,-1.093,0.505,-0.159,0.549,Frame_119,,13.51
10:31:06.774,-4.763,-1.089,0.502,-0.176,0.572,Frame_119,,13.51
10:31:07.273,-4.833,-1.083,0.502,-0.180,0.570,Frame_119,,13.51
10:31:07.773,-4.891,-1.076,0.165,-0.489,0.579,Frame_120,,13.51
10:31:08.273,-4.898,-1.075,0.047,-0.706,0.592,Frame_120,,13.51
10:31:08.773,-4.901,-1.075,0.053,-0.736,0.597,Frame_120,,13.51
10:31:09.284,-4.914,-1.071,0.201,-0.877,0.586,Frame_120,,13.51
10:31:09.773,-4.934,-1.063,0.288,-0.933,0.597,Frame_120,,13.51
10:31:10.273,-4.972,-1.042,0.377,-0.936,0.611,Frame_120,,13.51
10:31:10.776,-5.019,-1.007,0.488,-0.834,0.618,Frame_120,,13.51
10:31:11.275,-5.065,-0.965,0.553,-0.739,0.651,Frame_120,,13.51
10:31:11.773,-5.110,-0.916,0.572,-0.635,0.729,Frame_120,,13.51
10:31:12.273,-5.158,-0.853,0.566,-0.557,0.742,Frame_121,,13.51
10:31:12.773,-5.201,-0.788,0.538,-0.524,0.701,Frame_121,,13.51
10:31:13.273,-5.233,-0.731,0.551,-0.528,0.633,Frame_121,,13.51
10:31:13.775,-5.266,-0.660,0.561,-0.447,0.606,Frame_121,,13.51
10:31:14.273,-5.295,-0.587,0.564,-0.331,0.570,Frame_121,,13.51
10:31:14.773,-5.317,-0.523,0.547,-0.270,0.523,Frame_121,,13.51
10:31:15.273,-5.345,-0.430,0.529,-0.190,0.508,Frame_121,,13.51
10:31:15.778,-5.361,-0.369,0.525,-0.136,0.481,Frame_122,,13.93
10:31:16.273,-5.378,-0.298,0.509,-0.049,0.458,Frame_122,,13.93
10:31:16.774,-5.394,-0.230,0.413,-0.026,0.436,Frame_122,,13.93
10:31:17.273,-5.401,-0.201,-0.015,-0.106,0.446,Frame_122,,13.93
10:31:17.777,-5.397,-0.218,-0.174,-0.148,0.446,Frame_122,,13.93
10:31:18.274,-5.392,-0.245,-0.251,-0.228,0.431,Frame_122,,13.93
10:31:18.773,-5.387,-0.278,-0.230,-0.329,0.451,Frame_122,,13.93
10:31:19.282,-5.383,-0.309,-0.202,-0.443,0.445,Frame_123,,13.93
10:31:19.773,-5.382,-0.337,-0.102,-0.564,0.462,Frame_123,,13.93
10:31:20.273,-5.382,-0.349,-0.087,-0.632,0.456,Frame_123,,13.93
10:31:20.776,-5.384,-0.360,-0.063,-0.653,0.485,Frame_123,,13.93
10:31:21.273,-5.385,-0.368,-0.034,-0.686,0.505,Frame_123,,13.93
10:31:21.773,-5.386,-0.371,-0.036,-0.694,0.509,Frame_123,,13.93
10:31:22.273,-5.388,-0.375,-0.042,-0.719,0.508,Frame_123,,13.93
10:31:22.773,-5.390,-0.379,-0.035,-0.753,0.526,Frame_124,,13.93
10:31:23.275,-5.392,-0.381,-0.030,-0.824,0.524,Frame_124,,13.93
10:31:23.773,-5.395,-0.385,-0.022,-0.876,0.531,Frame_124,,13.93
10:31:24.277,-5.396,-0.386,-0.017,-0.919,0.536,Frame_124,,13.93
10:31:24.774,-5.397,-0.387,-0.004,-0.964,0.526,Frame_124,,13.93
10:31:25.273,-5.397,-0.387,0.001,-0.965,0.547,Frame_124,,13.93
10:31:25.786,-5.395,-0.386,0.036,-0.967,0.534,Frame_124,,13.93
10:31:26.274,-5.391,-0.385,0.062,-0.896,0.531,Frame_124,,13.93
10:31:26.773,-5.382,-0.384,0.132,-0.847,0.529,Frame_125,,13.93
10:31:27.273,-5.352,-0.384,0.245,-0.752,0.508,Frame_125,,13.93
10:31:27.773,-5.320,-0.388,0.314,-0.650,0.491,Frame_125,,13.93
10:31:28.273,-5.272,-0.397,0.424,-0.504,0.421,Frame_125,,13.93
10:31:28.773,-5.221,-0.411,0.485,-0.379,0.382,Frame_125,,13.93
10:31:29.273,-5.154,-0.432,0.528,-0.146,0.360,Frame_125,,13.93
10:31:29.777,-5.075,-0.460,0.535,0.038,0.285,Frame_125,,13.93
10:31:30.274,-5.015,-0.481,0.522,0.151,0.273,Frame_126,,13.93
10:31:30.773,-4.945,-0.503,0.515,0.223,0.253,Frame_126,,13.93
10:31:31.273,-4.867,-0.526,0.494,0.300,0.241,Frame_126,,13.93
10:31:31.773,-4.810,-0.539,0.485,0.320,0.267,Frame_126,,13.93
10:31:32.273,-4.753,-0.551,0.485,0.320,0.292,Frame_126,,13.93
10:31:32.773,-4.673,-0.564,0.528,0.227,0.296,Frame_126,,13.93
10:31:33.273,-4.620,-0.570,0.542,0.208,0.309,Frame_126,,13.93
10:31:33.773,-4.533,-0.579,0.552,0.204,0.332,Frame_126,,13.93
10:31:34.273,-4.467,-0.583,0.551,0.174,0.335,Frame_127,,13.93
10:31:34.773,-4.400,-0.587,0.560,0.108,0.345,Frame_127,,13.93
10:31:35.273,-4.333,-0.589,0.559,0.092,0.354,Frame_127,,13.93
10:31:35.773,-4.255,-0.591,0.555,0.082,0.366,Frame_127,,14.24
10:31:36.273,-4.155,-0.592,0.551,0.058,0.368,Frame_127,,14.24
10:31:36.773,-4.066,-0.592,0.551,0.045,0.363,Frame_127,,14.24
10:31:37.273,-3.956,-0.592,0.549,0.026,0.378,Frame_128,,14.24
10:31:37.781,-3.846,-0.590,0.553,0.009,0.378,Frame_128,,14.24
10:31:38.274,-3.758,-0.589,0.561,-0.015,0.375,Frame_128,,14.24
10:31:38.775,-3.668,-0.587,0.568,-0.005,0.388,Frame_128,,14.24
10:31:39.273,-3.557,-0.586,0.535,-0.026,0.389,Frame_128,,14.24
10:31:39.774,-3.450,-0.585,0.546,-0.028,0.389,Frame_128,,14.24
10:31:40.273,-3.361,-0.584,0.552,-0.043,0.395,Frame_129,,14.24
10:31:40.773,-3.273,-0.584,0.556,-0.006,0.395,Frame_129,,14.25
10:31:41.273,-3.184,-0.584,0.555,-0.040,0.396,Frame_129,,14.25
10:31:41.774,-3.073,-0.586,0.565,-0.113,0.405,Frame_129,,14.25
10:31:42.273,-2.993,-0.588,0.568,-0.122,0.448,Frame_129,,14.25
10:31:42.773,-2.904,-0.591,0.566,-0.069,0.465,Frame_129,,14.25
10:31:43.273,-2.825,-0.596,0.551,-0.060,0.542,Frame_129,,14.25
10:31:43.773,-2.737,-0.601,0.549,0.000,0.566,Frame_130,,14.25
10:31:44.273,-2.659,-0.606,0.548,0.007,0.656,Frame_130,,14.25
10:31:44.773,-2.571,-0.612,0.564,-0.033,0.680,Frame_130,,14.25
10:31:45.273,-2.491,-0.617,0.565,-0.070,0.607,Frame_130,,14.25
10:31:45.773,-2.401,-0.625,0.578,-0.033,0.551,Frame_130,,14.30
10:31:46.273,-2.310,-0.632,0.566,-0.034,0.488,Frame_130,,14.30
10:31:46.777,-2.232,-0.639,0.559,-0.098,0.457,Frame_130,,14.30
10:31:47.273,-2.154,-0.647,0.573,-0.140,0.414,Frame_131,,14.30
10:31:47.773,-2.073,-0.658,0.268,-0.243,0.409,Frame_131,,14.30
10:31:48.273,-2.062,-0.659,-0.168,-0.227,0.413,Frame_131,,14.30
10:31:48.773,-2.091,-0.654,-0.231,-0.239,0.405,Frame_131,,14.30
10:31:49.273,-2.125,-0.646,-0.214,-0.291,0.394,Frame_131,,14.30
10:31:49.773,-2.158,-0.636,-0.232,-0.403,0.399,Frame_132,,14.30
10:31:50.273,-2.190,-0.625,-0.241,-0.500,0.360,Frame_132,,14.30
10:31:50.773,-2.222,-0.612,-0.259,-0.552,0.375,Frame_132,,14.32
10:31:51.275,-2.255,-0.594,-0.203,-0.677,0.371,Frame_132,,14.32
10:31:51.773,-2.274,-0.582,-0.183,-0.755,0.369,Frame_132,,14.32
10:31:52.284,-2.293,-0.567,-0.143,-0.845,0.367,Frame_132,,14.32
10:31:52.773,-2.304,-0.556,-0.076,-0.900,0.351,Frame_132,,14.32
10:31:53.273,-2.309,-0.549,-0.042,-0.987,0.353,Frame_133,,14.32
10:31:53.773,-2.312,-0.545,-0.047,-1.062,0.331,Frame_133,,14.32
10:31:54.273,-2.314,-0.538,-0.044,-1.075,0.332,Frame_133,,14.32
10:31:54.773,-2.315,-0.532,-0.009,-1.125,0.308,Frame_133,,14.32
10:31:55.273,-2.315,-0.531,0.001,-1.175,0.299,Frame_133,,14.32
10:31:55.773,-2.316,-0.532,0.020,-1.187,0.291,Frame_133,,14.32
10:31:56.275,-2.317,-0.535,0.039,-1.171,0.307,Frame_133,,14.32
10:31:56.780,-2.321,-0.541,0.071,-1.129,0.285,Frame_134,,14.32
10:31:57.273,-2.321,-0.541,0.131,-1.100,0.325,Frame_134,,14.32
10:31:57.773,-2.345,-0.564,0.224,-1.067,0.343,Frame_134,,14.32
10:31:58.273,-2.376,-0.584,0.361,-0.908,0.361,Frame_134,,14.32
10:31:58.773,-2.433,-0.609,0.446,-0.765,0.418,Frame_134,,14.32
10:31:59.274,-2.495,-0.629,0.497,-0.630,0.509,Frame_134,,14.32
10:31:59.773,-2.576,-0.645,0.533,-0.548,0.543,Frame_134,,14.32
10:32:00.275,-2.652,-0.655,0.547,-0.322,0.592,Frame_135,,14.32
10:32:00.773,-2.749,-0.662,0.545,-0.234,0.681,Frame_135,,14.32
10:32:01.273,-2.826,-0.664,0.553,-0.144,0.723,Frame_135,,14.32
10:32:01.773,-2.925,-0.665,0.554,-0.084,0.693,Frame_135,,14.32
10:32:02.273,-3.023,-0.664,0.538,-0.092,0.608,Frame_135,,14.32
10:32:02.773,-3.100,-0.662,0.556,-0.071,0.565,Frame_135,,14.32
10:32:03.273,-3.167,-0.659,0.558,0.015,0.537,Frame_136,,14.32
10:32:03.774,-3.255,-0.657,0.542,0.075,0.525,Frame_136,,14.32
10:32:04.273,-3.355,-0.654,0.558,-0.078,0.503,Frame_136,,14.32
10:32:04.773,-3.422,-0.652,0.557,-0.105,0.492,Frame_136,,14.32
10:32:05.273,-3.500,-0.649,0.552,-0.122,0.483,Frame_136,,14.32
10:32:05.773,-3.591,-0.643,0.566,-0.081,0.488,Frame_136,,14.34
10:32:06.280,-3.646,-0.639,0.544,-0.038,0.475,Frame_136,,14.34
10:32:06.777,-3.745,-0.631,0.541,0.001,0.472,Frame_137,,14.34
10:32:07.273,-3.811,-0.626,0.541,0.031,0.468,Frame_137,,14.34
10:32:07.773,-3.897,-0.619,0.522,0.031,0.458,Frame_137,,14.34
10:32:08.273,-3.967,-0.614,0.474,0.007,0.444,Frame_137,,14.34
10:32:08.773,-4.031,-0.610,0.451,-0.013,0.443,Frame_137,,14.34
10:32:09.273,-4.084,-0.606,0.424,-0.026,0.437,Frame_137,,14.34
10:32:09.773,-4.142,-0.602,0.413,-0.005,0.427,Frame_137,,14.34
10:32:10.273,-4.183,-0.599,0.394,0.002,0.428,Frame_138,,14.34
10:32:10.773,-4.230,-0.595,0.374,0.020,0.418,Frame_138,,14.35
10:32:11.273,-4.281,-0.591,0.364,0.056,0.410,Frame_138,,14.35
10:32:11.782,-4.324,-0.589,0.353,0.067,0.414,Frame_138,,14.35
10:32:12.273,-4.366,-0.586,0.345,0.066,0.408,Frame_138,,14.35
10:32:12.773,-4.407,-0.584,0.343,0.052,0.404,Frame_138,,14.35
10:32:13.273,-4.441,-0.582,0.322,0.042,0.398,Frame_138,,14.35
10:32:13.773,-4.492,-0.580,0.314,0.038,0.400,Frame_138,,14.35
10:32:14.273,-4.524,-0.579,0.306,0.021,0.389,Frame_138,,14.35
10:32:14.776,-4.560,-0.578,0.303,-0.040,0.391,Frame_139,,14.35
10:32:15.273,-4.596,-0.576,0.283,-0.075,0.389,Frame_139,,14.35
10:32:15.774,-4.624,-0.575,0.268,-0.082,0.381,Frame_139,,14.35
10:32:16.273,-4.656,-0.573,0.264,-0.078,0.386,Frame_139,,14.35
10:32:16.773,-4.682,-0.572,0.251,-0.074,0.375,Frame_139,,14.35
10:32:17.277,-4.716,-0.569,0.242,-0.075,0.376,Frame_139,,14.35
10:32:17.773,-4.749,-0.567,0.221,-0.093,0.369,Frame_139,,14.35
10:32:18.273,-4.766,-0.565,0.236,-0.126,0.377,Frame_139,,14.35
10:32:18.773,-4.800,-0.561,0.247,-0.152,0.375,Frame_140,,14.35
10:32:19.273,-4.834,-0.557,0.259,-0.216,0.360,Frame_140,,14.35
10:32:19.773,-4.866,-0.552,0.281,-0.237,0.370,Frame_140,,14.35
10:32:20.274,-4.894,-0.547,0.279,-0.188,0.366,Frame_140,,14.35
10:32:20.773,-4.933,-0.539,0.279,-0.139,0.349,Frame_140,,14.40
10:32:21.273,-4.975,-0.529,0.264,-0.092,0.347,Frame_140,,14.40
10:32:21.773,-4.998,-0.523,0.215,-0.093,0.339,Frame_140,,14.40
10:32:22.273,-5.025,-0.516,0.203,-0.101,0.331,Frame_140,,14.40
10:32:22.773,-5.053,-0.509,0.211,-0.147,0.333,Frame_141,,14.40
10:32:23.273,-5.075,-0.503,0.174,-0.159,0.337,Frame_141,,14.40
10:32:23.773,-5.095,-0.496,0.170,-0.173,0.341,Frame_141,,14.40
10:32:24.273,-5.117,-0.489,0.150,-0.237,0.337,Frame_141,,14.40
10:32:24.773,-5.136,-0.482,0.129,-0.294,0.336,Frame_141,,14.40
10:32:25.274,-5.147,-0.477,0.134,-0.353,0.341,Frame_141,,14.40
10:32:25.773,-5.162,-0.471,0.138,-0.426,0.335,Frame_141,,14.40
10:32:26.273,-5.180,-0.461,0.158,-0.503,0.335,Frame_142,,14.40
10:32:26.773,-5.198,-0.451,0.200,-0.543,0.346,Frame_142,,14.40
10:32:27.273,-5.220,-0.435,0.278,-0.590,0.351,Frame_142,,14.40
10:32:27.777,-5.243,-0.417,0.037,-0.566,0.347,Frame_142,,14.40
10:32:28.273,-5.234,-0.425,-0.216,-0.541,0.365,Frame_142,,14.40
10:32:28.773,-5.215,-0.446,-0.243,-0.587,0.368,Frame_142,,14.40
10:32:29.273,-5.198,-0.467,-0.163,-0.682,0.390,Frame_142,,14.40
10:32:29.773,-5.188,-0.482,-0.117,-0.726,0.393,Frame_142,,14.40
10:32:30.273,-5.181,-0.495,-0.127,-0.749,0.409,Frame_142,,14.40
10:32:30.773,-5.174,-0.509,-0.110,-0.773,0.412,Frame_143,,14.62
10:32:31.273,-5.171,-0.521,-0.058,-0.782,0.426,Frame_143,,14.62
10:32:31.774,-5.169,-0.532,-0.051,-0.889,0.455,Frame_143,,14.62
10:32:32.273,-5.168,-0.537,-0.037,-0.929,0.449,Frame_143,,14.62
10:32:32.774,-5.169,-0.541,-0.020,-1.019,0.471,Frame_143,,14.62
10:32:33.273,-5.169,-0.543,-0.001,-1.057,0.472,Frame_143,,14.62
10:32:33.773,-5.169,-0.543,-0.011,-1.086,0.488,Frame_143,,14.62
10:32:34.273,-5.171,-0.546,-0.027,-1.066,0.468,Frame_144,,14.62
10:32:34.773,-5.172,-0.548,0.039,-1.079,0.464,Frame_144,,14.62
10:32:35.273,-5.170,-0.546,0.068,-1.074,0.477,Frame_144,,14.62
10:32:35.773,-5.159,-0.538,0.107,-1.093,0.456,Frame_144,,14.62
10:32:36.273,-5.142,-0.529,0.221,-0.986,0.449,Frame_144,,14.62
10:32:36.773,-5.121,-0.521,0.287,-0.926,0.392,Frame_144,,14.62
10:32:37.273,-5.071,-0.509,0.384,-0.841,0.386,Frame_144,,14.62
10:32:37.773,-5.040,-0.505,0.476,-0.629,0.367,Frame_145,,14.62
10:32:38.276,-4.935,-0.501,0.510,-0.369,0.295,Frame_145,,14.62
10:32:38.773,-4.875,-0.503,0.511,-0.247,0.286,Frame_145,,14.62
10:32:39.273,-4.801,-0.509,0.520,-0.127,0.279,Frame_145,,14.62
10:32:39.773,-4.728,-0.516,0.522,-0.044,0.276,Frame_145,,14.62
10:32:40.273,-4.655,-0.523,0.538,0.015,0.289,Frame_145,,14.62
10:32:40.773,-4.579,-0.531,0.552,0.050,0.305,Frame_145,,14.67
10:32:41.274,-4.502,-0.538,0.538,0.039,0.310,Frame_146,,14.67
10:32:41.773,-4.438,-0.544,0.543,0.073,0.322,Frame_146,,14.67
10:32:42.273,-4.361,-0.550,0.546,0.118,0.326,Frame_146,,14.67
10:32:42.773,-4.284,-0.554,0.549,0.116,0.337,Frame_146,,14.67
10:32:43.273,-4.207,-0.558,0.566,0.049,0.350,Frame_146,,14.67
10:32:43.773,-4.117,-0.562,0.564,0.028,0.353,Frame_146,,14.67
10:32:44.282,-4.050,-0.564,0.556,0.045,0.356,Frame_146,,14.67
10:32:44.773,-3.950,-0.567,0.546,0.039,0.368,Frame_147,,14.67
10:32:45.273,-3.862,-0.568,0.561,0.036,0.369,Frame_147,,14.67
10:32:45.773,-3.772,-0.570,0.567,0.018,0.368,Frame_147,,14.67
10:32:46.273,-3.660,-0.571,0.546,0.000,0.379,Frame_147,,14.67
10:32:46.773,-3.549,-0.572,0.550,-0.029,0.374,Frame_147,,14.67
10:32:47.273,-3.440,-0.574,0.547,0.004,0.376,Frame_147,,14.67
10:32:47.773,-3.351,-0.575,0.545,-0.016,0.391,Frame_148,,14.67
10:32:48.273,-3.264,-0.577,0.553,0.017,0.393,Frame_148,,14.67
10:32:48.773,-3.151,-0.579,0.554,-0.006,0.404,Frame_148,,14.67
10:32:49.273,-3.051,-0.580,0.574,-0.089,0.414,Frame_148,,14.67
10:32:49.773,-2.950,-0.584,0.552,-0.124,0.440,Frame_148,,14.67
10:32:50.276,-2.871,-0.587,0.561,-0.071,0.471,Frame_148,,14.67
10:32:50.773,-2.793,-0.592,0.564,-0.042,0.552,Frame_149,,14.68
10:32:51.273,-2.715,-0.597,0.566,-0.009,0.593,Frame_149,,14.68
10:32:51.773,-2.636,-0.603,0.567,-0.004,0.684,Frame_149,,14.68
10:32:52.273,-2.546,-0.609,0.565,-0.065,0.646,Frame_149,,14.68
10:32:52.774,-2.445,-0.618,0.563,-0.087,0.560,Frame_149,,14.68
10:32:53.273,-2.378,-0.624,0.550,-0.070,0.537,Frame_149,,14.68
10:32:53.773,-2.277,-0.635,0.572,-0.057,0.468,Frame_150,,14.68
10:32:54.273,-2.209,-0.643,0.570,-0.113,0.445,Frame_150,,14.68
10:32:54.773,-2.109,-0.655,0.559,-0.154,0.397,Frame_150,,14.68
10:32:55.273,-2.042,-0.666,0.571,-0.139,0.405,Frame_150,,14.68
10:32:55.773,-1.951,-0.681,0.580,-0.098,0.413,Frame_150,,14.68
10:32:56.273,-1.872,-0.696,0.574,-0.070,0.443,Frame_150,,14.68
10:32:56.776,-1.782,-0.714,0.560,-0.076,0.480,Frame_150,,14.68
10:32:57.273,-1.704,-0.731,0.567,-0.067,0.569,Frame_151,,14.68
10:32:57.773,-1.604,-0.753,0.579,-0.073,0.608,Frame_151,,14.68
10:32:58.273,-1.524,-0.772,0.590,-0.075,0.665,Frame_151,,14.68
10:32:58.773,-1.434,-0.794,0.566,-0.089,0.699,Frame_151,,14.68
10:32:59.273,-1.357,-0.815,0.578,-0.101,0.745,Frame_151,,14.68
10:32:59.773,-1.269,-0.839,0.564,-0.073,0.783,Frame_151,,14.68
10:33:00.273,-1.194,-0.861,0.537,-0.050,0.777,Frame_151,,14.68
10:33:00.784,-1.113,-0.886,0.531,-0.025,0.742,Frame_152,,14.69
10:33:01.273,-1.054,-0.904,0.492,-0.029,0.734,Frame_152,,14.69
10:33:01.773,-0.981,-0.926,0.456,-0.026,0.698,Frame_152,,14.69
10:33:02.275,-0.921,-0.945,0.434,-0.005,0.672,Frame_152,,14.69
10:33:02.773,-0.863,-0.963,0.428,0.025,0.654,Frame_152,,14.69
10:33:03.274,-0.797,-0.984,0.423,0.029,0.642,Frame_152,,14.69
10:33:03.773,-0.742,-1.001,0.406,0.021,0.618,Frame_152,,14.69
10:33:04.273,-0.688,-1.017,0.397,-0.006,0.598,Frame_153,,14.69
10:33:04.773,-0.634,-1.033,0.417,0.008,0.570,Frame_153,,14.69
10:33:05.274,-0.571,-1.052,0.402,-0.012,0.564,Frame_153,,14.69
10:33:05.773,-0.525,-1.066,0.381,-0.039,0.550,Frame_153,,14.70
10:33:06.273,-0.460,-1.086,0.360,-0.070,0.517,Frame_153,,14.70
10:33:06.773,-0.420,-1.099,0.356,-0.093,0.504,Frame_153,,14.70
10:33:07.274,-0.366,-1.117,0.348,-0.108,0.491,Frame_154,,14.70
10:33:07.773,-0.320,-1.133,0.337,-0.140,0.473,Frame_154,,14.70
10:33:08.273,-0.275,-1.149,0.337,-0.159,0.461,Frame_154,,14.70
10:33:08.773,-0.226,-1.169,0.318,-0.216,0.442,Frame_154,,14.70
10:33:09.273,-0.180,-1.189,0.311,-0.230,0.412,Frame_154,,14.70
10:33:09.781,-0.141,-1.208,0.311,-0.293,0.393,Frame_154,,14.70
10:33:10.273,-0.097,-1.231,0.311,-0.328,0.372,Frame_154,,14.70
10:33:10.773,-0.050,-1.259,0.349,-0.373,0.375,Frame_155,,14.75
10:33:11.273,-0.005,-1.290,0.347,-0.440,0.342,Frame_155,,14.75
10:33:11.773,0.026,-1.314,0.312,-0.491,0.325,Frame_155,,14.75
10:33:12.273,0.064,-1.348,0.324,-0.535,0.307,Frame_155,,14.75
10:33:12.773,0.095,-1.380,0.312,-0.594,0.305,Frame_155,,14.75
10:33:13.273,0.130,-1.424,0.302,-0.620,0.296,Frame_155,,14.75
10:33:13.773,0.152,-1.459,0.306,-0.664,0.292,Frame_155,,14.75
10:33:14.273,0.175,-1.502,0.319,-0.720,0.298,Frame_156,,14.75
10:33:14.781,0.189,-1.539,0.334,-0.726,0.299,Frame_156,,14.75
10:33:15.274,0.202,-1.584,0.347,-0.724,0.290,Frame_156,,14.75
10:33:15.775,0.212,-1.639,0.368,-0.699,0.293,Frame_156,,14.80
10:33:16.273,0.215,-1.687,0.332,-0.718,0.315,Frame_156,,14.80
10:33:16.773,0.213,-1.741,0.269,-0.826,0.322,Frame_156,,14.80
10:33:17.273,0.206,-1.782,0.278,-0.824,0.325,Frame_156,,14.80
10:33:17.776,0.196,-1.816,0.317,-0.794,0.338,Frame_157,,14.80
10:33:18.273,0.177,-1.862,0.314,-0.748,0.346,Frame_157,,14.80
10:33:18.773,0.151,-1.908,0.383,-0.628,0.348,Frame_157,,14.80
10:33:19.273,0.118,-1.955,0.436,-0.555,0.359,Frame_157,,14.80
10:33:19.773,0.072,-2.011,0.498,-0.348,0.361,Frame_157,,14.80
10:33:20.273,0.030,-2.055,0.515,-0.254,0.379,Frame_157,,14.80
10:33:20.773,-0.020,-2.106,0.503,-0.193,0.398,Frame_157,,14.94
10:33:21.274,-0.072,-2.154,0.515,-0.156,0.424,Frame_158,,14.94
10:33:21.773,-0.132,-2.209,0.502,-0.073,0.461,Frame_158,,14.94
10:33:22.273,-0.192,-2.261,0.492,0.051,0.503,Frame_158,,14.94
10:33:22.773,-0.243,-2.306,0.482,0.073,0.570,Frame_158,,14.94
10:33:23.273,-0.285,-2.345,0.480,0.062,0.597,Frame_158,,14.94
10:33:23.773,-0.326,-2.383,0.450,0.073,0.622,Frame_158,,14.94
10:33:24.273,-0.378,-2.431,0.434,0.073,0.691,Frame_158,,14.94
10:33:24.773,-0.414,-2.466,0.405,0.095,0.713,Frame_159,,14.94
10:33:25.273,-0.453,-2.505,0.378,0.113,0.733,Frame_159,,14.94
10:33:25.774,-0.495,-2.547,0.355,0.109,0.786,Frame_159,,14.94
10:33:26.273,-0.529,-2.584,0.353,0.142,0.809,Frame_159,,14.94
10:33:26.776,-0.562,-2.621,0.368,0.426,0.791,Frame_159,,14.94
10:33:27.273,-0.592,-2.658,0.324,0.555,0.780,Frame_159,,14.94
10:33:27.773,-0.619,-2.697,0.375,0.556,0.765,Frame_159,,14.94
10:33:28.273,-0.650,-2.751,0.398,0.511,0.761,Frame_160,,14.94
10:33:28.779,-0.674,-2.802,0.416,0.439,0.749,Frame_160,,14.94
10:33:29.274,-0.699,-2.863,0.415,0.184,0.723,Frame_160,,14.94
10:33:29.782,-0.721,-2.925,0.400,0.092,0.723,Frame_160,,14.94
10:33:30.273,-0.739,-2.978,0.380,-0.000,0.689,Frame_160,,14.94
10:33:30.783,-0.758,-3.033,0.364,-0.056,0.672,Frame_160,,15.24
10:33:31.285,-0.774,-3.080,0.329,0.050,0.694,Frame_161,,15.24
10:33:31.773,-0.789,-3.123,0.325,0.266,0.698,Frame_161,,15.24
10:33:32.273,-0.804,-3.173,0.319,0.589,0.703,Frame_161,,15.24
10:33:32.773,-0.813,-3.210,0.301,0.729,0.712,Frame_161,,15.24
10:33:33.273,-0.819,-3.261,0.253,0.839,0.712,Frame_161,,15.24
10:33:33.774,-0.819,-3.289,0.217,0.874,0.710,Frame_161,,15.24
10:33:34.273,-0.815,-3.319,0.158,0.927,0.726,Frame_161,,15.24
10:33:34.773,-0.810,-3.338,0.118,0.929,0.717,Frame_162,,15.24
10:33:35.274,-0.804,-3.352,0.068,0.921,0.724,Frame_162,,15.24
10:33:35.774,-0.800,-3.358,0.029,0.898,0.733,Frame_162,,15.24
10:33:36.273,-0.799,-3.359,-0.014,0.853,0.725,Frame_162,,15.24
10:33:36.773,-0.802,-3.357,-0.038,0.799,0.726,Frame_162,,15.24
10:33:37.273,-0.806,-3.354,-0.127,0.767,0.732,Frame_162,,15.24
10:33:37.773,-0.821,-3.344,-0.032,0.809,0.701,Frame_162,,15.24
10:33:38.276,-0.825,-3.342,-0.025,0.855,0.688,Frame_163,,15.24
10:33:38.773,-0.827,-3.341,-0.011,0.972,0.696,Frame_163,,15.24
10:33:39.276,-0.827,-3.341,0.010,1.008,0.686,Frame_163,,15.24
10:33:39.773,-0.825,-3.342,0.037,1.065,0.691,Frame_163,,15.24
10:33:40.274,-0.816,-3.340,0.078,1.059,0.702,Frame_163,,15.24
10:33:40.773,-0.803,-3.337,0.145,1.051,0.707,Frame_163,,15.24
10:33:41.273,-0.780,-3.326,0.276,0.984,0.716,Frame_163,,15.24
10:33:41.773,-0.749,-3.308,0.433,0.866,0.736,Frame_164,,15.24
10:33:42.273,-0.694,-3.264,0.511,0.817,0.663,Frame_164,,15.24
10:33:42.773,-0.643,-3.211,0.559,0.644,0.627,Frame_164,,15.24
10:33:43.273,-0.579,-3.131,0.578,0.547,0.557,Frame_164,,15.24
10:33:43.774,-0.533,-3.062,0.589,0.353,0.512,Frame_164,,15.24
10:33:44.273,-0.487,-2.983,0.571,0.288,0.489,Frame_164,,15.24
10:33:44.789,-0.450,-2.914,0.548,0.183,0.470,Frame_165,,15.24
10:33:45.273,-0.411,-2.837,0.533,0.102,0.472,Frame_165,,15.24
10:33:45.773,-0.379,-2.770,0.532,0.030,0.488,Frame_165,,15.24
10:33:46.273,-0.342,-2.693,0.520,-0.005,0.536,Frame_165,,15.24
10:33:46.773,-0.312,-2.629,0.494,-0.027,0.555,Frame_165,,15.24
10:33:47.273,-0.279,-2.560,0.464,-0.052,0.617,Frame_165,,15.24
10:33:47.773,-0.260,-2.521,0.017,-0.004,0.655,Frame_165,,15.24
10:33:48.273,-0.266,-2.534,-0.170,0.072,0.663,Frame_166,,15.24
10:33:48.773,-0.276,-2.553,-0.144,-0.015,0.641,Frame_166,,15.24
10:33:49.278,-0.286,-2.575,-0.143,-0.102,0.646,Frame_166,,15.24
10:33:49.773,-0.296,-2.594,-0.161,-0.090,0.612,Frame_166,,15.24
10:33:50.273,-0.308,-2.617,-0.156,-0.108,0.607,Frame_166,,15.24
10:33:50.773,-0.319,-2.637,-0.159,-0.131,0.592,Frame_166,,15.56
10:33:51.273,-0.332,-2.660,-0.168,-0.130,0.595,Frame_166,,15.56
10:33:51.773,-0.347,-2.685,-0.188,-0.083,0.573,Frame_167,,15.56
10:33:52.273,-0.361,-2.708,-0.192,-0.086,0.560,Frame_167,,15.56
10:33:52.774,-0.378,-2.734,-0.193,0.102,0.550,Frame_167,,15.56
10:33:53.273,-0.393,-2.759,-0.225,0.191,0.534,Frame_167,,15.56
10:33:53.773,-0.411,-2.790,-0.229,0.203,0.527,Frame_167,,15.56
10:33:54.273,-0.426,-2.818,-0.228,0.175,0.515,Frame_167,,15.56
10:33:54.773,-0.443,-2.852,-0.239,0.158,0.495,Frame_168,,15.56
10:33:55.273,-0.460,-2.888,-0.256,0.078,0.503,Frame_168,,15.56
10:33:55.774,-0.479,-2.929,-0.234,0.121,0.490,Frame_168,,15.56
10:33:56.273,-0.493,-2.963,-0.229,0.162,0.490,Frame_168,,15.56
10:33:56.776,-0.505,-2.992,-0.228,0.149,0.484,Frame_168,,15.56
10:33:57.273,-0.516,-3.021,-0.216,0.121,0.475,Frame_168,,15.56
10:33:57.773,-0.527,-3.052,-0.158,0.347,0.484,Frame_168,,15.56
10:33:58.273,-0.534,-3.074,-0.194,0.497,0.484,Frame_169,,15.56
10:33:58.773,-0.542,-3.108,-0.279,0.574,0.473,Frame_169,,15.56
10:33:59.273,-0.549,-3.159,-0.291,0.561,0.473,Frame_169,,15.56
10:33:59.773,-0.551,-3.201,-0.312,0.580,0.466,Frame_169,,15.56
10:34:00.273,-0.548,-3.256,-0.302,0.576,0.470,Frame_169,,15.56
10:34:00.773,-0.542,-3.298,-0.300,0.563,0.451,Frame_169,,15.56
10:34:01.274,-0.532,-3.343,-0.275,0.536,0.441,Frame_170,,15.56
10:34:01.773,-0.521,-3.378,-0.252,0.526,0.418,Frame_170,,15.56
10:34:02.273,-0.507,-3.413,-0.218,0.490,0.414,Frame_170,,15.56
10:34:02.773,-0.493,-3.440,-0.202,0.501,0.399,Frame_170,,15.56
10:34:03.273,-0.478,-3.466,-0.174,0.497,0.384,Frame_170,,15.56
10:34:03.776,-0.463,-3.487,-0.154,0.512,0.365,Frame_170,,15.56
10:34:04.273,-0.451,-3.503,-0.111,0.539,0.345,Frame_170,,15.56
10:34:04.773,-0.439,-3.514,-0.094,0.555,0.329,Frame_171,,15.56
10:34:05.273,-0.430,-3.522,-0.061,0.577,0.317,Frame_171,,15.56
10:34:05.773,-0.425,-3.526,-0.030,0.602,0.305,Frame_171,,15.56
10:34:06.273,-0.421,-3.528,-0.004,0.634,0.294,Frame_171,,15.56
10:34:06.773,-0.422,-3.528,0.031,0.666,0.282,Frame_171,,15.56
10:34:07.273,-0.429,-3.525,0.064,0.329,0.279,Frame_171,,15.56
10:34:07.773,-0.433,-3.524,-0.013,-0.094,0.297,Frame_171,,15.56
10:34:08.273,-0.432,-3.525,0.007,-0.394,0.293,Frame_172,,15.56
10:34:08.774,-0.434,-3.524,0.022,-0.666,0.299,Frame_172,,15.56
10:34:09.273,-0.438,-3.522,0.027,-0.833,0.299,Frame_172,,15.56
10:34:09.773,-0.442,-3.519,0.057,-0.938,0.318,Frame_172,,15.56
10:34:10.273,-0.450,-3.512,0.074,-0.987,0.331,Frame_172,,15.56
10:34:10.773,-0.458,-3.502,0.133,-1.008,0.336,Frame_172,,15.56
10:34:11.273,-0.469,-3.483,0.212,-1.042,0.364,Frame_172,,15.56
10:34:11.773,-0.483,-3.450,0.382,-0.968,0.377,Frame_173,,15.56
10:34:12.273,-0.496,-3.397,0.473,-0.907,0.415,Frame_173,,15.56
10:34:12.773,-0.506,-3.318,0.548,-0.744,0.432,Frame_173,,15.56
10:34:13.274,-0.506,-3.219,0.544,-0.691,0.450,Frame_173,,15.56
10:34:13.773,-0.498,-3.154,0.547,-0.612,0.440,Frame_173,,15.56
10:34:14.273,-0.481,-3.069,0.556,-0.456,0.445,Frame_173,,15.56
10:34:14.773,-0.461,-2.994,0.539,-0.350,0.450,Frame_174,,15.56
10:34:15.273,-0.434,-2.915,0.508,-0.284,0.480,Frame_174,,15.56
10:34:15.773,-0.409,-2.850,0.481,-0.248,0.490,Frame_174,,15.56
10:34:16.273,-0.379,-2.781,0.464,-0.160,0.515,Frame_174,,15.56
10:34:16.773,-0.348,-2.714,0.467,-0.076,0.549,Frame_174,,15.56
10:34:17.273,-0.313,-2.641,0.438,-0.080,0.569,Frame_174,,15.56
10:34:17.773,-0.290,-2.595,0.418,-0.097,0.604,Frame_174,,15.56
10:34:18.273,-0.259,-2.534,0.425,-0.111,0.651,Frame_175,,15.56
10:34:18.773,-0.233,-2.484,0.391,-0.094,0.684,Frame_175,,15.56
10:34:19.273,-0.203,-2.430,0.378,-0.093,0.735,Frame_175,,15.56
10:34:19.774,-0.178,-2.385,0.352,-0.085,0.759,Frame_175,,15.56
10:34:20.273,-0.150,-2.338,0.332,-0.114,0.730,Frame_175,,15.56
10:34:20.773,-0.126,-2.298,0.334,-0.121,0.665,Frame_175,,15.56
10:34:21.277,-0.098,-2.253,0.330,-0.151,0.628,Frame_176,,15.56
10:34:21.773,-0.071,-2.212,0.306,-0.152,0.581,Frame_176,,15.56
10:34:22.273,-0.043,-2.172,0.307,-0.123,0.549,Frame_176,,15.56
10:34:22.773,-0.020,-2.141,0.322,-0.103,0.504,Frame_176,,15.56
10:34:23.273,0.012,-2.098,0.355,-0.063,0.475,Frame_176,,15.56
10:34:23.773,0.049,-2.049,0.401,0.027,0.415,Frame_176,,15.56
10:34:24.273,0.090,-1.996,0.452,0.020,0.396,Frame_176,,15.56
10:34:24.773,0.127,-1.945,0.390,0.265,0.335,Frame_177,,15.56
10:34:25.274,0.163,-1.893,0.438,0.402,0.315,Frame_177,,15.56
10:34:25.773,0.197,-1.837,0.488,0.389,0.307,Frame_177,,15.58
10:34:26.273,0.235,-1.768,0.491,0.451,0.299,Frame_177,,15.58
10:34:26.775,0.267,-1.696,0.490,0.476,0.292,Frame_177,,15.58
10:34:27.273,0.290,-1.631,0.451,0.599,0.306,Frame_177,,15.58
10:34:27.773,0.309,-1.565,0.431,0.665,0.322,Frame_178,,15.58
10:34:28.273,0.320,-1.493,0.487,0.648,0.343,Frame_178,,15.58
10:34:28.773,0.325,-1.400,0.550,0.467,0.362,Frame_178,,15.58
10:34:29.273,0.322,-1.299,0.562,0.374,0.414,Frame_178,,15.58
10:34:29.773,0.311,-1.196,0.586,0.206,0.466,Frame_178,,15.58
10:34:30.274,0.301,-1.115,0.579,0.164,0.500,Frame_178,,15.58
10:34:30.776,0.288,-1.035,0.572,0.037,0.558,Frame_178,,15.58
10:34:31.273,0.274,-0.944,0.594,0.011,0.619,Frame_179,,15.58
10:34:31.773,0.261,-0.863,0.576,0.007,0.716,Frame_179,,15.58
10:34:32.273,0.246,-0.772,0.578,0.043,0.742,Frame_179,,15.58
10:34:32.773,0.233,-0.693,0.572,0.003,0.858,Frame_179,,15.58
10:34:33.273,0.217,-0.601,0.594,0.024,0.880,Frame_179,,15.58
10:34:33.773,0.199,-0.496,0.590,0.033,1.007,Frame_179,,15.58
10:34:34.273,0.186,-0.427,0.581,0.052,1.043,Frame_180,,15.58
10:34:34.777,0.167,-0.325,0.573,0.061,1.162,Frame_180,,15.58
10:34:35.273,0.154,-0.257,0.559,0.079,1.261,Frame_180,,15.58
10:34:35.780,0.136,-0.169,0.565,0.018,1.249,Frame_180,,15.58
10:34:36.273,0.114,-0.068,0.582,-0.000,1.162,Frame_180,,15.58
10:34:36.773,0.094,0.024,0.585,0.028,1.113,Frame_180,,15.58
10:34:37.273,0.075,0.115,0.582,0.063,1.043,Frame_181,,15.58
10:34:37.773,0.057,0.195,0.585,0.061,1.014,Frame_181,,15.58
10:34:38.274,0.035,0.286,0.580,0.055,0.941,Frame_181,,15.58
10:34:38.774,0.013,0.376,0.580,0.041,0.934,Frame_181,,15.58
10:34:39.273,-0.006,0.455,0.582,0.048,0.866,Frame_181,,15.58
10:34:39.773,-0.030,0.547,0.604,0.064,0.866,Frame_181,,15.58
10:34:40.273,-0.055,0.639,0.589,0.076,0.846,Frame_181,,15.58
10:34:40.773,-0.081,0.730,0.588,0.076,0.831,Frame_182,,15.58
10:34:41.273,-0.108,0.820,0.593,0.046,0.812,Frame_182,,15.58
10:34:41.773,-0.132,0.899,0.596,0.055,0.853,Frame_182,,15.58
10:34:42.273,-0.160,0.990,0.588,0.041,0.852,Frame_182,,15.58
10:34:42.776,-0.186,1.069,0.589,0.034,0.903,Frame_182,,15.58
10:34:43.273,-0.215,1.160,0.588,0.028,0.903,Frame_182,,15.58
10:34:43.773,-0.249,1.262,0.604,0.042,0.948,Frame_183,,15.58
10:34:44.273,-0.273,1.330,0.586,0.047,0.975,Frame_183,,15.58
10:34:44.777,-0.307,1.428,0.567,0.037,1.041,Frame_183,,15.58
10:34:45.274,-0.329,1.491,0.547,0.031,1.015,Frame_183,,15.58
10:34:45.773,-0.359,1.572,0.549,0.014,0.917,Frame_183,,15.59
10:34:46.273,-0.385,1.645,0.549,0.002,0.872,Frame_183,,15.59
10:34:46.773,-0.415,1.727,0.548,0.005,0.809,Frame_183,,15.59
10:34:47.275,-0.442,1.798,0.543,0.011,0.770,Frame_184,,15.59
10:34:47.773,-0.472,1.878,0.517,0.022,0.689,Frame_184,,15.59
10:34:48.273,-0.497,1.946,0.504,0.028,0.655,Frame_184,,15.59
10:34:48.773,-0.519,2.002,0.495,0.060,0.611,Frame_184,,15.59
10:34:49.276,-0.550,2.084,0.472,0.058,0.577,Frame_184,,15.59
10:34:49.773,-0.571,2.136,0.460,0.067,0.562,Frame_184,,15.59
10:34:50.274,-0.597,2.200,0.414,0.078,0.550,Frame_184,,15.59
10:34:50.773,-0.616,2.245,0.390,0.093,0.548,Frame_185,,15.75
10:34:51.273,-0.640,2.300,0.367,0.028,0.538,Frame_185,,15.75
10:34:51.774,-0.661,2.347,0.338,0.017,0.558,Frame_185,,15.75
10:34:52.273,-0.683,2.396,0.328,0.020,0.569,Frame_185,,15.75
10:34:52.773,-0.701,2.437,0.331,-0.212,0.569,Frame_185,,15.75
10:34:53.274,-0.720,2.482,0.369,-0.465,0.596,Frame_185,,15.75
10:34:53.773,-0.740,2.539,0.387,-0.679,0.605,Frame_185,,15.75
10:34:54.273,-0.752,2.592,0.387,-0.793,0.642,Frame_186,,15.75
10:34:54.773,-0.760,2.653,0.367,-0.840,0.651,Frame_186,,15.75
10:34:55.273,-0.759,2.709,0.323,-0.860,0.671,Frame_186,,15.75
10:34:55.773,-0.753,2.751,0.263,-0.877,0.674,Frame_186,,16.04
10:34:56.275,-0.743,2.784,0.216,-0.864,0.665,Frame_186,,16.04
10:34:56.773,-0.732,2.813,0.161,-0.846,0.674,Frame_186,,16.04
10:34:57.273,-0.722,2.830,0.221,-0.649,0.670,Frame_186,,16.04
10:34:57.773,-0.706,2.853,0.157,-0.367,0.661,Frame_187,,16.04
10:34:58.273,-0.696,2.866,0.076,0.033,0.651,Frame_187,,16.04
10:34:58.773,-0.690,2.875,0.064,0.235,0.647,Frame_187,,16.04
10:34:59.274,-0.681,2.886,0.156,0.470,0.623,Frame_187,,16.04
10:34:59.773,-0.671,2.902,0.189,0.513,0.621,Frame_187,,16.04
10:35:00.273,-0.653,2.935,0.259,0.522,0.600,Frame_187,,16.04
10:35:00.773,-0.642,2.960,0.314,0.514,0.579,Frame_187,,16.04
10:35:01.273,-0.627,3.001,0.095,0.721,0.565,Frame_188,,16.04
10:35:01.773,-0.625,3.009,0.070,0.866,0.556,Frame_188,,16.04
10:35:02.273,-0.623,3.023,0.140,0.817,0.539,Frame_188,,16.04
10:35:02.773,-0.623,3.050,0.215,0.763,0.538,Frame_188,,16.04
10:35:03.273,-0.628,3.088,0.284,0.622,0.525,Frame_188,,16.04
10:35:03.773,-0.637,3.130,0.314,0.518,0.531,Frame_188,,16.04
10:35:04.273,-0.652,3.177,0.312,0.421,0.539,Frame_189,,16.04
10:35:04.774,-0.668,3.219,0.317,0.341,0.553,Frame_189,,16.04
10:35:05.283,-0.691,3.270,0.313,0.242,0.559,Frame_189,,16.04
10:35:05.773,-0.707,3.303,0.314,-0.038,0.582,Frame_189,,16.33
10:35:06.273,-0.730,3.350,0.351,-0.404,0.589,Frame_189,,16.33
10:35:06.773,-0.747,3.390,0.379,-0.643,0.607,Frame_189,,16.33
10:35:07.275,-0.769,3.456,0.397,-0.705,0.646,Frame_189,,16.33
10:35:07.773,-0.779,3.501,0.351,-0.145,0.661,Frame_190,,16.33
10:35:08.274,-0.790,3.564,0.349,0.056,0.687,Frame_190,,16.33
10:35:08.773,-0.798,3.602,0.343,-0.117,0.693,Frame_190,,16.33
10:35:09.273,-0.808,3.658,0.376,-0.153,0.709,Frame_190,,16.33
10:35:09.773,-0.816,3.711,0.384,-0.172,0.704,Frame_190,,16.33
10:35:10.273,-0.823,3.772,0.387,-0.140,0.710,Frame_190,,16.33
10:35:10.773,-0.829,3.827,0.388,-0.112,0.712,Frame_190,,16.64
10:35:11.274,-0.835,3.902,0.345,0.010,0.724,Frame_191,,16.64
10:35:11.773,-0.839,3.952,0.330,-0.110,0.727,Frame_191,,16.64
10:35:12.273,-0.843,4.006,0.358,-0.352,0.726,Frame_191,,16.64
10:35:12.773,-0.843,4.072,0.364,-0.626,0.727,Frame_191,,16.64
10:35:13.273,-0.839,4.121,0.349,-0.710,0.735,Frame_191,,16.64
10:35:13.773,-0.830,4.167,0.307,-0.751,0.726,Frame_191,,16.64
10:35:14.273,-0.819,4.204,0.245,-0.767,0.714,Frame_192,,16.64
10:35:14.774,-0.804,4.238,0.206,-0.782,0.706,Frame_192,,16.64
10:35:15.278,-0.793,4.258,0.151,-0.785,0.708,Frame_192,,16.64
10:35:15.775,-0.778,4.278,0.125,-0.765,0.677,Frame_192,,16.64
10:35:16.273,-0.770,4.287,0.080,-0.723,0.677,Frame_192,,16.64
10:35:16.773,-0.763,4.293,0.045,-0.681,0.679,Frame_192,,16.64
10:35:17.273,-0.759,4.296,0.015,-0.648,0.680,Frame_192,,16.64
10:35:17.773,-0.759,4.296,-0.016,-0.338,0.670,Frame_193,,16.64
10:35:18.273,-0.765,4.293,-0.060,-0.134,0.678,Frame_193,,16.64
10:35:18.775,-0.772,4.289,-0.044,0.097,0.684,Frame_193,,16.64
10:35:19.273,-0.777,4.287,-0.017,0.237,0.687,Frame_193,,16.64
10:35:19.780,-0.778,4.286,0.003,0.351,0.698,Frame_193,,16.64
10:35:20.273,-0.774,4.288,0.070,0.476,0.701,Frame_193,,16.64
10:35:20.773,-0.765,4.295,0.060,0.558,0.691,Frame_193,,16.64
10:35:21.273,-0.762,4.298,-0.003,0.601,0.687,Frame_194,,16.64
10:35:21.773,-0.762,4.298,0.029,0.635,0.677,Frame_194,,16.64
10:35:22.273,-0.758,4.302,0.035,0.678,0.669,Frame_194,,16.64
10:35:22.773,-0.756,4.306,0.049,0.743,0.645,Frame_194,,16.64
10:35:23.273,-0.752,4.313,0.069,0.808,0.656,Frame_194,,16.64
10:35:23.773,-0.748,4.323,0.090,0.821,0.650,Frame_194,,16.64
10:35:24.273,-0.745,4.334,0.129,0.814,0.636,Frame_194,,16.64
10:35:24.774,-0.740,4.359,0.208,0.733,0.623,Frame_195,,16.64
10:35:25.273,-0.739,4.393,0.292,0.753,0.624,Frame_195,,16.64
10:35:25.773,-0.742,4.451,0.446,0.267,0.602,Frame_195,,17.07
10:35:26.273,-0.750,4.514,0.483,0.122,0.593,Frame_195,,17.07
10:35:26.773,-0.759,4.581,0.468,0.065,0.593,Frame_195,,17.07
10:35:27.273,-0.768,4.644,0.442,0.052,0.603,Frame_195,,17.07
10:35:27.773,-0.779,4.714,0.463,-0.060,0.625,Frame_195,,17.07
10:35:28.273,-0.788,4.771,0.489,-0.025,0.624,Frame_196,,17.07
10:35:28.773,-0.801,4.858,0.489,-0.046,0.646,Frame_196,,17.07
10:35:29.273,-0.809,4.916,0.466,-0.022,0.649,Frame_196,,17.07
10:35:29.773,-0.819,4.989,0.446,0.036,0.668,Frame_196,,17.07
10:35:30.273,-0.827,5.049,0.412,0.083,0.669,Frame_196,,17.07
10:35:30.774,-0.835,5.103,0.382,0.074,0.678,Frame_196,,17.07
10:35:31.276,-0.845,5.162,0.355,0.066,0.676,Frame_196,,17.07
10:35:31.773,-0.853,5.209,0.344,-0.213,0.694,Frame_197,,17.07
10:35:32.273,-0.859,5.250,0.351,-0.416,0.712,Frame_197,,17.07
10:35:32.773,-0.863,5.298,0.326,-0.626,0.710,Frame_197,,17.07
10:35:33.274,-0.862,5.364,0.338,-0.720,0.720,Frame_197,,17.07
10:35:33.773,-0.857,5.403,0.317,-0.763,0.723,Frame_197,,17.07
10:35:34.273,-0.845,5.456,0.262,-0.788,0.717,Frame_197,,17.07
10:35:34.773,-0.834,5.484,0.229,-0.795,0.726,Frame_198,,17.07
10:35:35.280,-0.819,5.514,0.179,-0.792,0.716,Frame_198,,17.07
10:35:35.773,-0.809,5.529,0.121,-0.760,0.700,Frame_198,,17.68
10:35:36.273,-0.798,5.543,0.095,-0.743,0.703,Frame_198,,17.68
10:35:36.773,-0.790,5.551,-0.029,-0.710,0.700,Frame_198,,17.68
10:35:37.273,-0.803,5.541,-0.206,-0.685,0.712,Frame_198,,17.68
10:35:37.773,-0.832,5.522,-0.201,-0.717,0.727,Frame_198,,17.68
10:35:38.273,-0.850,5.512,-0.065,-0.817,0.720,Frame_198,,17.68
10:35:38.773,-0.861,5.507,-0.020,-0.886,0.702,Frame_199,,17.68
10:35:39.276,-0.865,5.506,-0.024,-0.964,0.689,Frame_199,,17.68
10:35:39.773,-0.868,5.506,-0.019,-1.029,0.677,Frame_199,,17.68
10:35:40.273,-0.869,5.506,0.002,-1.060,0.692,Frame_199,,17.68
10:35:40.774,-0.868,5.505,0.017,-1.122,0.687,Frame_199,,17.68
10:35:41.273,-0.865,5.504,0.031,-1.109,0.705,Frame_199,,17.68
10:35:41.773,-0.861,5.502,0.051,-1.135,0.704,Frame_199,,17.68
10:35:42.273,-0.855,5.498,0.074,-1.136,0.717,Frame_200,,17.68
10:35:42.773,-0.845,5.486,0.145,-1.089,0.726,Frame_200,,17.68
10:35:43.273,-0.832,5.467,0.257,-1.011,0.719,Frame_200,,17.68
10:35:43.773,-0.813,5.425,0.366,-0.898,0.695,Frame_200,,17.68
10:35:44.273,-0.797,5.373,0.433,-0.793,0.664,Frame_200,,17.68
10:35:44.781,-0.784,5.302,0.482,-0.637,0.635,Frame_200,,17.68
10:35:45.276,-0.779,5.223,0.513,-0.520,0.624,Frame_201,,17.68
10:35:45.773,-0.780,5.138,0.557,-0.377,0.608,Frame_201,,17.68
10:35:46.273,-0.789,5.028,0.513,-0.224,0.610,Frame_201,,17.68
10:35:46.773,-0.796,4.971,0.448,-0.114,0.621,Frame_201,,17.68
10:35:47.274,-0.804,4.909,0.452,-0.059,0.622,Frame_201,,17.68
10:35:47.773,-0.814,4.842,0.528,-0.019,0.617,Frame_201,,17.68
10:35:48.273,-0.827,4.758,0.550,0.059,0.635,Frame_201,,17.68
10:35:48.773,-0.836,4.692,0.551,0.009,0.653,Frame_202,,17.68
10:35:49.273,-0.850,4.594,0.545,-0.020,0.663,Frame_202,,17.68
10:35:49.774,-0.861,4.518,0.543,-0.021,0.679,Frame_202,,17.68
10:35:50.274,-0.875,4.422,0.536,-0.031,0.681,Frame_202,,17.68
10:35:50.773,-0.886,4.348,0.550,-0.033,0.699,Frame_202,,18.09
10:35:51.275,-0.900,4.261,0.537,-0.003,0.703,Frame_202,,18.09
10:35:51.773,-0.913,4.177,0.537,0.028,0.712,Frame_202,,18.09
10:35:52.273,-0.924,4.101,0.543,0.074,0.727,Frame_203,,18.09
10:35:52.773,-0.937,4.005,0.537,0.085,0.722,Frame_203,,18.09
10:35:53.273,-0.945,3.940,0.546,0.101,0.731,Frame_203,,18.09
10:35:53.773,-0.955,3.853,0.549,0.108,0.715,Frame_203,,18.09
10:35:54.273,-0.963,3.776,0.549,0.111,0.701,Frame_203,,18.09
10:35:54.773,-0.970,3.690,0.545,0.119,0.696,Frame_203,,18.09
10:35:55.273,-0.975,3.603,0.557,0.090,0.696,Frame_204,,18.09
10:35:55.773,-0.980,3.491,0.561,0.087,0.679,Frame_204,,18.13
10:35:56.273,-0.984,3.380,0.553,-0.018,0.687,Frame_204,,18.13
10:35:56.780,-0.987,3.259,0.542,-0.083,0.674,Frame_204,,18.13
10:35:57.275,-0.992,3.162,0.529,-0.088,0.681,Frame_204,,18.13
10:35:57.773,-0.997,3.067,0.532,-0.055,0.683,Frame_204,,18.13
10:35:58.273,-1.004,2.970,0.549,-0.027,0.679,Frame_205,,18.13
10:35:58.773,-1.010,2.893,0.555,0.008,0.671,Frame_205,,18.13
10:35:59.284,-1.015,2.827,0.557,0.009,0.661,Frame_205,,18.13
10:35:59.775,-1.022,2.729,0.545,0.022,0.665,Frame_205,,18.13
10:36:00.273,-1.028,2.641,0.557,0.023,0.646,Frame_205,,18.13
10:36:00.773,-1.034,2.542,0.551,0.048,0.649,Frame_205,,18.14
10:36:01.276,-1.041,2.422,0.554,0.013,0.651,Frame_206,,18.14
10:36:01.773,-1.047,2.311,0.556,0.012,0.643,Frame_206,,18.14
10:36:02.273,-1.051,2.222,0.555,-0.016,0.642,Frame_206,,18.14
10:36:02.773,-1.056,2.134,0.565,-0.102,0.642,Frame_206,,18.14
10:36:03.273,-1.063,2.023,0.539,-0.112,0.633,Frame_206,,18.14
10:36:03.773,-1.071,1.936,0.562,-0.035,0.623,Frame_207,,18.14
10:36:04.273,-1.079,1.859,0.559,-0.021,0.620,Frame_207,,18.14
10:36:04.786,-1.089,1.759,0.572,0.012,0.614,Frame_207,,18.14
10:36:05.274,-1.096,1.679,0.564,0.043,0.605,Frame_207,,18.14
10:36:05.773,-1.105,1.581,0.558,0.054,0.604,Frame_207,,18.16
10:36:06.274,-1.111,1.514,0.558,0.042,0.592,Frame_207,,18.16
10:36:06.773,-1.119,1.415,0.537,-0.050,0.585,Frame_208,,18.16
10:36:07.273,-1.126,1.328,0.554,-0.083,0.579,Frame_208,,18.16
10:36:07.773,-1.133,1.250,0.549,-0.067,0.574,Frame_208,,18.16
10:36:08.282,-1.142,1.163,0.563,-0.037,0.575,Frame_208,,18.16
10:36:08.773,-1.151,1.085,0.564,0.011,0.573,Frame_208,,18.16
10:36:09.273,-1.160,1.006,0.573,-0.019,0.563,Frame_208,,18.16
10:36:09.773,-1.170,0.914,0.571,-0.001,0.556,Frame_208,,18.16
10:36:10.281,-1.182,0.813,0.568,-0.018,0.538,Frame_209,,18.16
10:36:10.773,-1.190,0.746,0.558,-0.056,0.527,Frame_209,,18.19
10:36:11.276,-1.202,0.646,0.570,-0.095,0.522,Frame_209,,18.19
10:36:11.773,-1.212,0.577,0.590,-0.082,0.525,Frame_209,,18.19
10:36:12.273,-1.230,0.461,0.587,-0.084,0.499,Frame_209,,18.19
10:36:12.773,-1.244,0.380,0.575,-0.102,0.487,Frame_209,,18.19
10:36:13.273,-1.260,0.291,0.583,-0.143,0.485,Frame_209,,18.19
10:36:13.773,-1.279,0.200,0.586,-0.150,0.464,Frame_210,,18.19
10:36:14.276,-1.298,0.120,0.593,-0.158,0.454,Frame_210,,18.19
10:36:14.773,-1.312,0.063,0.587,-0.181,0.425,Frame_210,,18.19
10:36:15.273,-1.341,-0.040,0.594,-0.202,0.419,Frame_210,,18.19
10:36:15.773,-1.363,-0.108,0.566,-0.285,0.404,Frame_210,,18.19
10:36:16.273,-1.396,-0.202,0.547,-0.352,0.385,Frame_210,,18.19
10:36:16.773,-1.422,-0.263,0.557,-0.347,0.390,Frame_211,,18.19
10:36:17.279,-1.470,-0.364,0.577,-0.297,0.412,Frame_211,,18.19
10:36:17.773,-1.503,-0.425,0.570,-0.213,0.418,Frame_211,,18.19
10:36:18.273,-1.549,-0.503,0.557,-0.150,0.470,Frame_211,,18.19
10:36:18.773,-1.590,-0.569,0.548,-0.134,0.501,Frame_211,,18.19
10:36:19.273,-1.638,-0.642,0.538,-0.125,0.569,Frame_211,,18.19
10:36:19.773,-1.680,-0.704,0.532,-0.076,0.601,Frame_211,,18.19
10:36:20.273,-1.728,-0.773,0.519,-0.082,0.682,Frame_212,,18.19
10:36:20.773,-1.777,-0.842,0.536,-0.046,0.757,Frame_212,,18.19
10:36:21.273,-1.828,-0.912,0.540,0.007,0.718,Frame_212,,18.19
10:36:21.773,-1.878,-0.982,0.531,0.057,0.633,Frame_212,,18.19
10:36:22.274,-1.921,-1.041,0.532,0.106,0.587,Frame_212,,18.19
10:36:22.774,-1.963,-1.102,0.524,0.167,0.503,Frame_212,,18.19
10:36:23.273,-2.008,-1.171,0.504,0.238,0.466,Frame_213,,18.19
10:36:23.773,-2.055,-1.248,0.507,0.275,0.394,Frame_213,,18.19
10:36:24.273,-2.089,-1.311,0.513,0.292,0.321,Frame_213,,18.19
10:36:24.773,-2.130,-1.395,0.516,0.303,0.318,Frame_213,,18.19
10:36:25.273,-2.155,-1.452,0.528,0.308,0.296,Frame_213,,18.19
10:36:25.773,-2.181,-1.521,0.522,0.323,0.291,Frame_213,,18.20
10:36:26.277,-2.205,-1.590,0.519,0.338,0.288,Frame_213,,18.20
10:36:26.782,-2.222,-1.650,0.516,0.338,0.308,Frame_214,,18.20
10:36:27.282,-2.243,-1.740,0.525,0.301,0.320,Frame_214,,18.20
10:36:27.773,-2.256,-1.814,0.545,0.274,0.336,Frame_214,,18.20
10:36:28.273,-2.269,-1.911,0.545,0.160,0.355,Frame_214,,18.20
10:36:28.773,-2.275,-1.965,0.544,0.127,0.363,Frame_214,,18.20
10:36:29.273,-2.283,-2.044,0.427,-0.254,0.385,Frame_214,,18.20
10:36:29.773,-2.293,-2.113,0.382,-0.470,0.381,Frame_214,,18.20
10:36:30.273,-2.302,-2.160,0.422,-0.459,0.388,Frame_215,,18.20
10:36:30.773,-2.318,-2.219,0.456,-0.462,0.393,Frame_215,,18.32
10:36:31.273,-2.343,-2.291,0.492,-0.409,0.404,Frame_215,,18.32
10:36:31.775,-2.358,-2.327,0.500,-0.335,0.410,Frame_215,,18.32
10:36:32.275,-2.395,-2.409,0.504,-0.216,0.437,Frame_215,,18.32
10:36:32.773,-2.432,-2.481,0.503,-0.119,0.454,Frame_215,,18.32
10:36:33.273,-2.465,-2.542,0.484,-0.024,0.499,Frame_215,,18.32
10:36:33.773,-2.502,-2.611,0.500,0.052,0.513,Frame_216,,18.32
10:36:34.273,-2.530,-2.664,0.493,0.148,0.558,Frame_216,,18.32
10:36:34.773,-2.566,-2.734,0.482,0.167,0.566,Frame_216,,18.32
10:36:35.273,-2.591,-2.786,0.474,0.138,0.602,Frame_216,,18.32
10:36:35.773,-2.622,-2.854,0.451,0.116,0.635,Frame_216,,18.32
10:36:36.273,-2.647,-2.910,0.411,0.112,0.643,Frame_216,,18.32
10:36:36.773,-2.671,-2.969,0.384,0.108,0.674,Frame_217,,18.32
10:36:37.273,-2.690,-3.017,0.218,0.215,0.697,Frame_217,,18.32
10:36:37.773,-2.696,-3.031,0.031,0.418,0.708,Frame_217,,18.32
10:36:38.273,-2.697,-3.037,0.045,0.503,0.710,Frame_217,,18.32
10:36:38.773,-2.698,-3.040,0.008,0.581,0.713,Frame_217,,18.32
10:36:39.273,-2.698,-3.043,0.025,0.718,0.720,Frame_217,,18.32
10:36:39.773,-2.699,-3.048,0.052,0.798,0.725,Frame_217,,18.32
10:36:40.281,-2.697,-3.060,0.118,0.851,0.735,Frame_217,,18.32
10:36:40.773,-2.694,-3.077,0.207,0.844,0.728,Frame_218,,18.56
10:36:41.273,-2.684,-3.106,0.290,0.861,0.727,Frame_218,,18.56
10:36:41.773,-2.664,-3.148,0.408,0.796,0.729,Frame_218,,18.56
10:36:42.273,-2.633,-3.198,0.451,0.738,0.714,Frame_218,,18.56
10:36:42.778,-2.587,-3.256,0.457,0.603,0.679,Frame_218,,18.56
10:36:43.273,-2.550,-3.296,0.457,0.557,0.629,Frame_218,,18.56
10:36:43.773,-2.510,-3.333,0.449,0.524,0.608,Frame_218,,18.56
10:36:44.273,-2.454,-3.378,0.460,0.461,0.587,Frame_219,,18.56
10:36:44.773,-2.416,-3.405,0.463,0.415,0.561,Frame_219,,18.56
10:36:45.273,-2.347,-3.448,0.433,0.439,0.512,Frame_219,,18.56
10:36:45.773,-2.303,-3.472,0.412,0.407,0.486,Frame_219,,19.01
10:36:46.273,-2.251,-3.496,0.403,0.387,0.447,Frame_219,,19.01
10:36:46.773,-2.193,-3.519,0.380,0.384,0.436,Frame_219,,19.01
10:36:47.276,-2.144,-3.535,0.353,0.360,0.387,Frame_219,,19.01
10:36:47.773,-2.105,-3.546,0.146,-0.190,0.385,Frame_220,,19.01
10:36:48.273,-2.085,-3.552,0.175,-0.411,0.365,Frame_220,,19.01
10:36:48.773,-2.055,-3.563,0.241,-0.583,0.386,Frame_220,,19.01
10:36:49.273,-2.026,-3.576,0.316,-0.622,0.361,Frame_220,,19.01
10:36:49.773,-1.986,-3.598,0.351,-0.644,0.368,Frame_220,,19.01
10:36:50.273,-1.944,-3.626,0.385,-0.611,0.355,Frame_220,,19.01
10:36:50.773,-1.895,-3.666,0.405,-0.586,0.377,Frame_221,,19.01
10:36:51.278,-1.854,-3.706,0.418,-0.526,0.407,Frame_221,,19.01
10:36:51.773,-1.821,-3.742,0.390,-0.567,0.422,Frame_221,,19.01
10:36:52.273,-1.787,-3.786,0.408,-0.593,0.477,Frame_221,,19.01
10:36:52.774,-1.749,-3.845,0.470,-0.515,0.476,Frame_221,,19.01
10:36:53.273,-1.719,-3.902,0.450,-0.456,0.512,Frame_221,,19.01
10:36:53.773,-1.692,-3.959,0.480,-0.342,0.508,Frame_221,,19.01
10:36:54.273,-1.667,-4.022,0.506,-0.488,0.551,Frame_221,,19.01
10:36:54.780,-1.642,-4.100,0.514,-0.414,0.560,Frame_222,,19.01
10:36:55.273,-1.627,-4.161,0.521,-0.346,0.602,Frame_222,,19.01
10:36:55.773,-1.609,-4.251,0.503,-0.256,0.634,Frame_222,,19.59
10:36:56.273,-1.601,-4.301,0.508,-0.211,0.661,Frame_222,,19.59
10:36:56.773,-1.590,-4.384,0.353,0.142,0.706,Frame_222,,19.59
10:36:57.277,-1.585,-4.419,0.273,0.421,0.669,Frame_222,,19.59
10:36:57.773,-1.577,-4.459,0.357,0.458,0.643,Frame_222,,19.59
10:36:58.279,-1.563,-4.510,0.412,0.471,0.634,Frame_223,,19.59
10:36:58.773,-1.544,-4.567,0.458,0.447,0.577,Frame_223,,19.59
10:36:59.273,-1.516,-4.636,0.481,0.397,0.582,Frame_223,,19.59
10:36:59.774,-1.486,-4.697,0.480,0.334,0.570,Frame_223,,19.59
10:37:00.273,-1.459,-4.747,0.477,0.277,0.570,Frame_223,,19.59
10:37:00.773,-1.421,-4.812,0.461,0.192,0.599,Frame_223,,19.59
10:37:01.273,-1.392,-4.858,0.429,0.154,0.623,Frame_223,,19.59
10:37:01.773,-1.351,-4.918,0.370,0.244,0.653,Frame_223,,19.59
10:37:02.273,-1.326,-4.953,0.356,0.232,0.696,Frame_224,,19.59
10:37:02.773,-1.299,-4.987,0.377,0.348,0.710,Frame_224,,19.59
10:37:03.273,-1.265,-5.028,0.387,0.420,0.722,Frame_224,,19.59
10:37:03.773,-1.233,-5.062,0.369,0.439,0.711,Frame_224,,19.59
10:37:04.273,-1.192,-5.101,0.344,0.452,0.681,Frame_224,,19.59
10:37:04.773,-1.161,-5.127,0.314,0.440,0.654,Frame_224,,19.59
10:37:05.273,-1.129,-5.151,0.267,0.431,0.626,Frame_225,,19.59
10:37:05.773,-1.099,-5.170,0.228,0.410,0.593,Frame_225,,20.56
10:37:06.273,-1.070,-5.187,0.183,0.383,0.567,Frame_225,,20.56
10:37:06.774,-1.051,-5.196,0.162,0.372,0.551,Frame_225,,20.56
10:37:07.273,-1.046,-5.199,-0.144,0.395,0.539,Frame_225,,20.56
10:37:07.773,-1.071,-5.190,-0.216,0.436,0.560,Frame_225,,20.56
10:37:08.277,-1.103,-5.180,-0.192,0.556,0.582,Frame_225,,20.56
10:37:08.773,-1.127,-5.175,-0.125,0.660,0.624,Frame_226,,20.56
10:37:09.279,-1.146,-5.173,-0.053,0.762,0.641,Frame_226,,20.56
10:37:09.775,-1.153,-5.173,-0.024,0.867,0.649,Frame_226,,20.56
10:37:10.273,-1.157,-5.174,-0.033,0.975,0.657,Frame_226,,20.56
10:37:10.773,-1.159,-5.175,-0.018,1.025,0.667,Frame_226,,20.56
10:37:11.276,-1.162,-5.176,-0.009,1.087,0.660,Frame_226,,20.56
10:37:11.773,-1.163,-5.176,0.009,1.112,0.654,Frame_226,,20.56
10:37:12.273,-1.161,-5.175,0.023,1.148,0.652,Frame_227,,20.56
10:37:12.773,-1.158,-5.171,0.047,1.149,0.653,Frame_227,,20.56
10:37:13.283,-1.154,-5.163,0.075,1.170,0.637,Frame_227,,20.56
10:37:13.782,-1.150,-5.150,0.148,1.111,0.623,Frame_227,,20.56
10:37:14.273,-1.145,-5.122,0.259,1.043,0.608,Frame_227,,20.56
10:37:14.773,-1.145,-5.082,0.400,0.910,0.602,Frame_227,,20.56
10:37:15.274,-1.154,-5.015,0.503,0.773,0.572,Frame_227,,20.56
10:37:15.773,-1.176,-4.933,0.569,0.632,0.566,Frame_228,,20.56
10:37:16.273,-1.204,-4.858,0.595,0.476,0.593,Frame_228,,20.56
10:37:16.773,-1.245,-4.770,0.605,0.363,0.619,Frame_228,,20.56
10:37:17.273,-1.290,-4.685,0.591,0.279,0.677,Frame_228,,20.56
10:37:17.773,-1.338,-4.604,0.587,0.200,0.746,Frame_228,,20.56
10:37:18.276,-1.383,-4.535,0.586,0.146,0.741,Frame_228,,20.56
10:37:18.774,-1.422,-4.476,0.595,0.091,0.751,Frame_229,,20.56
10:37:19.273,-1.483,-4.388,0.597,0.064,0.725,Frame_229,,20.56
10:37:19.773,-1.539,-4.309,0.606,0.054,0.720,Frame_229,,20.56
10:37:20.276,-1.594,-4.232,0.586,0.086,0.723,Frame_229,,20.56
10:37:20.773,-1.643,-4.166,0.586,0.105,0.712,Frame_229,,20.94
10:37:21.273,-1.700,-4.092,0.593,0.121,0.664,Frame_229,,20.94
10:37:21.773,-1.760,-4.017,0.606,0.132,0.571,Frame_229,,20.94
10:37:22.273,-1.813,-3.952,0.600,0.082,0.535,Frame_230,,20.94
10:37:22.773,-1.876,-3.879,0.608,0.089,0.461,Frame_230,,20.94
10:37:23.273,-1.933,-3.814,0.610,0.079,0.413,Frame_230,,20.94
10:37:23.774,-1.982,-3.760,0.608,0.129,0.374,Frame_230,,20.94
10:37:24.273,-2.056,-3.680,0.591,0.130,0.349,Frame_230,,20.94
10:37:24.773,-2.097,-3.637,0.604,0.125,0.355,Frame_230,,20.94
10:37:25.273,-2.148,-3.586,0.612,0.103,0.344,Frame_230,,20.94
10:37:25.773,-2.192,-3.543,0.612,0.102,0.360,Frame_231,,21.09
10:37:26.273,-2.262,-3.475,0.608,0.074,0.389,Frame_231,,21.09
10:37:26.773,-2.316,-3.425,0.622,0.037,0.366,Frame_231,,21.09
10:37:27.273,-2.389,-3.357,0.626,-0.015,0.379,Frame_231,,21.09
10:37:27.773,-2.452,-3.298,0.611,-0.049,0.387,Frame_231,,21.09
10:37:28.273,-2.505,-3.247,0.612,-0.045,0.452,Frame_231,,21.09
10:37:28.773,-2.576,-3.179,0.604,-0.067,0.502,Frame_231,,21.09
10:37:29.273,-2.627,-3.129,0.598,-0.048,0.536,Frame_231,,21.09
10:37:29.773,-2.686,-3.070,0.589,-0.063,0.615,Frame_232,,21.09
10:37:30.276,-2.744,-3.012,0.595,-0.046,0.675,Frame_232,,21.09
10:37:30.773,-2.794,-2.961,0.597,0.038,0.719,Frame_232,,21.18
10:37:31.273,-2.836,-2.918,0.612,0.060,0.703,Frame_232,,21.18
10:37:31.773,-2.896,-2.858,0.601,0.059,0.616,Frame_232,,21.18
10:37:32.273,-2.956,-2.798,0.610,0.082,0.568,Frame_232,,21.18
10:37:32.773,-3.007,-2.749,0.578,0.144,0.529,Frame_232,,21.18
10:37:33.273,-3.066,-2.694,0.573,0.165,0.462,Frame_233,,21.18
10:37:33.774,-3.116,-2.649,0.548,0.169,0.421,Frame_233,,21.18
10:37:34.273,-3.183,-2.592,0.560,0.177,0.369,Frame_233,,21.18
10:37:34.773,-3.243,-2.544,0.547,0.169,0.362,Frame_233,,21.18
10:37:35.273,-3.304,-2.497,0.532,0.169,0.346,Frame_233,,21.18
10:37:35.773,-3.355,-2.460,0.528,0.208,0.350,Frame_233,,21.26
10:37:36.273,-3.433,-2.405,0.538,0.189,0.348,Frame_233,,21.26
10:37:36.773,-3.478,-2.376,0.534,0.150,0.389,Frame_233,,21.26
10:37:37.273,-3.550,-2.331,0.527,0.112,0.411,Frame_234,,21.26
10:37:37.773,-3.610,-2.295,0.247,0.014,0.435,Frame_234,,21.26
10:37:38.273,-3.626,-2.285,-0.010,-0.231,0.453,Frame_234,,21.26
10:37:38.773,-3.622,-2.288,-0.054,-0.422,0.461,Frame_234,,21.26
10:37:39.273,-3.615,-2.293,-0.071,-0.601,0.458,Frame_234,,21.26
10:37:39.773,-3.606,-2.301,-0.095,-0.766,0.449,Frame_234,,21.26
10:37:40.275,-3.598,-2.309,-0.087,-0.878,0.437,Frame_234,,21.26
10:37:40.775,-3.591,-2.318,-0.095,-0.955,0.428,Frame_235,,21.26
10:37:41.273,-3.584,-2.329,-0.102,-1.005,0.410,Frame_235,,21.26
10:37:41.773,-3.579,-2.342,-0.094,-1.020,0.386,Frame_235,,21.26
10:37:42.284,-3.576,-2.353,-0.084,-1.056,0.388,Frame_235,,21.26
10:37:42.773,-3.575,-2.368,-0.082,-1.069,0.362,Frame_235,,21.26
10:37:43.275,-3.575,-2.376,-0.060,-1.079,0.358,Frame_235,,21.26
10:37:43.773,-3.577,-2.384,-0.013,-1.127,0.348,Frame_235,,21.26
10:37:44.273,-3.577,-2.385,0.012,-1.188,0.344,Frame_236,,21.26
10:37:44.773,-3.577,-2.384,0.002,-1.266,0.360,Frame_236,,21.26
10:37:45.273,-3.575,-2.383,0.023,-1.293,0.366,Frame_236,,21.26
10:37:45.773,-3.571,-2.380,0.048,-1.291,0.374,Frame_236,,21.26
10:37:46.273,-3.565,-2.378,0.059,-1.264,0.398,Frame_236,,21.26
10:37:46.775,-3.552,-2.375,0.118,-1.220,0.405,Frame_236,,21.26
10:37:47.273,-3.531,-2.374,0.221,-1.135,0.431,Frame_237,,21.26
10:37:47.773,-3.490,-2.380,0.257,-1.081,0.437,Frame_237,,21.26
10:37:48.273,-3.457,-2.390,0.329,-0.997,0.436,Frame_237,,21.26
10:37:48.773,-3.413,-2.410,0.382,-0.944,0.432,Frame_237,,21.26
10:37:49.279,-3.359,-2.445,0.426,-0.841,0.426,Frame_237,,21.26
10:37:49.773,-3.326,-2.472,0.420,-0.803,0.423,Frame_237,,21.26
10:37:50.273,-3.277,-2.521,0.450,-0.710,0.392,Frame_237,,21.26
10:37:50.773,-3.243,-2.564,0.449,-0.664,0.388,Frame_238,,21.26
10:37:51.273,-3.203,-2.623,0.459,-0.641,0.358,Frame_238,,21.26
10:37:51.773,-3.173,-2.679,0.427,-0.634,0.348,Frame_238,,21.26
10:37:52.273,-3.149,-2.736,0.460,-0.581,0.336,Frame_238,,21.26
10:37:52.773,-3.128,-2.799,0.476,-0.514,0.341,Frame_238,,21.26
10:37:53.273,-3.111,-2.865,0.528,-0.429,0.344,Frame_238,,21.26
10:37:53.773,-3.095,-2.949,0.550,-0.335,0.354,Frame_238,,21.26
10:37:54.274,-3.086,-3.015,0.541,-0.250,0.360,Frame_239,,21.26
10:37:54.773,-3.078,-3.091,0.555,-0.210,0.394,Frame_239,,21.26
10:37:55.273,-3.072,-3.180,0.558,-0.109,0.409,Frame_239,,21.26
10:37:55.773,-3.067,-3.257,0.555,-0.065,0.428,Frame_239,,21.36
10:37:56.273,-3.064,-3.334,0.557,-0.088,0.453,Frame_239,,21.36
10:37:56.773,-3.061,-3.402,0.575,-0.068,0.461,Frame_239,,21.36
10:37:57.273,-3.059,-3.492,0.550,-0.022,0.472,Frame_239,,21.36
10:37:57.773,-3.057,-3.568,0.532,0.022,0.490,Frame_240,,21.36
10:37:58.273,-3.056,-3.642,0.536,-0.002,0.501,Frame_240,,21.36
10:37:58.776,-3.053,-3.728,0.533,0.011,0.511,Frame_240,,21.36
10:37:59.273,-3.052,-3.791,0.523,0.025,0.501,Frame_240,,21.36
10:37:59.781,-3.050,-3.864,0.519,0.023,0.460,Frame_240,,21.36
10:38:00.273,-3.047,-3.939,0.541,0.012,0.437,Frame_240,,21.36
10:38:00.773,-3.044,-4.025,0.532,0.019,0.428,Frame_240,,21.41
10:38:01.273,-3.041,-4.099,0.524,0.058,0.413,Frame_241,,21.41
10:38:01.773,-3.037,-4.181,0.502,0.077,0.409,Frame_241,,21.41
10:38:02.280,-3.034,-4.249,0.480,0.048,0.433,Frame_241,,21.41
10:38:02.773,-3.030,-4.306,0.470,0.045,0.431,Frame_241,,21.41
10:38:03.273,-3.025,-4.379,0.393,0.230,0.483,Frame_241,,21.41
10:38:03.776,-3.021,-4.421,0.305,0.367,0.506,Frame_241,,21.41
10:38:04.273,-3.015,-4.462,0.317,0.236,0.549,Frame_241,,21.41
10:38:04.773,-3.005,-4.516,0.367,0.097,0.551,Frame_242,,21.41
10:38:05.273,-2.996,-4.564,0.323,0.088,0.604,Frame_242,,21.41
10:38:05.778,-2.985,-4.614,0.299,0.105,0.623,Frame_242,,21.65
10:38:06.273,-2.978,-4.643,0.242,-0.043,0.654,Frame_242,,21.65
10:38:06.773,-2.970,-4.679,0.197,-0.383,0.672,Frame_242,,21.65
10:38:07.273,-2.966,-4.704,0.238,-0.453,0.694,Frame_242,,21.65
10:38:07.775,-2.963,-4.739,0.280,-0.425,0.715,Frame_242,,21.65
10:38:08.273,-2.961,-4.786,0.302,-0.059,0.735,Frame_243,,21.65
10:38:08.773,-2.960,-4.829,0.310,0.166,0.724,Frame_243,,21.65
10:38:09.273,-2.957,-4.878,0.306,0.439,0.727,Frame_243,,21.65
10:38:09.773,-2.953,-4.919,0.291,0.561,0.717,Frame_243,,21.65
10:38:10.273,-2.945,-4.962,0.240,0.653,0.718,Frame_243,,21.65
10:38:10.773,-2.938,-4.987,0.201,0.697,0.700,Frame_243,,21.65
10:38:11.275,-2.928,-5.011,0.161,0.735,0.695,Frame_243,,21.65
10:38:11.775,-2.919,-5.030,0.116,0.742,0.689,Frame_244,,21.65
10:38:12.273,-2.910,-5.044,0.076,0.736,0.687,Frame_244,,21.65
10:38:12.773,-2.905,-5.049,0.044,0.724,0.689,Frame_244,,21.65
10:38:13.273,-2.903,-5.052,0.010,0.678,0.685,Frame_244,,21.65
10:38:13.773,-2.903,-5.052,-0.010,0.640,0.685,Frame_244,,21.65
10:38:14.273,-2.905,-5.051,-0.025,0.580,0.691,Frame_244,,21.65
10:38:14.773,-2.908,-5.049,-0.041,0.537,0.694,Frame_244,,21.65
10:38:15.273,-2.914,-5.046,-0.063,0.490,0.712,Frame_244,,21.65
10:38:15.779,-2.923,-5.042,-0.075,0.412,0.705,Frame_245,,21.65
10:38:16.273,-2.932,-5.039,-0.079,-0.063,0.726,Frame_245,,21.65
10:38:16.778,-2.946,-5.034,-0.087,-0.326,0.733,Frame_245,,21.65
10:38:17.273,-2.953,-5.031,-0.003,-0.553,0.726,Frame_245,,21.65
10:38:17.776,-2.952,-5.031,0.010,-0.717,0.720,Frame_245,,21.65
10:38:18.273,-2.951,-5.032,0.020,-0.889,0.718,Frame_245,,21.65
10:38:18.773,-2.949,-5.034,0.024,-0.963,0.721,Frame_245,,21.65
10:38:19.273,-2.946,-5.037,0.047,-1.044,0.732,Frame_246,,21.65
10:38:19.776,-2.942,-5.042,0.072,-1.061,0.715,Frame_246,,21.65
10:38:20.276,-2.938,-5.051,0.111,-1.091,0.709,Frame_246,,21.65
10:38:20.779,-2.932,-5.066,0.183,-1.075,0.690,Frame_246,,21.65
10:38:21.273,-2.926,-5.098,0.270,-1.029,0.661,Frame_246,,21.65
10:38:21.775,-2.924,-5.143,0.406,-0.926,0.648,Frame_246,,21.65
10:38:22.273,-2.930,-5.204,0.504,-0.792,0.640,Frame_246,,21.65
10:38:22.773,-2.953,-5.309,0.574,-0.598,0.622,Frame_247,,21.65
10:38:23.273,-2.975,-5.374,0.589,-0.506,0.630,Frame_247,,21.65
10:38:23.773,-3.018,-5.476,0.617,-0.319,0.635,Frame_247,,21.65
10:38:24.273,-3.061,-5.563,0.588,-0.412,0.658,Frame_247,,21.65
10:38:24.783,-3.102,-5.636,0.609,-0.374,0.678,Frame_247,,21.65
10:38:25.273,-3.153,-5.717,0.610,-0.317,0.708,Frame_247,,21.65
10:38:25.773,-3.203,-5.787,0.612,-0.275,0.736,Frame_248,,22.35
10:38:26.273,-3.256,-5.855,0.616,-0.254,0.685,Frame_248,,22.35
10:38:26.773,-3.311,-5.921,0.614,-0.236,0.661,Frame_248,,22.35
10:38:27.273,-3.366,-5.984,0.589,-0.204,0.627,Frame_248,,22.35
10:38:27.774,-3.430,-6.051,0.579,-0.313,0.575,Frame_248,,22.35
10:38:28.273,-3.488,-6.107,0.568,-0.308,0.531,Frame_248,,22.35
10:38:28.777,-3.556,-6.165,0.557,-0.359,0.480,Frame_248,,22.35
10:38:29.276,-3.608,-6.206,0.555,-0.353,0.459,Frame_249,,22.35
10:38:29.773,-3.669,-6.250,0.520,-0.406,0.380,Frame_249,,22.35
10:38:30.279,-3.738,-6.293,0.497,-0.407,0.380,Frame_249,,22.35
10:38:30.773,-3.802,-6.328,0.545,-0.359,0.346,Frame_249,,23.24
10:38:31.273,-3.862,-6.357,0.562,-0.331,0.342,Frame_249,,23.24
10:38:31.773,-3.934,-6.388,0.544,-0.303,0.340,Frame_249,,23.24
10:38:32.273,-4.004,-6.415,0.530,-0.286,0.358,Frame_249,,23.24
10:38:32.773,-4.084,-6.442,0.526,-0.227,0.359,Frame_250,,23.24
10:38:33.273,-4.145,-6.460,0.534,-0.177,0.397,Frame_250,,23.24
10:38:33.773,-4.217,-6.480,0.532,-0.132,0.435,Frame_250,,23.24
10:38:34.273,-4.288,-6.498,0.508,-0.091,0.468,Frame_250,,23.24
10:38:34.779,-4.346,-6.512,0.478,-0.070,0.506,Frame_250,,23.24
10:38:35.273,-4.427,-6.530,0.439,-0.045,0.521,Frame_250,,23.24
10:38:35.773,-4.477,-6.541,0.417,-0.030,0.541,Frame_250,,24.01
10:38:36.273,-4.532,-6.553,0.387,-0.098,0.569,Frame_250,,24.01
10:38:36.773,-4.585,-6.563,0.373,-0.081,0.590,Frame_251,,24.01
10:38:37.273,-4.642,-6.574,0.364,0.154,0.626,Frame_251,,24.01
10:38:37.773,-4.685,-6.583,0.390,0.028,0.646,Frame_251,,24.01
10:38:38.276,-4.733,-6.593,0.441,-0.060,0.657,Frame_251,,24.01
10:38:38.773,-4.795,-6.606,0.462,-0.049,0.688,Frame_251,,24.01
10:38:39.273,-4.859,-6.618,0.478,-0.046,0.707,Frame_251,,24.01
10:38:39.773,-4.914,-6.629,0.463,-0.055,0.726,Frame_251,,24.01
10:38:40.276,-4.977,-6.640,0.447,-0.045,0.763,Frame_252,,24.01
10:38:40.773,-5.046,-6.652,0.428,-0.041,0.774,Frame_252,,24.01
10:38:41.273,-5.096,-6.661,0.407,-0.063,0.808,Frame_252,,24.01
10:38:41.773,-5.159,-6.671,0.370,-0.067,0.812,Frame_252,,24.01
10:38:42.273,-5.202,-6.677,0.347,-0.064,0.825,Frame_252,,24.01
10:38:42.775,-5.249,-6.684,0.315,-0.068,0.801,Frame_252,,24.01
10:38:43.273,-5.299,-6.691,0.328,0.259,0.804,Frame_252,,24.01
10:38:43.774,-5.338,-6.698,0.324,0.443,0.777,Frame_253,,24.01
10:38:44.274,-5.382,-6.708,0.315,0.609,0.777,Frame_253,,24.01
10:38:44.773,-5.422,-6.720,0.281,0.844,0.761,Frame_253,,24.01
10:38:45.273,-5.456,-6.736,0.242,0.989,0.741,Frame_253,,24.01
10:38:45.773,-5.483,-6.752,0.201,1.126,0.730,Frame_253,,24.62
10:38:46.273,-5.499,-6.765,0.141,1.208,0.721,Frame_253,,24.62
10:38:46.773,-5.512,-6.780,0.136,1.279,0.708,Frame_253,,24.62
10:38:47.274,-5.515,-6.785,0.002,1.240,0.696,Frame_254,,24.62
10:38:47.773,-5.515,-6.784,-0.016,1.215,0.698,Frame_254,,24.62
10:38:48.273,-5.514,-6.783,-0.010,1.198,0.718,Frame_254,,24.62
10:38:48.773,-5.514,-6.780,-0.028,1.143,0.714,Frame_254,,24.62
10:38:49.273,-5.515,-6.776,-0.042,1.105,0.713,Frame_254,,24.62
10:38:49.780,-5.517,-6.768,-0.066,1.064,0.723,Frame_254,,24.62
10:38:50.273,-5.520,-6.761,-0.083,1.022,0.728,Frame_254,,24.62
10:38:50.773,-5.528,-6.749,-0.114,0.979,0.733,Frame_254,,24.62
10:38:51.273,-5.537,-6.738,-0.111,1.000,0.724,Frame_255,,24.62
10:38:51.773,-5.549,-6.727,-0.159,0.962,0.745,Frame_255,,24.62
10:38:52.273,-5.570,-6.712,-0.237,0.917,0.746,Frame_255,,24.62
10:38:52.773,-5.602,-6.695,-0.275,0.871,0.743,Frame_255,,24.62
10:38:53.273,-5.634,-6.682,-0.313,0.823,0.743,Frame_255,,24.62
10:38:53.776,-5.677,-6.671,-0.310,0.742,0.749,Frame_255,,24.62
10:38:54.273,-5.727,-6.663,-0.314,0.695,0.748,Frame_255,,24.62
10:38:54.773,-5.782,-6.661,-0.304,0.630,0.731,Frame_256,,24.62
10:38:55.273,-5.818,-6.663,-0.285,0.564,0.723,Frame_256,,24.62
10:38:55.773,-5.846,-6.667,-0.278,0.514,0.708,Frame_256,,25.24
10:38:56.280,-5.890,-6.675,-0.281,0.482,0.688,Frame_256,,25.24
10:38:56.773,-5.926,-6.685,-0.266,0.440,0.680,Frame_256,,25.24
10:38:57.273,-5.959,-6.696,0.025,0.333,0.641,Frame_256,,25.24
10:38:57.773,-5.975,-6.702,0.186,0.023,0.636,Frame_256,,25.24
10:38:58.273,-5.977,-6.703,0.317,-0.220,0.628,Frame_257,,25.24
10:38:58.773,-5.964,-6.698,0.410,-0.266,0.632,Frame_257,,25.24
10:38:59.275,-5.931,-6.688,0.483,-0.093,0.650,Frame_257,,25.24
10:38:59.773,-5.871,-6.669,0.508,0.045,0.659,Frame_257,,25.24
10:39:00.273,-5.822,-6.655,0.526,0.067,0.705,Frame_257,,25.24
10:39:00.773,-5.740,-6.629,0.551,0.062,0.727,Frame_257,,25.24
10:39:01.273,-5.679,-6.609,0.524,-0.115,0.751,Frame_257,,25.24
10:39:01.773,-5.598,-6.583,0.537,-0.202,0.788,Frame_257,,25.24
10:39:02.273,-5.525,-6.563,0.550,-0.225,0.825,Frame_258,,25.24
10:39:02.773,-5.460,-6.546,0.566,-0.208,0.816,Frame_258,,25.24
10:39:03.273,-5.384,-6.529,0.563,-0.148,0.775,Frame_258,,25.24
10:39:03.775,-5.307,-6.514,0.548,-0.095,0.750,Frame_258,,25.24
10:39:04.273,-5.243,-6.502,0.533,-0.004,0.709,Frame_258,,25.24
10:39:04.776,-5.161,-6.487,0.484,0.053,0.694,Frame_258,,25.24
10:39:05.273,-5.106,-6.477,0.452,0.053,0.676,Frame_258,,25.24
10:39:05.773,-5.045,-6.465,0.428,0.048,0.637,Frame_259,,25.24
10:39:06.273,-4.978,-6.451,0.418,0.031,0.627,Frame_259,,25.24
10:39:06.773,-4.922,-6.440,0.395,-0.003,0.594,Frame_259,,25.24
10:39:07.275,-4.861,-6.427,0.386,-0.051,0.579,Frame_259,,25.24
10:39:07.773,-4.824,-6.420,0.380,-0.121,0.561,Frame_259,,25.24
10:39:08.273,-4.771,-6.410,0.388,-0.162,0.538,Frame_259,,25.24
10:39:08.774,-4.711,-6.400,0.363,-0.177,0.526,Frame_259,,25.24
10:39:09.273,-4.676,-6.395,0.347,-0.166,0.508,Frame_260,,25.24
10:39:09.774,-4.621,-6.389,0.330,-0.134,0.475,Frame_260,,25.24
10:39:10.273,-4.576,-6.385,0.317,-0.127,0.475,Frame_260,,25.24
10:39:10.774,-4.538,-6.382,0.314,-0.143,0.460,Frame_260,,25.35
10:39:11.274,-4.484,-6.379,0.299,-0.143,0.451,Frame_260,,25.35
10:39:11.773,-4.448,-6.377,0.311,-0.048,0.445,Frame_260,,25.35
10:39:12.273,-4.403,-6.376,0.333,-0.008,0.428,Frame_260,,25.35
10:39:12.773,-4.362,-6.375,0.347,0.014,0.424,Frame_261,,25.35
10:39:13.273,-4.313,-6.373,0.359,0.076,0.415,Frame_261,,25.35
10:39:13.773,-4.257,-6.371,0.349,0.130,0.392,Frame_261,,25.35
10:39:14.275,-4.214,-6.368,0.369,0.200,0.394,Frame_261,,25.35
10:39:14.775,-4.170,-6.365,0.383,0.257,0.389,Frame_261,,25.35
10:39:15.273,-4.124,-6.359,0.401,0.327,0.367,Frame_261,,25.35
10:39:15.783,-4.060,-6.349,0.398,0.431,0.359,Frame_261,,25.35
10:39:16.273,-4.014,-6.339,0.413,0.500,0.348,Frame_261,,25.35
10:39:16.774,-3.960,-6.324,0.383,0.572,0.327,Frame_262,,25.35
10:39:17.273,-3.911,-6.305,0.376,0.617,0.314,Frame_262,,25.35
10:39:17.773,-3.864,-6.282,0.378,0.681,0.284,Frame_262,,25.35
10:39:18.273,-3.817,-6.255,0.384,0.732,0.280,Frame_262,,25.35
10:39:18.773,-3.781,-6.228,0.391,0.747,0.272,Frame_262,,25.35
10:39:19.273,-3.740,-6.191,0.413,0.753,0.272,Frame_262,,25.35
10:39:19.773,-3.694,-6.139,0.442,0.719,0.291,Frame_262,,25.35
10:39:20.273,-3.657,-6.087,0.482,0.673,0.288,Frame_263,,25.35
10:39:20.773,-3.628,-6.036,0.503,0.614,0.306,Frame_263,,25.42
10:39:21.273,-3.596,-5.972,0.517,0.531,0.307,Frame_263,,25.42
10:39:21.773,-3.566,-5.891,0.553,0.411,0.337,Frame_263,,25.42
10:39:22.275,-3.542,-5.817,0.567,0.305,0.353,Frame_263,,25.42
10:39:22.776,-3.522,-5.740,0.563,0.258,0.362,Frame_263,,25.42
10:39:23.273,-3.501,-5.642,0.557,0.189,0.366,Frame_264,,25.42
10:39:23.782,-3.481,-5.530,0.565,0.030,0.382,Frame_264,,25.42
10:39:24.273,-3.464,-5.429,0.575,-0.058,0.375,Frame_264,,25.42
10:39:24.773,-3.446,-5.328,0.562,-0.078,0.376,Frame_264,,25.42
10:39:25.279,-3.425,-5.217,0.564,-0.039,0.375,Frame_264,,25.42
10:39:25.774,-3.407,-5.128,0.569,-0.016,0.375,Frame_264,,25.50
10:39:26.273,-3.384,-5.016,0.566,0.004,0.373,Frame_265,,25.50
10:39:26.773,-3.364,-4.916,0.552,0.012,0.386,Frame_265,,25.50
10:39:27.273,-3.344,-4.818,0.559,0.005,0.373,Frame_265,,25.50
10:39:27.773,-3.322,-4.708,0.574,0.018,0.385,Frame_265,,25.50
10:39:28.273,-3.303,-4.608,0.570,0.023,0.385,Frame_265,,25.50
10:39:28.775,-3.281,-4.495,0.567,0.019,0.392,Frame_266,,25.50
10:39:29.273,-3.264,-4.406,0.573,0.021,0.401,Frame_266,,25.50
10:39:29.773,-3.244,-4.294,0.576,0.033,0.380,Frame_266,,25.50
10:39:30.275,-3.226,-4.193,0.566,0.024,0.381,Frame_266,,25.50
10:39:30.773,-3.209,-4.094,0.550,0.000,0.400,Frame_266,,25.54
10:39:31.273,-3.191,-3.986,0.538,0.018,0.397,Frame_266,,25.54
10:39:31.773,-3.173,-3.881,0.521,0.016,0.389,Frame_267,,25.54
10:39:32.273,-3.158,-3.789,0.509,-0.006,0.395,Frame_267,,25.54
10:39:32.773,-3.142,-3.692,0.479,0.012,0.388,Frame_267,,25.54
10:39:33.273,-3.128,-3.608,0.479,-0.006,0.382,Frame_267,,25.54
10:39:33.773,-3.113,-3.514,0.464,0.017,0.392,Frame_267,,25.54
10:39:34.273,-3.100,-3.433,0.443,0.017,0.391,Frame_268,,25.54
10:39:34.774,-3.088,-3.355,0.424,0.051,0.379,Frame_268,,25.54
10:39:35.273,-3.075,-3.263,0.416,0.091,0.379,Frame_268,,25.54
10:39:35.773,-3.067,-3.196,0.440,0.166,0.377,Frame_268,,25.54
10:39:36.273,-3.059,-3.116,0.447,0.232,0.385,Frame_268,,25.54
10:39:36.773,-3.056,-3.062,0.451,0.305,0.380,Frame_268,,25.54
10:39:37.275,-3.054,-2.982,0.452,0.374,0.375,Frame_269,,25.54
10:39:37.775,-3.056,-2.928,0.451,0.453,0.349,Frame_269,,25.54
10:39:38.273,-3.066,-2.838,0.448,0.542,0.354,Frame_269,,25.54
10:39:38.773,-3.075,-2.794,0.455,0.584,0.328,Frame_269,,25.54
10:39:39.273,-3.097,-2.715,0.455,0.683,0.305,Frame_269,,25.54
10:39:39.773,-3.117,-2.666,0.406,0.731,0.292,Frame_269,,25.54
10:39:40.273,-3.147,-2.607,0.422,0.725,0.289,Frame_270,,25.54
10:39:40.773,-3.179,-2.558,0.428,0.682,0.294,Frame_270,,25.54
10:39:41.273,-3.211,-2.518,0.429,0.650,0.288,Frame_270,,25.54
10:39:41.773,-3.253,-2.474,0.446,0.594,0.285,Frame_270,,25.54
10:39:42.273,-3.308,-2.425,0.499,0.475,0.291,Frame_270,,25.54
10:39:42.775,-3.349,-2.394,0.528,0.421,0.314,Frame_270,,25.54
10:39:43.282,-3.421,-2.345,0.561,0.402,0.342,Frame_270,,25.54
10:39:43.773,-3.479,-2.309,0.576,0.344,0.346,Frame_270,,25.54
10:39:44.273,-3.560,-2.265,0.574,0.312,0.408,Frame_271,,25.54
10:39:44.775,-3.621,-2.235,0.561,0.256,0.423,Frame_271,,25.54
10:39:45.273,-3.693,-2.203,0.556,0.140,0.441,Frame_271,,25.54
10:39:45.773,-3.775,-2.169,0.549,0.062,0.467,Frame_271,,25.90
10:39:46.273,-3.835,-2.144,0.524,0.011,0.488,Frame_271,,25.90
10:39:46.773,-3.901,-2.117,0.502,-0.001,0.504,Frame_271,,25.90
10:39:47.276,-3.966,-2.091,0.469,0.105,0.525,Frame_271,,25.90
10:39:47.773,-4.015,-2.071,0.445,0.325,0.527,Frame_272,,25.90
10:39:48.273,-4.095,-2.044,0.503,0.374,0.548,Frame_272,,25.90
10:39:48.776,-4.154,-2.028,0.522,0.349,0.570,Frame_272,,25.90
10:39:49.273,-4.225,-2.011,0.539,0.291,0.573,Frame_272,,25.90
10:39:49.773,-4.311,-1.996,0.549,0.275,0.580,Frame_272,,25.90
10:39:50.273,-4.419,-1.982,0.552,0.190,0.576,Frame_272,,25.90
10:39:50.773,-4.484,-1.975,0.545,0.070,0.584,Frame_272,,26.40
10:39:51.273,-4.561,-1.969,0.550,0.043,0.575,Frame_273,,26.40
10:39:51.773,-4.637,-1.963,0.547,0.089,0.579,Frame_273,,26.40
10:39:52.273,-4.692,-1.959,0.536,0.092,0.568,Frame_273,,26.40
10:39:52.773,-4.778,-1.955,0.545,0.030,0.567,Frame_273,,26.40
10:39:53.274,-4.854,-1.951,0.539,0.023,0.555,Frame_273,,26.40
10:39:53.773,-4.907,-1.948,0.523,0.009,0.550,Frame_273,,26.40
10:39:54.273,-4.970,-1.945,0.514,0.026,0.545,Frame_273,,26.40
10:39:54.773,-5.041,-1.942,0.505,0.076,0.531,Frame_274,,26.40
10:39:55.273,-5.102,-1.940,0.507,0.100,0.533,Frame_274,,26.40
10:39:55.773,-5.161,-1.939,0.475,0.222,0.537,Frame_274,,26.65
10:39:56.273,-5.219,-1.939,0.477,0.254,0.535,Frame_274,,26.65
10:39:56.773,-5.286,-1.942,0.472,0.215,0.547,Frame_274,,26.65
10:39:57.274,-5.351,-1.946,0.459,0.201,0.566,Frame_274,,26.65
10:39:57.775,-5.383,-1.949,-0.005,0.580,0.592,Frame_274,,26.65
10:39:58.273,-5.383,-1.949,0.018,0.724,0.604,Frame_274,,26.65
10:39:58.773,-5.388,-1.950,0.065,0.839,0.613,Frame_275,,26.65
10:39:59.273,-5.397,-1.954,0.112,0.912,0.599,Frame_275,,26.65
10:39:59.773,-5.413,-1.962,0.192,0.944,0.617,Frame_275,,26.65
10:40:00.273,-5.435,-1.977,0.321,0.904,0.625,Frame_275,,26.65
10:40:00.774,-5.465,-2.003,0.416,0.844,0.626,Frame_275,,26.65
10:40:01.273,-5.502,-2.042,0.522,0.725,0.622,Frame_275,,26.65
10:40:01.774,-5.547,-2.101,0.563,0.632,0.617,Frame_275,,26.65
10:40:02.273,-5.591,-2.168,0.580,0.496,0.617,Frame_275,,26.65
10:40:02.773,-5.625,-2.229,0.565,0.450,0.637,Frame_276,,26.65
10:40:03.273,-5.658,-2.299,0.557,0.432,0.628,Frame_276,,26.65
10:40:03.773,-5.684,-2.361,0.559,0.364,0.632,Frame_276,,26.65
10:40:04.273,-5.711,-2.436,0.572,0.236,0.632,Frame_276,,26.65
10:40:04.778,-5.738,-2.522,0.553,0.197,0.646,Frame_276,,26.65
10:40:05.273,-5.759,-2.596,0.541,0.141,0.673,Frame_276,,26.65
10:40:05.773,-5.775,-2.658,0.537,0.084,0.684,Frame_276,,26.96
10:40:06.273,-5.793,-2.730,0.526,0.031,0.689,Frame_277,,26.96
10:40:06.773,-5.811,-2.802,0.308,0.084,0.699,Frame_277,,26.96
10:40:07.273,-5.815,-2.819,-0.070,0.150,0.698,Frame_277,,26.96
10:40:07.773,-5.810,-2.798,-0.231,0.216,0.705,Frame_277,,26.96
10:40:08.276,-5.805,-2.769,-0.261,0.316,0.714,Frame_277,,26.96
10:40:08.773,-5.800,-2.735,-0.216,0.483,0.707,Frame_277,,26.96
10:40:09.273,-5.798,-2.704,-0.169,0.609,0.706,Frame_277,,26.96
10:40:09.777,-5.798,-2.686,-0.131,0.716,0.712,Frame_277,,26.96
10:40:10.273,-5.799,-2.676,-0.039,0.822,0.721,Frame_278,,26.96
10:40:10.776,-5.799,-2.672,-0.029,0.898,0.729,Frame_278,,26.96
10:40:11.273,-5.801,-2.667,-0.033,0.950,0.726,Frame_278,,26.96
10:40:11.773,-5.803,-2.663,-0.039,1.015,0.724,Frame_278,,26.96
10:40:12.273,-5.806,-2.658,-0.045,1.031,0.709,Frame_278,,26.96
10:40:12.773,-5.809,-2.655,-0.017,1.042,0.696,Frame_278,,26.96
10:40:13.278,-5.810,-2.654,-0.008,1.010,0.684,Frame_278,,26.96
10:40:13.773,-5.810,-2.654,0.002,1.018,0.686,Frame_278,,26.96
10:40:14.275,-5.809,-2.654,0.021,1.015,0.677,Frame_279,,26.96
10:40:14.773,-5.805,-2.656,0.061,1.011,0.670,Frame_279,,26.96
10:40:15.273,-5.798,-2.657,0.077,1.008,0.679,Frame_279,,26.96
10:40:15.773,-5.786,-2.658,0.101,0.987,0.679,Frame_279,,26.96
10:40:16.274,-5.768,-2.657,0.186,0.926,0.693,Frame_279,,26.96
10:40:16.773,-5.739,-2.651,0.274,0.864,0.728,Frame_279,,26.96
10:40:17.273,-5.693,-2.636,0.349,0.759,0.711,Frame_279,,26.96
10:40:17.773,-5.660,-2.621,0.389,0.679,0.685,Frame_280,,26.96
10:40:18.273,-5.618,-2.598,0.416,0.581,0.622,Frame_280,,26.96
10:40:18.773,-5.556,-2.555,0.446,0.466,0.578,Frame_280,,26.96
10:40:19.273,-5.513,-2.522,0.473,0.334,0.537,Frame_280,,26.96
10:40:19.773,-5.469,-2.484,0.477,0.237,0.474,Frame_280,,26.96
10:40:20.275,-5.425,-2.444,0.524,0.162,0.447,Frame_280,,26.96
10:40:20.779,-5.370,-2.392,0.594,-0.001,0.402,Frame_280,,26.96
10:40:21.273,-5.301,-2.326,0.623,-0.119,0.332,Frame_280,,26.96
10:40:21.773,-5.238,-2.268,0.602,-0.209,0.317,Frame_281,,26.96
10:40:22.281,-5.187,-2.223,0.564,-0.255,0.288,Frame_281,,26.96
10:40:22.774,-5.135,-2.181,0.548,-0.278,0.280,Frame_281,,26.96
10:40:23.273,-5.073,-2.134,0.557,-0.341,0.297,Frame_281,,26.96
10:40:23.773,-5.008,-2.090,0.563,-0.352,0.293,Frame_281,,26.96
10:40:24.275,-4.931,-2.042,0.562,-0.329,0.356,Frame_281,,26.96
10:40:24.773,-4.872,-2.009,0.566,-0.262,0.393,Frame_281,,26.96
10:40:25.281,-4.801,-1.973,0.559,-0.180,0.451,Frame_281,,26.96
10:40:25.773,-4.720,-1.935,0.553,-0.118,0.476,Frame_282,,27.31
10:40:26.273,-4.671,-1.913,0.526,-0.120,0.514,Frame_282,,27.31
10:40:26.773,-4.602,-1.883,0.540,-0.146,0.559,Frame_282,,27.31
10:40:27.273,-4.543,-1.858,0.533,-0.155,0.599,Frame_282,,27.31
10:40:27.773,-4.474,-1.831,0.514,-0.180,0.614,Frame_282,,27.31
10:40:28.273,-4.416,-1.810,0.501,-0.178,0.597,Frame_282,,27.31
10:40:28.777,-4.349,-1.788,0.504,-0.186,0.579,Frame_282,,27.31
10:40:29.275,-4.283,-1.767,0.470,-0.193,0.562,Frame_283,,27.31
10:40:29.774,-4.229,-1.752,0.465,-0.238,0.523,Frame_283,,27.31
10:40:30.274,-4.148,-1.732,0.465,-0.226,0.500,Frame_283,,27.31
10:40:30.773,-4.102,-1.722,0.456,-0.223,0.495,Frame_283,,27.34
10:40:31.273,-4.031,-1.709,0.457,-0.229,0.466,Frame_283,,27.34
10:40:31.773,-3.959,-1.699,0.441,-0.215,0.453,Frame_283,,27.34
10:40:32.275,-3.897,-1.692,0.444,-0.187,0.426,Frame_283,,27.34
10:40:32.774,-3.833,-1.686,0.480,-0.091,0.408,Frame_284,,27.34
10:40:33.273,-3.745,-1.680,0.497,-0.021,0.401,Frame_284,,27.34
10:40:33.773,-3.686,-1.676,0.507,0.064,0.389,Frame_284,,27.34
10:40:34.273,-3.613,-1.671,0.531,0.138,0.373,Frame_284,,27.34
10:40:34.773,-3.540,-1.664,0.524,0.198,0.361,Frame_284,,27.34
10:40:35.273,-3.466,-1.655,0.536,0.273,0.357,Frame_284,,27.34
10:40:35.773,-3.392,-1.643,0.540,0.332,0.339,Frame_284,,27.34
10:40:36.273,-3.317,-1.627,0.552,0.401,0.321,Frame_285,,27.34
10:40:36.773,-3.243,-1.608,0.551,0.421,0.294,Frame_285,,27.34
10:40:37.273,-3.158,-1.580,0.552,0.461,0.294,Frame_285,,27.34
10:40:37.773,-3.086,-1.551,0.571,0.466,0.280,Frame_285,,27.34
10:40:38.274,-3.005,-1.511,0.568,0.436,0.276,Frame_285,,27.34
10:40:38.773,-2.936,-1.471,0.578,0.396,0.327,Frame_285,,27.34
10:40:39.273,-2.857,-1.419,0.616,0.336,0.354,Frame_286,,27.34
10:40:39.773,-2.797,-1.376,0.615,0.240,0.419,Frame_286,,27.34
10:40:40.276,-2.719,-1.314,0.633,0.193,0.457,Frame_286,,27.34
10:40:40.773,-2.661,-1.266,0.614,0.123,0.501,Frame_286,,27.34
10:40:41.273,-2.577,-1.194,0.617,0.081,0.585,Frame_286,,27.34
10:40:41.773,-2.523,-1.146,0.618,0.054,0.638,Frame_286,,27.34
10:40:42.283,-2.467,-1.096,0.609,0.045,0.740,Frame_286,,27.34
10:40:42.773,-2.388,-1.025,0.565,0.031,0.778,Frame_287,,27.34
10:40:43.273,-2.322,-0.964,0.544,0.003,0.741,Frame_287,,27.34
10:40:43.773,-2.275,-0.920,0.527,-0.039,0.723,Frame_287,,27.34
10:40:44.273,-2.215,-0.865,0.509,-0.055,0.694,Frame_287,,27.34
10:40:44.773,-2.155,-0.812,0.492,-0.058,0.696,Frame_287,,27.34
10:40:45.273,-2.098,-0.761,0.461,-0.034,0.701,Frame_287,,27.34
10:40:45.773,-2.048,-0.718,0.467,-0.007,0.689,Frame_287,,27.34
10:40:46.275,-1.999,-0.676,0.459,0.032,0.715,Frame_288,,27.34
10:40:46.773,-1.944,-0.628,0.454,0.044,0.718,Frame_288,,27.34
10:40:47.273,-1.897,-0.587,0.435,-0.093,0.715,Frame_288,,27.34
10:40:47.773,-1.845,-0.543,0.415,-0.096,0.670,Frame_288,,27.34
10:40:48.273,-1.794,-0.500,0.421,-0.072,0.635,Frame_288,,27.34
10:40:48.773,-1.747,-0.463,0.423,-0.042,0.618,Frame_288,,27.34
10:40:49.273,-1.689,-0.416,0.399,-0.023,0.570,Frame_289,,27.34
10:40:49.773,-1.651,-0.386,0.403,0.016,0.558,Frame_289,,27.34
10:40:50.273,-1.600,-0.345,0.409,0.026,0.530,Frame_289,,27.34
10:40:50.776,-1.555,-0.310,0.413,0.086,0.524,Frame_289,,27.35
10:40:51.273,-1.510,-0.272,0.439,0.148,0.504,Frame_289,,27.35
10:40:51.774,-1.457,-0.227,0.440,0.215,0.461,Frame_289,,27.35
10:40:52.273,-1.411,-0.185,0.456,0.275,0.414,Frame_289,,27.35
10:40:52.773,-1.372,-0.147,0.000,0.000,0.390,Frame_290,,27.35
10:40:53.273,-1.372,-0.147,0.000,0.000,0.382,Frame_290,,27.35
10:40:53.775,-1.372,-0.147,0.000,0.000,0.373,Frame_290,,27.35
10:40:54.273,-1.372,-0.147,0.000,0.000,0.366,Frame_290,,27.35
10:40:54.773,-1.372,-0.147,0.000,1.000,0.376,Frame_290,,27.35
10:40:55.273,-1.372,-0.147,0.000,1.000,0.382,Frame_290,,27.35
10:40:55.773,-1.372,-0.147,0.000,1.000,0.389,Frame_290,,27.35
10:40:56.273,-1.372,-0.147,0.000,1.000,0.385,Frame_291,,27.35
10:40:56.774,-1.372,-0.147,0.000,1.000,0.397,Frame_291,,27.35
10:40:57.276,-1.372,-0.147,0.000,1.000,0.409,Frame_291,,27.35
10:40:57.773,-1.372,-0.147,0.000,1.000,0.418,Frame_291,,27.35
10:40:58.273,-1.372,-0.147,0.000,1.000,0.429,Frame_291,,27.35
10:40:58.773,-1.372,-0.147,0.000,1.000,0.426,Frame_291,,27.35
10:40:59.276,-1.372,-0.147,0.000,1.000,0.425,Frame_291,,27.35
10:40:59.773,-1.372,-0.147,0.000,0.560,0.418,Frame_292,,27.35
10:41:00.273,-1.371,-0.148,-0.069,0.312,0.421,Frame_292,,27.35
10:41:00.773,-1.360,-0.158,-0.124,0.425,0.419,Frame_292,,27.35
10:41:01.273,-1.351,-0.165,-0.045,0.622,0.437,Frame_292,,27.35
10:41:01.773,-1.346,-0.169,-0.021,0.742,0.442,Frame_292,,27.35
10:41:02.273,-1.343,-0.170,-0.010,0.868,0.450,Frame_292,,27.35
10:41:02.773,-1.342,-0.171,0.010,0.934,0.451,Frame_292,,27.35
10:41:03.273,-1.344,-0.170,0.022,1.005,0.438,Frame_293,,27.35
10:41:03.773,-1.350,-0.170,0.050,1.018,0.433,Frame_293,,27.35
10:41:04.274,-1.358,-0.171,0.097,1.019,0.416,Frame_293,,27.35
10:41:04.775,-1.380,-0.177,0.212,1.001,0.402,Frame_293,,27.35
10:41:05.273,-1.405,-0.188,0.346,0.945,0.402,Frame_293,,27.35
10:41:05.773,-1.456,-0.218,0.490,0.813,0.391,Frame_293,,27.35
10:41:06.273,-1.513,-0.263,0.563,0.660,0.373,Frame_293,,27.35
10:41:06.773,-1.580,-0.327,0.598,0.554,0.420,Frame_294,,27.35
10:41:07.273,-1.628,-0.381,0.604,0.458,0.467,Frame_294,,27.35
10:41:07.773,-1.681,-0.447,0.609,0.397,0.518,Frame_294,,27.35
10:41:08.273,-1.736,-0.527,0.608,0.342,0.538,Frame_294,,27.35
10:41:08.775,-1.780,-0.598,0.582,0.278,0.601,Frame_294,,27.35
10:41:09.274,-1.826,-0.679,0.595,0.211,0.632,Frame_294,,27.35
10:41:09.786,-1.874,-0.772,0.566,0.241,0.712,Frame_294,,27.35
10:41:10.273,-1.902,-0.833,0.569,0.227,0.666,Frame_295,,27.35
10:41:10.773,-1.934,-0.905,0.538,0.373,0.605,Frame_295,,27.35
10:41:11.276,-1.963,-0.984,0.532,0.415,0.564,Frame_295,,27.35
10:41:11.773,-1.985,-1.055,0.538,0.387,0.508,Frame_295,,27.35
10:41:12.273,-2.006,-1.140,0.549,0.331,0.480,Frame_295,,27.35
10:41:12.783,-2.023,-1.226,0.555,0.236,0.437,Frame_295,,27.35
10:41:13.273,-2.033,-1.292,0.554,0.158,0.409,Frame_296,,27.35
10:41:13.776,-2.033,-1.292,0.546,0.133,0.403,Frame_296,,27.35
10:41:14.273,-2.054,-1.467,0.550,0.094,0.402,Frame_296,,27.35
10:41:14.773,-2.061,-1.533,0.541,0.024,0.400,Frame_296,,27.35
10:41:15.273,-2.067,-1.610,0.556,-0.024,0.407,Frame_296,,27.35
10:41:15.773,-2.074,-1.686,0.548,-0.034,0.411,Frame_296,,27.35
10:41:16.273,-2.082,-1.763,0.555,-0.049,0.421,Frame_297,,27.35
10:41:16.773,-2.090,-1.839,0.557,-0.029,0.425,Frame_297,,27.35
10:41:17.273,-2.098,-1.917,0.568,-0.016,0.432,Frame_297,,27.35
10:41:17.773,-2.108,-2.008,0.563,-0.073,0.445,Frame_297,,27.35
10:41:18.273,-2.118,-2.086,0.566,-0.108,0.446,Frame_297,,27.35
10:41:18.784,-2.130,-2.175,0.567,-0.032,0.461,Frame_297,,27.35
10:41:19.273,-2.140,-2.243,0.562,-0.032,0.470,Frame_297,,27.35
10:41:19.774,-2.151,-2.321,0.559,-0.015,0.484,Frame_297,,27.35
10:41:20.284,-2.165,-2.409,0.566,-0.032,0.479,Frame_298,,27.35
10:41:20.773,-2.175,-2.476,0.566,-0.051,0.500,Frame_298,,27.35
10:41:21.273,-2.189,-2.565,0.559,-0.063,0.515,Frame_298,,27.35
10:41:21.773,-2.201,-2.631,0.561,-0.079,0.529,Frame_298,,27.35
10:41:22.273,-2.213,-2.696,0.551,-0.072,0.542,Frame_298,,27.35
10:41:22.773,-2.231,-2.794,0.541,-0.082,0.554,Frame_298,,27.35
10:41:23.273,-2.246,-2.868,0.541,-0.093,0.569,Frame_298,,27.35
10:41:23.773,-2.260,-2.932,0.554,-0.096,0.587,Frame_299,,27.35
10:41:24.273,-2.278,-3.007,0.556,-0.074,0.601,Frame_299,,27.35
10:41:24.773,-2.298,-3.094,0.551,-0.078,0.626,Frame_299,,27.35
10:41:25.273,-2.317,-3.168,0.543,-0.076,0.639,Frame_299,,27.35
10:41:25.773,-2.336,-3.240,0.538,-0.033,0.644,Frame_299,,27.35
10:41:26.273,-2.359,-3.322,0.533,-0.001,0.599,Frame_299,,27.35
10:41:26.773,-2.375,-3.384,0.537,0.041,0.502,Frame_299,,27.35
10:41:27.273,-2.394,-3.457,0.550,0.068,0.479,Frame_300,,27.35
10:41:27.774,-2.416,-3.542,0.544,0.092,0.431,Frame_300,,27.35
10:41:28.273,-2.434,-3.617,0.554,0.137,0.370,Frame_300,,27.35
10:41:28.773,-2.451,-3.692,0.550,0.149,0.336,Frame_300,,27.35
10:41:29.273,-2.466,-3.767,0.548,0.158,0.326,Frame_300,,27.35
10:41:29.774,-2.479,-3.843,0.548,0.155,0.312,Frame_300,,27.35
10:41:30.273,-2.491,-3.917,0.535,0.153,0.316,Frame_300,,27.35
10:41:30.773,-2.502,-4.002,0.535,0.141,0.340,Frame_300,,27.36
10:41:31.273,-2.509,-4.066,0.529,0.144,0.362,Frame_301,,27.36
10:41:31.773,-2.515,-4.140,0.546,0.127,0.418,Frame_301,,27.36
10:41:32.273,-2.522,-4.229,0.555,0.016,0.451,Frame_301,,27.36
10:41:32.773,-2.527,-4.306,0.551,-0.010,0.533,Frame_301,,27.36
10:41:33.273,-2.532,-4.384,0.558,-0.020,0.580,Frame_301,,27.36
10:41:33.774,-2.537,-4.450,0.551,-0.023,0.603,Frame_301,,27.36
10:41:34.273,-2.544,-4.549,0.552,-0.001,0.605,Frame_302,,27.36
10:41:34.775,-2.549,-4.616,0.567,-0.000,0.596,Frame_302,,27.36
10:41:35.273,-2.555,-4.695,0.556,0.023,0.569,Frame_302,,27.36
10:41:35.773,-2.561,-4.784,0.564,0.002,0.587,Frame_302,,27.29
10:41:36.273,-2.566,-4.862,0.562,0.009,0.577,Frame_302,,27.29
10:41:36.773,-2.572,-4.952,0.556,-0.001,0.576,Frame_302,,27.29
10:41:37.273,-2.577,-5.029,0.542,-0.119,0.559,Frame_302,,27.29
10:41:37.773,-2.581,-5.082,0.518,-0.142,0.557,Frame_303,,27.29
10:41:38.273,-2.589,-5.162,0.487,-0.127,0.553,Frame_303,,27.29
10:41:38.773,-2.596,-5.219,0.461,-0.095,0.547,Frame_303,,27.29
10:41:39.273,-2.604,-5.282,0.451,-0.065,0.537,Frame_303,,27.29
10:41:39.773,-2.612,-5.344,0.441,-0.047,0.542,Frame_303,,27.29
10:41:40.273,-2.620,-5.396,0.425,-0.059,0.543,Frame_303,,27.29
10:41:40.773,-2.630,-5.464,0.422,-0.057,0.527,Frame_303,,27.29
10:41:41.273,-2.640,-5.522,0.415,-0.065,0.521,Frame_304,,27.29
10:41:41.773,-2.649,-5.578,0.391,-0.103,0.517,Frame_304,,27.29
10:41:42.273,-2.658,-5.624,0.381,-0.130,0.509,Frame_304,,27.29
10:41:42.773,-2.668,-5.676,0.376,-0.116,0.499,Frame_304,,27.29
10:41:43.274,-2.681,-5.736,0.386,-0.113,0.478,Frame_304,,27.29
10:41:43.773,-2.693,-5.787,0.362,-0.181,0.458,Frame_304,,27.29
10:41:44.273,-2.709,-5.844,0.378,-0.214,0.451,Frame_304,,27.29
10:41:44.773,-2.722,-5.888,0.403,-0.254,0.450,Frame_304,,27.29
10:41:45.273,-2.745,-5.957,0.405,-0.309,0.440,Frame_305,,27.29
10:41:45.773,-2.763,-6.002,0.408,-0.396,0.410,Frame_305,,27.34
10:41:46.273,-2.786,-6.054,0.398,-0.464,0.395,Frame_305,,27.34
10:41:46.773,-2.812,-6.103,0.396,-0.521,0.379,Frame_305,,27.34
10:41:47.273,-2.837,-6.144,0.400,-0.566,0.367,Frame_305,,27.34
10:41:47.773,-2.869,-6.189,0.404,-0.597,0.333,Frame_305,,27.34
10:41:48.273,-2.913,-6.239,0.420,-0.644,0.332,Frame_306,,27.34
10:41:48.773,-2.943,-6.269,0.440,-0.636,0.321,Frame_306,,27.34
10:41:49.273,-2.996,-6.313,0.431,-0.649,0.299,Frame_306,,27.34
10:41:49.773,-3.046,-6.346,0.453,-0.605,0.312,Frame_306,,27.34
10:41:50.273,-3.086,-6.369,0.454,-0.594,0.302,Frame_306,,27.34
10:41:50.773,-3.150,-6.400,0.452,-0.624,0.331,Frame_306,,27.37
10:41:51.273,-3.210,-6.422,0.465,-0.571,0.321,Frame_306,,27.37
10:41:51.773,-3.265,-6.437,0.497,-0.492,0.340,Frame_306,,27.37
10:41:52.273,-3.304,-6.446,0.517,-0.407,0.376,Frame_307,,27.37
10:41:52.773,-3.397,-6.462,0.539,-0.307,0.381,Frame_307,,27.37
10:41:53.273,-3.471,-6.471,0.532,-0.176,0.404,Frame_307,,27.37
10:41:53.774,-3.546,-6.478,0.537,-0.145,0.419,Frame_307,,27.37
10:41:54.273,-3.610,-6.483,0.534,-0.100,0.408,Frame_307,,27.37
10:41:54.773,-3.675,-6.487,0.547,-0.002,0.421,Frame_307,,27.37
10:41:55.273,-3.751,-6.491,0.543,0.048,0.433,Frame_307,,27.37
10:41:55.773,-3.827,-6.496,0.550,0.015,0.439,Frame_307,,27.38
10:41:56.274,-3.905,-6.501,0.555,0.044,0.447,Frame_308,,27.38
10:41:56.783,-3.993,-6.508,0.558,0.007,0.442,Frame_308,,27.38
10:41:57.273,-4.061,-6.513,0.565,0.013,0.453,Frame_308,,27.38
10:41:57.775,-4.117,-6.517,0.558,-0.026,0.462,Frame_308,,27.38
10:41:58.273,-4.196,-6.523,0.560,-0.022,0.465,Frame_308,,27.38
10:41:58.781,-4.287,-6.529,0.579,0.034,0.468,Frame_308,,27.38
10:41:59.273,-4.344,-6.533,0.557,0.070,0.468,Frame_308,,27.38
10:41:59.777,-4.421,-6.540,0.555,0.100,0.484,Frame_309,,27.38
10:42:00.273,-4.508,-6.548,0.519,0.108,0.488,Frame_309,,27.38
10:42:00.773,-4.559,-6.554,0.528,0.112,0.489,Frame_309,,27.45
10:42:01.273,-4.632,-6.564,0.518,0.116,0.514,Frame_309,,27.45
10:42:01.773,-4.714,-6.575,0.500,-0.121,0.514,Frame_309,,27.45
10:42:02.273,-4.774,-6.583,0.510,-0.160,0.530,Frame_309,,27.45
10:42:02.773,-4.845,-6.592,0.520,-0.208,0.536,Frame_309,,27.45
10:42:03.273,-4.917,-6.598,0.525,-0.196,0.535,Frame_310,,27.45
10:42:03.773,-4.980,-6.602,0.511,-0.190,0.558,Frame_310,,27.45
10:42:04.273,-5.052,-6.605,0.519,-0.160,0.562,Frame_310,,27.45
10:42:04.773,-5.123,-6.607,0.502,-0.102,0.556,Frame_310,,27.45
10:42:05.273,-5.213,-6.607,0.498,-0.067,0.577,Frame_310,,27.45
10:42:05.773,-5.291,-6.606,0.464,0.021,0.576,Frame_310,,27.45
10:42:06.282,-5.365,-6.606,0.447,0.162,0.574,Frame_310,,27.45
10:42:06.774,-5.444,-6.607,0.439,0.154,0.573,Frame_311,,27.45
10:42:07.273,-5.480,-6.608,-0.026,0.274,0.568,Frame_311,,27.45
10:42:07.773,-5.464,-6.607,-0.182,0.141,0.569,Frame_311,,27.45
10:42:08.273,-5.437,-6.604,-0.280,0.144,0.565,Frame_311,,27.45
10:42:08.773,-5.408,-6.601,-0.300,0.167,0.559,Frame_311,,27.45
10:42:09.287,-5.366,-6.595,-0.227,0.320,0.559,Frame_311,,27.45
10:42:09.773,-5.336,-6.589,-0.205,0.370,0.539,Frame_311,,27.45
10:42:10.273,-5.313,-6.584,-0.255,0.296,0.537,Frame_312,,27.45
10:42:10.773,-5.269,-6.572,-0.252,0.270,0.523,Frame_312,,28.07
10:42:11.273,-5.239,-6.562,-0.274,0.151,0.511,Frame_312,,28.07
10:42:11.774,-5.209,-6.551,-0.261,0.138,0.489,Frame_312,,28.07
10:42:12.273,-5.180,-6.541,-0.253,0.193,0.491,Frame_312,,28.07
10:42:12.773,-5.153,-6.530,-0.236,0.261,0.477,Frame_312,,28.07
10:42:13.273,-5.123,-6.518,-0.217,0.459,0.454,Frame_312,,28.07
10:42:13.776,-5.101,-6.507,-0.198,0.582,0.442,Frame_312,,28.07
10:42:14.274,-5.072,-6.489,-0.167,0.683,0.437,Frame_313,,28.07
10:42:14.773,-5.059,-6.480,-0.153,0.760,0.419,Frame_313,,28.07
10:42:15.273,-5.044,-6.466,-0.118,0.803,0.383,Frame_313,,28.07
10:42:15.785,-5.035,-6.457,-0.053,0.924,0.376,Frame_313,,28.07
10:42:16.273,-5.032,-6.452,-0.069,0.958,0.363,Frame_313,,28.07
10:42:16.773,-5.028,-6.445,-0.055,1.020,0.357,Frame_313,,28.07
10:42:17.273,-5.026,-6.439,-0.041,1.062,0.334,Frame_313,,28.07
10:42:17.773,-5.025,-6.434,-0.028,1.119,0.328,Frame_314,,28.07
10:42:18.273,-5.024,-6.431,-0.020,1.143,0.317,Frame_314,,28.07
10:42:18.778,-5.024,-6.430,0.006,1.165,0.311,Frame_314,,28.07
10:42:19.275,-5.024,-6.431,0.016,1.188,0.324,Frame_314,,28.07
10:42:19.773,-5.023,-6.434,0.042,1.192,0.321,Frame_314,,28.07
10:42:20.273,-5.019,-6.439,0.056,1.162,0.324,Frame_314,,28.07
10:42:20.773,-5.013,-6.446,0.133,1.122,0.342,Frame_314,,28.07
10:42:21.273,-5.002,-6.455,0.242,1.047,0.345,Frame_314,,28.07
10:42:21.773,-4.964,-6.480,0.312,1.009,0.385,Frame_315,,28.07
10:42:22.273,-4.924,-6.498,0.423,0.837,0.390,Frame_315,,28.07
10:42:22.773,-4.874,-6.514,0.470,0.717,0.427,Frame_315,,28.07
10:42:23.273,-4.799,-6.531,0.502,0.594,0.460,Frame_315,,28.07
10:42:23.773,-4.739,-6.540,0.500,0.515,0.467,Frame_315,,28.07
10:42:24.273,-4.677,-6.544,0.523,0.434,0.491,Frame_315,,28.07
10:42:24.773,-4.581,-6.545,0.535,0.347,0.494,Frame_315,,28.07
10:42:25.273,-4.495,-6.540,0.551,0.244,0.497,Frame_316,,28.07
10:42:25.773,-4.419,-6.533,0.539,0.156,0.496,Frame_316,,28.42
10:42:26.273,-4.355,-6.526,0.525,0.092,0.488,Frame_316,,28.42
10:42:26.773,-4.274,-6.515,0.487,0.007,0.472,Frame_316,,28.42
10:42:27.273,-4.208,-6.507,0.460,-0.005,0.463,Frame_316,,28.42
10:42:27.773,-4.146,-6.499,0.427,-0.107,0.453,Frame_316,,28.42
10:42:28.273,-4.096,-6.493,0.412,-0.124,0.455,Frame_316,,28.42
10:42:28.773,-4.038,-6.487,0.412,-0.064,0.441,Frame_317,,28.42
10:42:29.273,-3.973,-6.480,0.396,-0.022,0.436,Frame_317,,28.42
10:42:29.773,-3.927,-6.476,0.372,-0.102,0.435,Frame_317,,28.42
10:42:30.273,-3.868,-6.472,0.359,-0.118,0.411,Frame_317,,28.42
10:42:30.773,-3.819,-6.469,0.355,0.023,0.413,Frame_317,,28.43
10:42:31.273,-3.768,-6.466,0.372,0.056,0.419,Frame_317,,28.43
10:42:31.773,-3.717,-6.462,0.354,0.052,0.410,Frame_317,,28.43
10:42:32.281,-3.674,-6.459,0.343,0.035,0.411,Frame_318,,28.43
10:42:32.773,-3.627,-6.455,0.337,0.027,0.403,Frame_318,,28.43
10:42:33.273,-3.574,-6.451,0.330,0.049,0.403,Frame_318,,28.43
10:42:33.773,-3.541,-6.447,0.321,0.088,0.402,Frame_318,,28.43
10:42:34.273,-3.488,-6.442,0.334,0.104,0.395,Frame_318,,28.43
10:42:34.773,-3.441,-6.437,0.342,0.100,0.394,Frame_318,,28.43
10:42:35.273,-3.395,-6.430,0.331,0.183,0.374,Frame_318,,28.43
10:42:35.773,-3.355,-6.424,0.336,0.239,0.372,Frame_319,,28.43
10:42:36.273,-3.308,-6.416,0.369,0.261,0.362,Frame_319,,28.43
10:42:36.773,-3.257,-6.404,0.347,0.318,0.366,Frame_319,,28.43
10:42:37.273,-3.217,-6.394,0.374,0.375,0.359,Frame_319,,28.43
10:42:37.773,-3.165,-6.378,0.394,0.462,0.355,Frame_319,,28.43
10:42:38.273,-3.107,-6.355,0.380,0.522,0.323,Frame_319,,28.43
10:42:38.780,-3.062,-6.333,0.342,0.638,0.326,Frame_319,,28.43
10:42:39.273,-3.028,-6.313,0.335,0.718,0.299,Frame_319,,28.43
10:42:39.773,-2.989,-6.285,0.384,0.720,0.287,Frame_320,,28.43
10:42:40.273,-2.949,-6.250,0.416,0.728,0.291,Frame_320,,28.43
10:42:40.773,-2.916,-6.214,0.393,0.770,0.304,Frame_320,,28.45
10:42:41.281,-2.879,-6.164,0.402,0.765,0.299,Frame_320,,28.45
10:42:41.773,-2.853,-6.122,0.444,0.708,0.293,Frame_320,,28.45
10:42:42.274,-2.827,-6.065,0.463,0.692,0.307,Frame_320,,28.45
10:42:42.773,-2.804,-6.003,0.490,0.602,0.306,Frame_320,,28.45
10:42:43.273,-2.786,-5.935,0.512,0.530,0.315,Frame_321,,28.45
10:42:43.773,-2.771,-5.852,0.551,0.451,0.354,Frame_321,,28.45
10:42:44.273,-2.763,-5.786,0.549,0.342,0.360,Frame_321,,28.45
10:42:44.773,-2.757,-5.708,0.569,0.192,0.366,Frame_321,,28.45
10:42:45.273,-2.754,-5.617,0.564,0.076,0.369,Frame_321,,28.45
10:42:45.773,-2.751,-5.503,0.562,0.032,0.372,Frame_321,,28.47
10:42:46.273,-2.749,-5.392,0.552,0.019,0.394,Frame_322,,28.47
10:42:46.773,-2.747,-5.282,0.543,0.032,0.395,Frame_322,,28.47
10:42:47.273,-2.747,-5.193,0.562,0.017,0.385,Frame_322,,28.47
10:42:47.773,-2.746,-5.082,0.550,0.015,0.390,Frame_322,,28.47
10:42:48.273,-2.746,-5.005,0.553,0.013,0.386,Frame_322,,28.47
10:42:48.773,-2.746,-4.895,0.558,0.011,0.396,Frame_322,,28.47
10:42:49.273,-2.746,-4.794,0.561,0.021,0.394,Frame_323,,28.47
10:42:49.773,-2.747,-4.693,0.557,0.028,0.384,Frame_323,,28.47
10:42:50.273,-2.747,-4.604,0.564,0.022,0.392,Frame_323,,28.47
10:42:50.773,-2.748,-4.494,0.556,0.010,0.386,Frame_323,,28.47
10:42:51.276,-2.750,-4.393,0.566,0.005,0.383,Frame_323,,28.47
10:42:51.773,-2.751,-4.282,0.545,-0.021,0.385,Frame_324,,28.47
10:42:52.273,-2.752,-4.182,0.558,-0.030,0.385,Frame_324,,28.47
10:42:52.773,-2.752,-4.070,0.549,-0.017,0.387,Frame_324,,28.47
10:42:53.273,-2.753,-3.981,0.566,-0.012,0.379,Frame_324,,28.47
10:42:53.773,-2.753,-3.871,0.538,-0.010,0.388,Frame_324,,28.47
10:42:54.275,-2.753,-3.788,0.506,-0.002,0.381,Frame_324,,28.47
10:42:54.773,-2.752,-3.690,0.467,0.012,0.384,Frame_325,,28.47
10:42:55.273,-2.752,-3.617,0.447,0.038,0.386,Frame_325,,28.47
10:42:55.773,-2.753,-3.538,0.414,0.038,0.380,Frame_325,,28.47
10:42:56.273,-2.754,-3.471,0.405,0.036,0.395,Frame_325,,28.47
10:42:56.773,-2.755,-3.390,0.397,0.049,0.382,Frame_325,,28.47
10:42:57.274,-2.757,-3.314,0.371,0.043,0.389,Frame_326,,28.47
10:42:57.776,-2.760,-3.248,0.366,0.054,0.386,Frame_326,,28.47
10:42:58.273,-2.763,-3.183,0.357,0.053,0.391,Frame_326,,28.47
10:42:58.773,-2.766,-3.134,0.346,0.082,0.379,Frame_326,,28.47
10:42:59.273,-2.770,-3.078,0.349,0.100,0.382,Frame_326,,28.47
10:42:59.774,-2.774,-3.029,0.349,0.118,0.368,Frame_326,,28.47
10:43:00.279,-2.779,-2.974,0.354,0.190,0.380,Frame_327,,28.47
10:43:00.773,-2.786,-2.926,0.347,0.240,0.371,Frame_327,,28.47
10:43:01.273,-2.795,-2.871,0.348,0.282,0.363,Frame_327,,28.47
10:43:01.773,-2.805,-2.820,0.392,0.263,0.360,Frame_327,,28.47
10:43:02.279,-2.818,-2.770,0.348,0.416,0.337,Frame_327,,28.47
10:43:02.776,-2.836,-2.712,0.392,0.451,0.333,Frame_327,,28.47
10:43:03.276,-2.855,-2.662,0.374,0.531,0.313,Frame_327,,28.47
10:43:03.774,-2.881,-2.608,0.364,0.657,0.316,Frame_328,,28.47
10:43:04.273,-2.907,-2.565,0.313,0.761,0.300,Frame_328,,28.47
10:43:04.773,-2.937,-2.525,0.311,0.831,0.307,Frame_328,,28.47
10:43:05.273,-2.959,-2.502,0.301,0.866,0.300,Frame_328,,28.47
10:43:05.773,-2.990,-2.476,0.334,0.864,0.295,Frame_328,,28.49
10:43:06.280,-3.039,-2.444,0.398,0.817,0.289,Frame_328,,28.49
10:43:06.773,-3.082,-2.422,0.439,0.721,0.310,Frame_328,,28.49
10:43:07.273,-3.142,-2.399,0.482,0.641,0.307,Frame_329,,28.49
10:43:07.777,-3.208,-2.381,0.501,0.526,0.312,Frame_329,,28.49
10:43:08.273,-3.248,-2.372,0.521,0.441,0.333,Frame_329,,28.49
10:43:08.773,-3.341,-2.357,0.524,0.389,0.335,Frame_329,,28.49
10:43:09.273,-3.416,-2.350,0.542,0.299,0.351,Frame_329,,28.49
10:43:09.773,-3.504,-2.346,0.552,0.132,0.359,Frame_329,,28.49
10:43:10.273,-3.592,-2.344,0.543,0.074,0.367,Frame_329,,28.49
10:43:10.773,-3.690,-2.343,0.544,0.060,0.363,Frame_330,,28.49
10:43:11.273,-3.775,-2.343,0.526,0.030,0.372,Frame_330,,28.49
10:43:11.775,-3.857,-2.343,0.484,0.013,0.352,Frame_330,,28.49
10:43:12.273,-3.942,-2.344,0.458,0.024,0.365,Frame_330,,28.49
10:43:12.773,-4.023,-2.345,0.445,0.011,0.358,Frame_330,,28.49
10:43:13.273,-4.093,-2.346,0.427,0.012,0.361,Frame_330,,28.49
10:43:13.773,-4.168,-2.347,0.404,0.029,0.374,Frame_331,,28.49
10:43:14.273,-4.231,-2.348,0.380,0.034,0.375,Frame_331,,28.49
10:43:14.773,-4.292,-2.349,0.379,0.022,0.371,Frame_331,,28.49
10:43:15.273,-4.351,-2.351,0.358,0.030,0.366,Frame_331,,28.49
10:43:15.773,-4.407,-2.352,0.337,0.062,0.376,Frame_331,,28.50
10:43:16.273,-4.454,-2.354,0.327,0.100,0.365,Frame_331,,28.50
10:43:16.773,-4.511,-2.357,0.310,0.112,0.372,Frame_332,,28.50
10:43:17.273,-4.548,-2.360,0.288,0.118,0.364,Frame_332,,28.50
10:43:17.776,-4.589,-2.363,0.312,0.108,0.368,Frame_332,,28.50
10:43:18.273,-4.627,-2.367,0.319,0.110,0.366,Frame_332,,28.50
10:43:18.773,-4.671,-2.372,0.329,0.142,0.362,Frame_332,,28.50
10:43:19.273,-4.704,-2.376,0.336,0.190,0.331,Frame_332,,28.50
10:43:19.773,-4.744,-2.382,0.348,0.209,0.347,Frame_332,,28.50
10:43:20.273,-4.803,-2.392,0.322,0.274,0.339,Frame_332,,28.50
10:43:20.773,-4.834,-2.399,0.319,0.345,0.341,Frame_333,,28.50
10:43:21.273,-4.872,-2.409,0.330,0.423,0.327,Frame_333,,28.50
10:43:21.773,-4.922,-2.425,0.337,0.530,0.320,Frame_333,,28.50
10:43:22.273,-4.959,-2.440,0.336,0.606,0.317,Frame_333,,28.50
10:43:22.773,-4.996,-2.458,0.340,0.669,0.312,Frame_333,,28.50
10:43:23.273,-5.036,-2.482,0.344,0.702,0.298,Frame_333,,28.50
10:43:23.781,-5.070,-2.506,0.347,0.740,0.307,Frame_333,,28.50
10:43:24.274,-5.108,-2.540,0.373,0.742,0.301,Frame_333,,28.50
10:43:24.773,-5.139,-2.574,0.402,0.726,0.306,Frame_334,,28.50
10:43:25.273,-5.173,-2.617,0.378,0.738,0.307,Frame_334,,28.50
10:43:25.773,-5.197,-2.656,0.399,0.712,0.300,Frame_334,,28.91
10:43:26.273,-5.223,-2.707,0.423,0.692,0.318,Frame_334,,28.91
10:43:26.773,-5.245,-2.764,0.443,0.636,0.341,Frame_334,,28.91
10:43:27.273,-5.261,-2.817,0.496,0.574,0.344,Frame_334,,28.91
10:43:27.773,-5.276,-2.887,0.527,0.494,0.366,Frame_334,,28.91
10:43:28.273,-5.287,-2.961,0.541,0.403,0.379,Frame_335,,28.91
10:43:28.774,-5.293,-3.025,0.562,0.232,0.384,Frame_335,,28.91
10:43:29.275,-5.297,-3.104,0.565,0.149,0.402,Frame_335,,28.91
10:43:29.773,-5.300,-3.193,0.539,0.073,0.408,Frame_335,,28.91
10:43:30.274,-5.301,-3.280,0.549,0.059,0.410,Frame_335,,28.91
10:43:30.774,-5.302,-3.380,0.559,0.037,0.414,Frame_335,,29.41
10:43:31.274,-5.302,-3.469,0.561,0.029,0.407,Frame_335,,29.41
10:43:31.773,-5.301,-3.558,0.549,0.035,0.412,Frame_336,,29.41
10:43:32.273,-5.300,-3.635,0.527,0.028,0.397,Frame_336,,29.41
10:43:32.773,-5.298,-3.739,0.527,0.022,0.422,Frame_336,,29.41
10:43:33.273,-5.297,-3.813,0.524,0.011,0.408,Frame_336,,29.41
10:43:33.773,-5.295,-3.895,0.489,0.025,0.408,Frame_336,,29.41
10:43:34.273,-5.293,-3.981,0.461,0.009,0.406,Frame_336,,29.41
10:43:34.774,-5.291,-4.044,0.422,0.010,0.414,Frame_337,,29.41
10:43:35.276,-5.289,-4.109,0.393,0.008,0.412,Frame_337,,29.41
10:43:35.776,-5.288,-4.169,0.360,0.010,0.406,Frame_337,,29.66
10:43:36.277,-5.286,-4.233,0.364,0.291,0.408,Frame_337,,29.66
10:43:36.776,-5.282,-4.285,0.377,0.522,0.409,Frame_337,,29.66
10:43:37.278,-5.278,-4.313,-0.081,0.572,0.412,Frame_337,,29.66
10:43:37.773,-5.282,-4.297,-0.236,0.603,0.409,Frame_337,,29.66
10:43:38.273,-5.291,-4.264,-0.250,0.659,0.425,Frame_338,,29.66
10:43:38.773,-5.305,-4.229,-0.206,0.745,0.439,Frame_338,,29.66
10:43:39.273,-5.313,-4.213,0.053,0.540,0.449,Frame_338,,29.66
10:43:39.773,-5.318,-4.205,0.203,0.066,0.471,Frame_338,,29.66
10:43:40.273,-5.312,-4.214,0.293,-0.061,0.482,Frame_338,,29.66
10:43:40.773,-5.299,-4.236,0.397,-0.075,0.470,Frame_338,,29.66
10:43:41.273,-5.282,-4.263,0.443,-0.143,0.458,Frame_338,,29.66
10:43:41.782,-5.252,-4.315,0.511,-0.067,0.417,Frame_339,,29.66
10:43:42.273,-5.210,-4.390,0.560,0.074,0.393,Frame_339,,29.66
10:43:42.773,-5.182,-4.438,0.579,0.105,0.355,Frame_339,,29.66
10:43:43.273,-5.146,-4.498,0.587,0.176,0.325,Frame_339,,29.66
10:43:43.774,-5.091,-4.587,0.545,0.256,0.305,Frame_339,,29.66
10:43:44.273,-5.060,-4.632,0.492,0.273,0.291,Frame_339,,29.66
10:43:44.773,-5.015,-4.694,0.465,0.358,0.285,Frame_339,,29.66
10:43:45.273,-4.973,-4.746,0.498,0.379,0.294,Frame_339,,29.66
10:43:45.775,-4.940,-4.783,0.517,0.360,0.318,Frame_340,,30.05
10:43:46.273,-4.897,-4.828,0.523,0.314,0.340,Frame_340,,30.05
10:43:46.773,-4.836,-4.887,0.529,0.264,0.402,Frame_340,,30.05
10:43:47.274,-4.796,-4.923,0.528,0.273,0.436,Frame_340,,30.05
10:43:47.773,-4.749,-4.963,0.513,0.276,0.461,Frame_340,,30.05
10:43:48.274,-4.708,-4.995,0.517,0.237,0.498,Frame_340,,30.05
10:43:48.773,-4.658,-5.032,0.513,0.214,0.567,Frame_340,,30.05
10:43:49.273,-4.608,-5.068,0.507,0.182,0.594,Frame_340,,30.05
10:43:49.775,-4.552,-5.106,0.474,0.113,0.645,Frame_341,,30.05
10:43:50.273,-4.498,-5.141,0.431,0.087,0.684,Frame_341,,30.05
10:43:50.776,-4.455,-5.168,0.407,0.065,0.751,Frame_341,,30.69
10:43:51.273,-4.407,-5.198,0.398,0.083,0.715,Frame_341,,30.69
10:43:51.773,-4.368,-5.221,0.364,0.074,0.681,Frame_341,,30.69
10:43:52.275,-4.325,-5.247,0.350,0.190,0.624,Frame_341,,30.69
10:43:52.773,-4.282,-5.271,0.348,0.287,0.575,Frame_341,,30.69
10:43:53.273,-4.245,-5.290,0.336,0.305,0.569,Frame_341,,30.69
10:43:53.773,-4.216,-5.304,0.320,0.310,0.534,Frame_342,,30.69
10:43:54.274,-4.171,-5.323,0.285,0.315,0.491,Frame_342,,30.69
10:43:54.773,-4.135,-5.336,0.253,0.320,0.481,Frame_342,,30.69
10:43:55.275,-4.108,-5.345,0.219,0.314,0.455,Frame_342,,30.69
10:43:55.773,-4.084,-5.352,0.186,0.319,0.439,Frame_342,,30.69
10:43:56.286,-4.057,-5.358,0.000,0.044,0.429,Frame_342,"Chiave 4 raccolta! [X: -4.060, Y: -5.357]",30.69
10:43:56.774,-4.059,-5.358,-0.116,0.151,0.423,Frame_342,"Chiave 5 raccolta! [X: -4.057, Y: -5.358]",30.69
10:43:57.274,-4.077,-5.354,-0.145,0.172,0.424,Frame_343,,30.69
10:43:57.784,-4.105,-5.350,-0.244,0.272,0.435,Frame_343,,30.69
10:43:58.273,-4.143,-5.345,-0.281,0.347,0.439,Frame_343,,30.69
10:43:58.773,-4.170,-5.343,-0.255,0.468,0.445,Frame_343,,30.69
10:43:59.273,-4.212,-5.342,-0.204,0.592,0.430,Frame_343,,30.69
10:43:59.773,-4.236,-5.343,-0.176,0.681,0.445,Frame_343,,30.69
10:44:00.274,-4.260,-5.347,-0.107,0.800,0.453,Frame_343,,30.69
10:44:00.773,-4.269,-5.350,-0.064,0.890,0.456,Frame_343,,30.69
10:44:01.273,-4.277,-5.353,-0.052,0.966,0.445,Frame_344,,30.69
10:44:01.773,-4.283,-5.356,-0.058,1.006,0.436,Frame_344,,30.69
10:44:02.273,-4.288,-5.360,-0.043,1.085,0.418,Frame_344,,30.69
10:44:02.773,-4.292,-5.364,-0.018,1.048,0.419,Frame_344,,30.69
10:44:03.273,-4.293,-5.366,-0.012,1.090,0.410,Frame_344,,30.69
10:44:03.773,-4.293,-5.366,0.003,1.112,0.389,Frame_344,,30.69
10:44:04.273,-4.293,-5.365,0.017,1.140,0.376,Frame_344,,30.69
10:44:04.773,-4.292,-5.360,0.050,1.114,0.385,Frame_345,,30.69
10:44:05.273,-4.292,-5.352,0.088,1.070,0.379,Frame_345,,30.69
10:44:05.773,-4.295,-5.336,0.154,0.989,0.376,Frame_345,,30.69
10:44:06.274,-4.300,-5.315,0.232,0.911,0.384,Frame_345,,30.69
10:44:06.778,-4.316,-5.278,0.301,0.851,0.422,Frame_345,,30.69
10:44:07.273,-4.339,-5.239,0.339,0.711,0.463,Frame_345,,30.69
10:44:07.773,-4.359,-5.210,0.364,0.607,0.480,Frame_345,,30.69
10:44:08.273,-4.387,-5.176,0.377,0.532,0.568,Frame_345,,30.69
10:44:08.773,-4.423,-5.138,0.373,0.448,0.604,Frame_346,,30.69
10:44:09.273,-4.461,-5.102,0.385,0.373,0.639,Frame_346,,30.69
10:44:09.773,-4.490,-5.077,0.380,0.302,0.674,Frame_346,,30.69
10:44:10.275,-4.526,-5.049,0.368,0.233,0.722,Frame_346,,30.69
10:44:10.773,-4.561,-5.023,0.366,0.161,0.717,Frame_346,,31.19
10:44:11.273,-4.603,-4.993,0.368,0.087,0.697,Frame_346,,31.19
10:44:11.773,-4.640,-4.967,0.363,0.021,0.668,Frame_346,,31.19
10:44:12.273,-4.682,-4.938,0.359,0.016,0.611,Frame_346,,31.19
10:44:12.773,-4.724,-4.909,0.374,-0.026,0.576,Frame_347,,31.19
10:44:13.273,-4.761,-4.884,0.394,-0.100,0.549,Frame_347,,31.19
10:44:13.773,-4.807,-4.852,0.399,-0.143,0.498,Frame_347,,31.19
10:44:14.273,-4.852,-4.818,0.413,-0.234,0.464,Frame_347,,31.19
10:44:14.774,-4.885,-4.793,0.419,-0.307,0.434,Frame_347,,31.19
10:44:15.273,-4.923,-4.761,0.431,-0.391,0.423,Frame_347,,31.19
10:44:15.783,-4.955,-4.732,0.434,-0.458,0.405,Frame_347,,31.19
10:44:16.276,-4.999,-4.688,0.460,-0.483,0.351,Frame_347,,31.19
10:44:16.784,-5.041,-4.640,0.461,-0.503,0.343,Frame_348,,31.19
10:44:17.273,-5.075,-4.595,0.486,-0.531,0.332,Frame_348,,31.19
10:44:17.773,-5.112,-4.539,0.467,-0.566,0.312,Frame_348,,31.19
10:44:18.279,-5.149,-4.473,0.474,-0.543,0.297,Frame_348,,31.19
10:44:18.773,-5.169,-4.429,0.481,-0.565,0.296,Frame_348,,31.19
10:44:19.273,-5.195,-4.357,0.505,-0.498,0.306,Frame_348,,31.19
10:44:19.773,-5.215,-4.289,0.508,-0.462,0.335,Frame_348,,31.19
10:44:20.273,-5.230,-4.218,0.531,-0.435,0.356,Frame_349,,31.19
10:44:20.773,-5.240,-4.155,0.541,-0.384,0.366,Frame_349,,31.21
10:44:21.273,-5.249,-4.068,0.560,-0.277,0.386,Frame_349,,31.21
10:44:21.773,-5.254,-3.969,0.543,-0.216,0.384,Frame_349,,31.21
10:44:22.273,-5.255,-3.884,0.523,-0.148,0.393,Frame_349,,31.21
10:44:22.777,-5.254,-3.802,0.496,-0.093,0.391,Frame_349,,31.21
10:44:23.273,-5.252,-3.716,0.445,-0.050,0.396,Frame_349,,31.21
10:44:23.773,-5.249,-3.647,0.425,-0.024,0.399,Frame_350,,31.21
10:44:24.273,-5.246,-3.580,0.403,-0.003,0.391,Frame_350,,31.21
10:44:24.773,-5.243,-3.502,0.371,0.006,0.404,Frame_350,,31.21
10:44:25.273,-5.241,-3.435,0.371,-0.005,0.392,Frame_350,,31.21
10:44:25.774,-5.238,-3.370,0.352,0.001,0.390,Frame_350,,31.21
10:44:26.273,-5.236,-3.316,0.326,-0.057,0.388,Frame_351,,31.21
10:44:26.773,-5.234,-3.263,0.325,-0.070,0.392,Frame_351,,31.21
10:44:27.277,-5.230,-3.198,0.331,-0.083,0.386,Frame_351,,31.21
10:44:27.773,-5.228,-3.158,0.323,-0.080,0.374,Frame_351,,31.21
10:44:28.276,-5.223,-3.109,0.306,-0.074,0.381,Frame_351,,31.21
10:44:28.775,-5.220,-3.074,0.284,-0.091,0.372,Frame_351,,31.21
10:44:29.273,-5.215,-3.028,0.288,-0.086,0.378,Frame_352,,31.21
10:44:29.773,-5.211,-2.989,0.268,-0.145,0.373,Frame_352,,31.21
10:44:30.273,-5.205,-2.950,0.282,-0.192,0.373,Frame_352,,31.21
10:44:30.773,-5.197,-2.904,0.327,-0.259,0.370,Frame_352,,31.21
10:44:31.273,-5.189,-2.865,0.344,-0.324,0.352,Frame_352,,31.21
10:44:31.773,-5.176,-2.812,0.339,-0.404,0.353,Frame_352,,31.21
10:44:32.273,-5.164,-2.774,0.351,-0.501,0.345,Frame_352,,31.21
10:44:32.773,-5.142,-2.716,0.418,-0.497,0.326,Frame_352,,31.21
10:44:33.273,-5.117,-2.664,0.376,-0.558,0.320,Frame_353,,31.21
10:44:33.773,-5.095,-2.626,0.331,-0.654,0.306,Frame_353,,31.21
10:44:34.273,-5.071,-2.589,0.287,-0.747,0.299,Frame_353,,31.21
10:44:34.773,-5.048,-2.563,0.309,-0.815,0.284,Frame_353,,31.21
10:44:35.273,-5.016,-2.531,0.346,-0.857,0.289,Frame_353,,31.21
10:44:35.775,-4.977,-2.501,0.389,-0.831,0.290,Frame_353,,31.22
10:44:36.273,-4.928,-2.473,0.426,-0.753,0.289,Frame_353,,31.22
10:44:36.774,-4.873,-2.447,0.466,-0.697,0.294,Frame_354,,31.22
10:44:37.273,-4.810,-2.426,0.480,-0.629,0.303,Frame_354,,31.22
10:44:37.783,-4.754,-2.411,0.449,-0.104,0.303,Frame_354,,31.22
10:44:38.273,-4.692,-2.397,0.466,0.171,0.336,Frame_354,,31.22
10:44:38.773,-4.626,-2.381,0.522,0.175,0.330,Frame_354,,31.22
10:44:39.280,-4.564,-2.365,0.556,0.165,0.345,Frame_354,,31.22
10:44:39.773,-4.491,-2.343,0.543,0.248,0.361,Frame_354,,31.22
10:44:40.273,-4.409,-2.315,0.525,0.205,0.370,Frame_355,,31.22
10:44:40.773,-4.360,-2.297,0.517,0.158,0.386,Frame_355,,31.17
10:44:41.273,-4.283,-2.267,0.519,0.115,0.412,Frame_355,,31.17
10:44:41.776,-4.216,-2.239,0.516,0.064,0.431,Frame_355,,31.17
10:44:42.273,-4.151,-2.211,0.504,0.019,0.464,Frame_355,,31.17
10:44:42.782,-4.076,-2.179,0.512,-0.006,0.474,Frame_355,,31.17
10:44:43.273,-4.029,-2.159,0.520,-0.016,0.485,Frame_355,,31.17
10:44:43.773,-3.972,-2.135,0.530,-0.017,0.521,Frame_355,,31.17
10:44:44.273,-3.882,-2.096,0.556,-0.025,0.541,Frame_356,,31.17
10:44:44.773,-3.819,-2.070,0.576,-0.014,0.576,Frame_356,,31.17
10:44:45.273,-3.734,-2.034,0.576,0.006,0.589,Frame_356,,31.17
10:44:45.773,-3.659,-2.003,0.579,0.049,0.609,Frame_356,,31.17
10:44:46.273,-3.584,-1.971,0.590,0.067,0.631,Frame_356,,31.17
10:44:46.773,-3.500,-1.934,0.501,0.022,0.608,Frame_356,,31.17
10:44:47.273,-3.453,-1.913,0.193,-0.099,0.571,Frame_356,,31.17
10:44:47.773,-3.439,-1.907,-0.026,0.178,0.566,Frame_357,,31.17
10:44:48.273,-3.445,-1.910,-0.098,0.418,0.572,Frame_357,,31.17
10:44:48.773,-3.461,-1.919,-0.135,0.607,0.558,Frame_357,,31.17
10:44:49.273,-3.476,-1.928,-0.140,0.617,0.586,Frame_357,,31.17
10:44:49.773,-3.496,-1.943,-0.176,0.687,0.600,Frame_357,,31.17
10:44:50.273,-3.511,-1.957,-0.195,0.676,0.617,Frame_357,,31.17
10:44:50.773,-3.535,-1.984,-0.202,0.648,0.629,Frame_357,,31.17
10:44:51.274,-3.549,-2.004,-0.198,0.613,0.601,Frame_358,,31.17
10:44:51.773,-3.564,-2.028,-0.204,0.576,0.569,Frame_358,,31.17
10:44:52.273,-3.579,-2.057,-0.204,0.516,0.545,Frame_358,,31.17
10:44:52.773,-3.589,-2.083,-0.187,0.494,0.501,Frame_358,,31.17
10:44:53.274,-3.598,-2.112,-0.175,0.474,0.491,Frame_358,,31.17
10:44:53.774,-3.605,-2.138,-0.158,0.443,0.448,Frame_358,,31.17
10:44:54.273,-3.608,-2.161,-0.147,0.455,0.434,Frame_358,,31.17
10:44:54.773,-3.610,-2.178,-0.140,0.441,0.394,Frame_359,,31.17
10:44:55.273,-3.611,-2.202,-0.123,0.447,0.391,Frame_359,,31.17
10:44:55.784,-3.611,-2.218,-0.101,0.444,0.363,Frame_359,,31.17
10:44:56.273,-3.609,-2.236,-0.094,0.458,0.349,Frame_359,,31.17
10:44:56.773,-3.606,-2.250,-0.091,0.435,0.333,Frame_359,,31.17
10:44:57.273,-3.604,-2.259,-0.078,0.480,0.327,Frame_359,,31.17
10:44:57.773,-3.601,-2.270,-0.060,0.486,0.312,Frame_359,,31.17
10:44:58.275,-3.597,-2.278,-0.088,0.444,0.297,Frame_360,,31.17
10:44:58.774,-3.591,-2.291,-0.097,0.404,0.295,Frame_360,,31.17
10:44:59.274,-3.585,-2.302,-0.097,0.416,0.285,Frame_360,,31.17
10:44:59.773,-3.578,-2.313,-0.079,0.419,0.258,Frame_360,,31.17
10:45:00.273,-3.572,-2.321,-0.066,0.414,0.263,Frame_360,,31.17
10:45:00.773,-3.567,-2.327,-0.038,0.314,0.256,Frame_360,,31.17
10:45:01.283,-3.564,-2.331,-0.039,0.261,0.241,Frame_361,,31.17
10:45:01.773,-3.561,-2.334,-0.025,0.209,0.244,Frame_361,,31.17
10:45:02.273,-3.559,-2.336,-0.020,0.186,0.234,Frame_361,,31.17
10:45:02.773,-3.557,-2.338,-0.023,0.163,0.232,Frame_361,,31.17
10:45:03.276,-3.554,-2.340,-0.017,0.147,0.235,Frame_361,,31.17
10:45:03.773,-3.553,-2.341,-0.015,0.136,0.248,Frame_361,,31.17
10:45:04.274,-3.551,-2.343,-0.014,0.129,0.235,Frame_361,,31.17
10:45:04.773,-3.549,-2.344,-0.022,0.122,0.246,Frame_361,,31.17
10:45:05.273,-3.548,-2.345,-0.008,0.125,0.239,Frame_362,,31.17
10:45:05.773,-3.547,-2.346,-0.012,0.117,0.245,Frame_362,,31.17
10:45:06.273,-3.545,-2.347,-0.008,0.126,0.244,Frame_362,,31.17
10:45:06.773,-3.545,-2.347,-0.002,0.127,0.235,Frame_362,,31.17
10:45:07.273,-3.545,-2.347,-0.001,0.120,0.234,Frame_362,,31.17
10:45:07.773,-3.544,-2.348,-0.004,0.123,0.238,Frame_362,,31.17
10:45:08.274,-3.544,-2.348,-0.000,0.125,0.235,Frame_362,,31.17
10:45:08.782,-3.544,-2.348,-0.008,0.122,0.244,Frame_363,,31.17
10:45:09.273,-3.543,-2.349,-0.005,0.133,0.235,Frame_363,,31.17
10:45:09.773,-3.542,-2.349,-0.006,0.139,0.244,Frame_363,,31.17
10:45:10.273,-3.542,-2.349,-0.001,0.142,0.238,Frame_363,,31.17
10:45:10.776,-3.542,-2.349,0.004,0.138,0.249,Frame_363,,31.17
10:45:11.273,-3.543,-2.349,0.039,0.136,0.239,Frame_363,,31.17
10:45:11.773,-3.548,-2.347,0.015,0.138,0.251,Frame_363,,31.17
10:45:12.273,-3.549,-2.346,0.012,0.152,0.251,Frame_363,,31.17
10:45:12.773,-3.551,-2.345,0.015,0.152,0.241,Frame_364,,31.17
10:45:13.273,-3.552,-2.345,0.011,0.153,0.245,Frame_364,,31.17
10:45:13.773,-3.556,-2.343,0.056,0.236,0.257,Frame_364,,31.17
10:45:14.273,-3.563,-2.341,0.082,0.315,0.262,Frame_364,,31.17
10:45:14.773,-3.571,-2.338,0.084,0.352,0.261,Frame_364,,31.17
10:45:15.277,-3.585,-2.335,0.077,0.354,0.272,Frame_364,,31.17
10:45:15.774,-3.597,-2.333,0.123,0.292,0.281,Frame_364,,31.17
10:45:16.275,-3.617,-2.330,0.121,0.256,0.268,Frame_364,,31.17
10:45:16.773,-3.633,-2.328,0.098,0.213,0.288,Frame_365,,31.17
10:45:17.273,-3.642,-2.327,0.119,0.206,0.295,Frame_365,,31.17
10:45:17.774,-3.659,-2.326,0.121,0.203,0.300,Frame_365,,31.17
10:45:18.273,-3.673,-2.326,0.117,0.173,0.300,Frame_365,,31.17
10:45:18.773,-3.688,-2.326,0.097,0.151,0.300,Frame_365,,31.17
10:45:19.286,-3.704,-2.326,0.123,0.134,0.313,Frame_365,,31.17
10:45:19.776,-3.718,-2.326,0.123,0.128,0.310,Frame_366,,31.17
10:45:20.273,-3.734,-2.327,0.102,0.098,0.314,Frame_366,,31.17
10:45:20.774,-3.753,-2.328,0.115,0.074,0.312,Frame_366,,31.17
10:45:21.277,-3.773,-2.330,0.103,0.066,0.320,Frame_366,,31.17
10:45:21.779,-3.788,-2.331,0.101,0.058,0.320,Frame_366,,31.17
10:45:22.273,-3.808,-2.333,0.120,0.036,0.310,Frame_366,,31.17
10:45:22.774,-3.824,-2.335,0.103,0.022,0.322,Frame_366,,31.17
10:45:23.273,-3.841,-2.337,0.104,0.017,0.324,Frame_367,,31.17
10:45:23.774,-3.857,-2.339,0.118,-0.004,0.318,Frame_367,,31.17
10:45:24.273,-3.877,-2.341,0.097,-0.010,0.325,Frame_367,,31.17
10:45:24.773,-3.894,-2.343,0.109,-0.016,0.317,Frame_367,,31.17
10:45:25.273,-3.909,-2.344,0.112,0.002,0.321,Frame_367,,31.17
10:45:25.773,-3.925,-2.346,0.092,0.002,0.316,Frame_367,,31.17
10:45:26.273,-3.940,-2.348,0.072,0.006,0.317,Frame_368,,31.17
10:45:26.773,-3.952,-2.349,0.106,0.011,0.324,Frame_368,,31.17
10:45:27.273,-3.969,-2.351,0.107,-0.016,0.323,Frame_368,,31.17
10:45:27.773,-3.986,-2.353,0.088,-0.018,0.322,Frame_368,,31.17
10:45:28.280,-4.002,-2.354,0.104,-0.017,0.316,Frame_368,,31.17
10:45:28.773,-4.019,-2.356,0.095,-0.017,0.317,Frame_368,,31.17
10:45:29.273,-4.033,-2.358,0.070,0.003,0.325,Frame_369,,31.17
10:45:29.779,-4.042,-2.358,0.063,0.024,0.308,Frame_369,,31.17
10:45:30.273,-4.049,-2.359,0.023,0.028,0.319,Frame_369,,31.17
10:45:30.773,-4.054,-2.360,0.029,0.024,0.311,Frame_369,,31.17
10:45:31.273,-4.059,-2.360,0.022,0.021,0.324,Frame_369,,31.17
10:45:31.773,-4.062,-2.361,0.020,0.025,0.328,Frame_369,,31.17
10:45:32.273,-4.067,-2.361,0.044,0.024,0.320,Frame_369,,31.17
10:45:32.774,-4.072,-2.362,0.024,0.000,0.322,Frame_370,,31.17
10:45:33.273,-4.075,-2.362,0.017,0.007,0.307,Frame_370,,31.17
10:45:33.773,-4.079,-2.363,0.017,0.013,0.324,Frame_370,,31.17
10:45:34.273,-4.081,-2.363,0.021,0.026,0.324,Frame_370,,31.17
10:45:34.781,-4.085,-2.363,0.016,0.038,0.316,Frame_370,,31.17
10:45:35.276,-4.089,-2.364,0.033,0.035,0.322,Frame_371,,31.17
10:45:35.773,-4.093,-2.365,0.021,0.032,0.322,Frame_371,,31.17
10:45:36.273,-4.096,-2.365,0.016,0.040,0.329,Frame_371,,31.17
10:45:36.773,-4.099,-2.366,0.024,0.020,0.328,Frame_371,,31.17
10:45:37.273,-4.102,-2.366,0.013,0.036,0.326,Frame_371,,31.17
10:45:37.773,-4.104,-2.366,0.025,0.032,0.318,Frame_371,,31.17
10:45:38.273,-4.107,-2.367,0.016,0.034,0.324,Frame_371,,31.17
10:45:38.776,-4.109,-2.367,0.021,0.024,0.331,Frame_372,,31.17
10:45:39.273,-4.111,-2.368,0.011,0.027,0.324,Frame_372,,31.17
10:45:39.774,-4.114,-2.368,0.021,0.022,0.321,Frame_372,,31.17
10:45:40.276,-4.116,-2.369,0.014,0.032,0.318,Frame_372,,31.17
10:45:40.773,-4.118,-2.369,0.018,0.028,0.323,Frame_372,,31.18
10:45:41.273,-4.120,-2.369,0.020,-0.003,0.311,Frame_372,,31.18
10:45:41.773,-4.123,-2.370,0.036,-0.012,0.327,Frame_372,,31.18
10:45:42.273,-4.128,-2.371,0.064,-0.020,0.332,Frame_373,,31.18
10:45:42.773,-4.134,-2.372,0.022,0.001,0.318,Frame_373,,31.18
10:45:43.273,-4.137,-2.372,0.014,0.012,0.322,Frame_373,,31.18
10:45:43.773,-4.138,-2.373,0.014,-0.010,0.328,Frame_373,,31.18
10:45:44.273,-4.141,-2.373,0.017,-0.030,0.326,Frame_373,,31.18
10:45:44.773,-4.142,-2.373,0.010,-0.027,0.321,Frame_373,,31.18
10:45:45.273,-4.143,-2.373,0.007,-0.006,0.310,Frame_373,,31.18
